﻿<?xml version="1.0" encoding="utf-8"?>


<EntityTypes>

	<EntityType name="bob" gravityInfluence="1.0" jumpHeightMultiplier="1.0" maxVelocity2D="4,3" flags="Player">
		<Controller type="Player1"/>
		<Appearance size="0.8,0.8">
			<BaseImage spriteSheet="basics" spriteCoords="2,3" tint="255,255,255"/>
			<HealthBar type="overheadWhenDamaged"/>
		</Appearance>
		<Trigger type="event" event="shoot">
			<SpawnEntityAtSelf value="Bullet"/>
		</Trigger>
	</EntityType>
	

	
	<EntityType name="Peach" gravityInfluence="0.6" jumpHeightMultiplier="1.5" maxVelocity2D="4,3" flags="Player">
		<Controller type="Player2"/>
		<Appearance size="0.8,0.8">
			<BaseImage spriteSheet="basics" spriteCoords="27,13" tint="255,255,255"/>
		</Appearance>
	</EntityType>

	
	<EntityType name="Link" maxVelocity2D="4,4">
		<Controller type="Player1"/>
		<Appearance size="0.8,0.8">
			<BaseImage spriteSheet="basics" spriteCoords="18,13" tint="100,255,100"/>
		</Appearance>
	</EntityType>

	
	<EntityType name="Goblin Guard">
		<Controller type="AI" strategy="Roam"/>
		<Properties>
			<IfBlocked value="turnAround"/>
		</Properties>
		<Appearance size=".7,.7">
			<BaseImage spriteSheet="basics" spriteCoords="18,15" tint="150,255,150"/>
		</Appearance>
	</EntityType>

	
	<EntityType name="Giant Goblin" jumpHeightMultiplier="2.0">
		<Controller type="AI" strategy="Confused"/>
		<Appearance size="1.4,1.4">
			<BaseImage spriteSheet="basics" spriteCoords="19,15" tint="150,255,150"/>
			<OverlayImage spriteSheet="basics" spriteCoords="18,4" blendMode="alpha" tint="255,255,0"/>
		</Appearance>
		<Trigger type="age" ageInSeconds="2">
			<ChangeBaseSpriteTint value="255,0,0"/>
		</Trigger>
		<Trigger type="age" ageInSeconds="4">
			<ChangeBaseSpriteTint value="255,255,255"/>
		</Trigger>
		<Trigger type="age" ageInSeconds="6">
			<ChangeBaseSpriteCoords value="31,16"/>
		</Trigger>
		<Trigger type="age" ageInSeconds="8">
			<ChangeOverlaySpriteCoords value="18,7"/>
		</Trigger>
		<Trigger type="age" ageInSeconds="10">
			<ChangeOverlaySpriteTint value="150,255,255"/>
		</Trigger>
	</EntityType>

	
	<EntityType name="Confused Goblin">
		<Controller type="AI" strategy="Confused"/>
		<Appearance size=".7,.7">
			<BaseImage spriteSheet="basics" spriteCoords="19,15" tint="150,255,150"/>
		</Appearance>
	</EntityType>

	
	<EntityType name="Bullet" maxVelocity2D="10,10" gravityInfluence="0.0" flags="Projectile" fastInAirAcceleration="true">
		<Controller type="AI" strategy="Roam"/>
		<Trigger type="startOverlapWithEntity" ifOtherHasFlags="!Player">
			<DamageOther value="100"/>
			<DamageSelf value="100"/>
		</Trigger>
		<Trigger type="age" ageInSeconds="1">
			<DamageSelf value="100"/>
		</Trigger>
		<Properties>
			<IfBlocked value="die"/>
		</Properties>
		<Appearance size="0.20,0.20">
			<BaseImage spriteSheet="basics" spriteCoords="30,1" tint="255,255,255"/>
		</Appearance>
	</EntityType>

</EntityTypes>
