﻿<?xml version="1.0" encoding="utf-8"?>
<Map numberOfTilesInViewVertically="22" maximumCoordinates="18,21" officialName="Top View Test Map #1" view="top">
	<Tiles>
		<Tile position="0,0" tileMaterial="dirt"/>
		<Tile position="1,0" tileMaterial="dirt"/>
		<Tile position="2,0" tileMaterial="dirt"/>
		<Tile position="3,0" tileMaterial="dirt"/>
		<Tile position="4,0" tileMaterial="dirt"/>
		<Tile position="5,0" tileMaterial="dirt"/>
		<Tile position="6,0" tileMaterial="dirt"/>
		<Tile position="7,0" tileMaterial="dirt"/>
		<Tile position="8,0" tileMaterial="dirt"/>
		<Tile position="9,0" tileMaterial="dirt"/>
		<Tile position="10,0" tileMaterial="dirt"/>
		<Tile position="11,0" tileMaterial="dirt"/>
		<Tile position="12,0" tileMaterial="dirt"/>
		<Tile position="13,0" tileMaterial="dirt"/>
		<Tile position="14,0" tileMaterial="dirt"/>
		<Tile position="15,0" tileMaterial="dirt"/>
		<Tile position="16,0" tileMaterial="dirt"/>
		<Tile position="17,0" tileMaterial="dirt"/>
		<Tile position="18,0" tileMaterial="dirt"/>
		<Tile position="0,1" tileMaterial="dirt"/>
		<Tile position="9,1" tileMaterial="dirt"/>
		<Tile position="18,1" tileMaterial="dirt"/>
		<Tile position="0,2" tileMaterial="dirt"/>
		<Tile position="2,2" tileMaterial="dirt"/>
		<Tile position="3,2" tileMaterial="dirt"/>
		<Tile position="5,2" tileMaterial="dirt"/>
		<Tile position="6,2" tileMaterial="dirt"/>
		<Tile position="7,2" tileMaterial="dirt"/>
		<Tile position="9,2" tileMaterial="dirt"/>
		<Tile position="11,2" tileMaterial="dirt"/>
		<Tile position="12,2" tileMaterial="dirt"/>
		<Tile position="13,2" tileMaterial="dirt"/>
		<Tile position="15,2" tileMaterial="dirt"/>
		<Tile position="16,2" tileMaterial="dirt"/>
		<Tile position="18,2" tileMaterial="dirt"/>
		<Tile position="0,3" tileMaterial="dirt"/>
		<Tile position="2,3" tileMaterial="dirt"/>
		<Tile position="3,3" tileMaterial="dirt"/>
		<Tile position="5,3" tileMaterial="dirt"/>
		<Tile position="6,3" tileMaterial="dirt"/>
		<Tile position="7,3" tileMaterial="dirt"/>
		<Tile position="9,3" tileMaterial="dirt"/>
		<Tile position="11,3" tileMaterial="dirt"/>
		<Tile position="12,3" tileMaterial="dirt"/>
		<Tile position="13,3" tileMaterial="dirt"/>
		<Tile position="15,3" tileMaterial="dirt"/>
		<Tile position="16,3" tileMaterial="dirt"/>
		<Tile position="18,3" tileMaterial="dirt"/>
		<Tile position="0,4" tileMaterial="dirt"/>
		<Tile position="18,4" tileMaterial="dirt"/>
		<Tile position="0,5" tileMaterial="dirt"/>
		<Tile position="2,5" tileMaterial="dirt"/>
		<Tile position="3,5" tileMaterial="dirt"/>
		<Tile position="5,5" tileMaterial="dirt"/>
		<Tile position="7,5" tileMaterial="dirt"/>
		<Tile position="8,5" tileMaterial="dirt"/>
		<Tile position="9,5" tileMaterial="dirt"/>
		<Tile position="10,5" tileMaterial="dirt"/>
		<Tile position="11,5" tileMaterial="dirt"/>
		<Tile position="13,5" tileMaterial="dirt"/>
		<Tile position="15,5" tileMaterial="dirt"/>
		<Tile position="16,5" tileMaterial="dirt"/>
		<Tile position="18,5" tileMaterial="dirt"/>
		<Tile position="0,6" tileMaterial="dirt"/>
		<Tile position="5,6" tileMaterial="dirt"/>
		<Tile position="9,6" tileMaterial="dirt"/>
		<Tile position="13,6" tileMaterial="dirt"/>
		<Tile position="18,6" tileMaterial="dirt"/>
		<Tile position="0,7" tileMaterial="dirt"/>
		<Tile position="1,7" tileMaterial="dirt"/>
		<Tile position="2,7" tileMaterial="dirt"/>
		<Tile position="3,7" tileMaterial="dirt"/>
		<Tile position="5,7" tileMaterial="dirt"/>
		<Tile position="6,7" tileMaterial="dirt"/>
		<Tile position="7,7" tileMaterial="dirt"/>
		<Tile position="9,7" tileMaterial="dirt"/>
		<Tile position="11,7" tileMaterial="dirt"/>
		<Tile position="12,7" tileMaterial="dirt"/>
		<Tile position="13,7" tileMaterial="dirt"/>
		<Tile position="15,7" tileMaterial="dirt"/>
		<Tile position="16,7" tileMaterial="dirt"/>
		<Tile position="17,7" tileMaterial="dirt"/>
		<Tile position="18,7" tileMaterial="dirt"/>
		<Tile position="3,8" tileMaterial="dirt"/>
		<Tile position="5,8" tileMaterial="dirt"/>
		<Tile position="13,8" tileMaterial="dirt"/>
		<Tile position="15,8" tileMaterial="dirt"/>
		<Tile position="0,9" tileMaterial="dirt"/>
		<Tile position="1,9" tileMaterial="dirt"/>
		<Tile position="2,9" tileMaterial="dirt"/>
		<Tile position="3,9" tileMaterial="dirt"/>
		<Tile position="5,9" tileMaterial="dirt"/>
		<Tile position="7,9" tileMaterial="dirt"/>
		<Tile position="8,9" tileMaterial="dirt"/>
		<Tile position="9,9" tileMaterial="lockedDoor"/>
		<Tile position="10,9" tileMaterial="dirt"/>
		<Tile position="11,9" tileMaterial="dirt"/>
		<Tile position="13,9" tileMaterial="dirt"/>
		<Tile position="15,9" tileMaterial="dirt"/>
		<Tile position="16,9" tileMaterial="dirt"/>
		<Tile position="17,9" tileMaterial="dirt"/>
		<Tile position="18,9" tileMaterial="dirt"/>
		<Tile position="0,10" tileMaterial="teleporter1"/>
		<Tile position="1,10" tileMaterial="teleportEntrance"/>
		<Tile position="7,10" tileMaterial="dirt"/>
		<Tile position="8,10" tileMaterial="dirt"/>
		<Tile position="9,10" tileMaterial="teleporterToLevel2"/>
		<Tile position="10,10" tileMaterial="dirt"/>
		<Tile position="11,10" tileMaterial="dirt"/>
		<Tile position="17,10" tileMaterial="teleportEntrance"/>
		<Tile position="18,10" tileMaterial="teleporter2"/>
		<Tile position="0,11" tileMaterial="dirt"/>
		<Tile position="1,11" tileMaterial="dirt"/>
		<Tile position="2,11" tileMaterial="dirt"/>
		<Tile position="3,11" tileMaterial="dirt"/>
		<Tile position="5,11" tileMaterial="dirt"/>
		<Tile position="7,11" tileMaterial="dirt"/>
		<Tile position="8,11" tileMaterial="dirt"/>
		<Tile position="9,11" tileMaterial="dirt"/>
		<Tile position="10,11" tileMaterial="dirt"/>
		<Tile position="11,11" tileMaterial="dirt"/>
		<Tile position="13,11" tileMaterial="dirt"/>
		<Tile position="15,11" tileMaterial="dirt"/>
		<Tile position="16,11" tileMaterial="dirt"/>
		<Tile position="17,11" tileMaterial="dirt"/>
		<Tile position="18,11" tileMaterial="dirt"/>
		<Tile position="3,12" tileMaterial="dirt"/>
		<Tile position="5,12" tileMaterial="dirt"/>
		<Tile position="13,12" tileMaterial="dirt"/>
		<Tile position="15,12" tileMaterial="dirt"/>
		<Tile position="0,13" tileMaterial="dirt"/>
		<Tile position="1,13" tileMaterial="dirt"/>
		<Tile position="2,13" tileMaterial="dirt"/>
		<Tile position="3,13" tileMaterial="dirt"/>
		<Tile position="5,13" tileMaterial="dirt"/>
		<Tile position="7,13" tileMaterial="dirt"/>
		<Tile position="8,13" tileMaterial="dirt"/>
		<Tile position="9,13" tileMaterial="dirt"/>
		<Tile position="10,13" tileMaterial="dirt"/>
		<Tile position="11,13" tileMaterial="dirt"/>
		<Tile position="13,13" tileMaterial="dirt"/>
		<Tile position="15,13" tileMaterial="dirt"/>
		<Tile position="16,13" tileMaterial="dirt"/>
		<Tile position="17,13" tileMaterial="dirt"/>
		<Tile position="18,13" tileMaterial="dirt"/>
		<Tile position="0,14" tileMaterial="dirt"/>
		<Tile position="9,14" tileMaterial="dirt"/>
		<Tile position="18,14" tileMaterial="dirt"/>
		<Tile position="0,15" tileMaterial="dirt"/>
		<Tile position="2,15" tileMaterial="dirt"/>
		<Tile position="3,15" tileMaterial="dirt"/>
		<Tile position="5,15" tileMaterial="dirt"/>
		<Tile position="6,15" tileMaterial="dirt"/>
		<Tile position="7,15" tileMaterial="dirt"/>
		<Tile position="9,15" tileMaterial="dirt"/>
		<Tile position="11,15" tileMaterial="dirt"/>
		<Tile position="12,15" tileMaterial="dirt"/>
		<Tile position="13,15" tileMaterial="dirt"/>
		<Tile position="15,15" tileMaterial="dirt"/>
		<Tile position="16,15" tileMaterial="dirt"/>
		<Tile position="18,15" tileMaterial="dirt"/>
		<Tile position="0,16" tileMaterial="dirt"/>
		<Tile position="3,16" tileMaterial="dirt"/>
		<Tile position="15,16" tileMaterial="dirt"/>
		<Tile position="18,16" tileMaterial="dirt"/>
		<Tile position="0,17" tileMaterial="dirt"/>
		<Tile position="1,17" tileMaterial="dirt"/>
		<Tile position="3,17" tileMaterial="dirt"/>
		<Tile position="5,17" tileMaterial="dirt"/>
		<Tile position="7,17" tileMaterial="dirt"/>
		<Tile position="8,17" tileMaterial="dirt"/>
		<Tile position="9,17" tileMaterial="dirt"/>
		<Tile position="10,17" tileMaterial="dirt"/>
		<Tile position="11,17" tileMaterial="dirt"/>
		<Tile position="13,17" tileMaterial="dirt"/>
		<Tile position="15,17" tileMaterial="dirt"/>
		<Tile position="17,17" tileMaterial="dirt"/>
		<Tile position="18,17" tileMaterial="dirt"/>
		<Tile position="0,18" tileMaterial="dirt"/>
		<Tile position="5,18" tileMaterial="dirt"/>
		<Tile position="9,18" tileMaterial="dirt"/>
		<Tile position="13,18" tileMaterial="dirt"/>
		<Tile position="18,18" tileMaterial="dirt"/>
		<Tile position="0,19" tileMaterial="dirt"/>
		<Tile position="2,19" tileMaterial="dirt"/>
		<Tile position="3,19" tileMaterial="dirt"/>
		<Tile position="4,19" tileMaterial="dirt"/>
		<Tile position="5,19" tileMaterial="dirt"/>
		<Tile position="6,19" tileMaterial="dirt"/>
		<Tile position="7,19" tileMaterial="dirt"/>
		<Tile position="9,19" tileMaterial="dirt"/>
		<Tile position="11,19" tileMaterial="dirt"/>
		<Tile position="12,19" tileMaterial="dirt"/>
		<Tile position="13,19" tileMaterial="dirt"/>
		<Tile position="14,19" tileMaterial="dirt"/>
		<Tile position="15,19" tileMaterial="dirt"/>
		<Tile position="16,19" tileMaterial="dirt"/>
		<Tile position="18,19" tileMaterial="dirt"/>
		<Tile position="0,20" tileMaterial="dirt"/>
		<Tile position="18,20" tileMaterial="dirt"/>
		<Tile position="0,21" tileMaterial="dirt"/>
		<Tile position="1,21" tileMaterial="dirt"/>
		<Tile position="2,21" tileMaterial="dirt"/>
		<Tile position="3,21" tileMaterial="dirt"/>
		<Tile position="4,21" tileMaterial="dirt"/>
		<Tile position="5,21" tileMaterial="dirt"/>
		<Tile position="6,21" tileMaterial="dirt"/>
		<Tile position="7,21" tileMaterial="dirt"/>
		<Tile position="8,21" tileMaterial="dirt"/>
		<Tile position="9,21" tileMaterial="dirt"/>
		<Tile position="10,21" tileMaterial="dirt"/>
		<Tile position="11,21" tileMaterial="dirt"/>
		<Tile position="12,21" tileMaterial="dirt"/>
		<Tile position="13,21" tileMaterial="dirt"/>
		<Tile position="14,21" tileMaterial="dirt"/>
		<Tile position="15,21" tileMaterial="dirt"/>
		<Tile position="16,21" tileMaterial="dirt"/>
		<Tile position="17,21" tileMaterial="dirt"/>
		<Tile position="18,21" tileMaterial="dirt"/>
	</Tiles>

	<CommandsOnLoad>
		<LoadSound value="Global/Audio/reward"/>
		<LoadSound value="Global/Audio/click"/>
	</CommandsOnLoad>
	
	<Entities>
		<Entity center="9,16" entityType="PacMan"/>
		<Entity center="9,10" entityType="Blinky"/>
		<Entity center="9,10" entityType="Pinky"/>
		<Entity center="9,10" entityType="Inky"/>
		<Entity center="9,10" entityType="Clyde"/>

		<Entity center="4,16" entityType="PowerPellet"/>
		<Entity center="5,16" entityType="Food"/>
		<Entity center="6,16" entityType="Food"/>
		<Entity center="7,16" entityType="Food"/>
		<Entity center="8,16" entityType="Food"/>
		<Entity center="12,16" entityType="MasterKey"/>

		<Entity center="17,10" entityType="TeleporterDestination1"/>
		<Entity center="1,10" entityType="TeleporterDestination2"/>
		<Entity center="9,9" entityType="TeleporterDestination3"/>
  </Entities>
	
</Map>
