<?xml version="1.0" encoding="utf-8"?>
<EntityTypes>

	<EntityType name="Hero" maxVelocity2D="3,3" flags="Player" fullHealth="625">
		<Controller type="Player1"/>
		<Appearance size="1.0,1.0">
			<BaseImage spriteSheet="main" spriteCoords="21,22" tint="255,255,255"/>
			<OverlayImage spriteSheet="main" spriteCoords="0,0" tint="255,255,255"/>
			<HealthBar type="overheadAlways"/>
		</Appearance>
		<Trigger type="event" event="shoot" ifIHaveFlags="HasMace,!HasGun,!HasFist">
			<PlaySound value="Global/Audio/electric-purr"/>
			<SpawnEntityAtSelf value="Thegun"/>
		</Trigger>
		<Trigger type="event" event="shoot" ifIHaveFlags="HasGun,!HasFist">
			<PlaySound value="Global/Audio/electric-purr"/>
			<SpawnEntityAtSelf value="GunBullet"/>
		</Trigger>
        <Trigger type="event" event="shield" ifIHaveFlags="!CannotShield">
            <SpawnEntityAtSelf value="ShieldTimer"/>
            <setflagsonself value="Protected,CannotShield"/>
            <ChangeOverlaySpriteCoords value="10,23"/>
        </Trigger>
        <Trigger type="event" event="shoot" ifIHaveFlags="!Protected">
			<PlaySound value="Global/Audio/electric-purr"/>
			<SpawnEntityAtSelf value="Fistbullet"/>
		</Trigger>
			<Trigger type="event" event="Restore">
			<ChangeOverlaySpriteCoords value="21,22"/>
		</Trigger>
		<Trigger type="event" event="PlayerGotTheGun">
			<ChangeOverlaySpriteCoords value="9,30"/>
		</Trigger>
		<Trigger type="event" event="StopProtection">
			<SetFlagsOnSelf value="!Protected"/>
			<ChangeOverlaySpriteCoords value="0,0"/>
		</Trigger>
		<Trigger type="event" event="ShieldReady">
			<SetFlagsOnSelf value="!CannotShield"/>
		</Trigger>
		<Trigger type="event" event="PlayerGotTheFist">
			<ChangeOverlaySpriteCoords value="1,0"/>
			<ChangeOverlaySpriteTint value="120,120,120"/>
		</Trigger>
		<Trigger type="event" event="KillYourself">
			<DamageSelf value="100"/>
		</Trigger>
		<Trigger type="died">
			<SpawnEntityAtSelf value="EnemybulletToWest4"/>
			<SpawnEntityAtSelf value="EnemybulletToEast4"/>
			<SpawnEntityAtSelf value="EnemybulletTonorth4"/>
			<SpawnEntityAtSelf value="DeathMessage"/>
		</Trigger>
        <Trigger type="event" event="ChangePlayerToDamaged1">
            <ChangeBaseSpriteCoords value="6,0"/>
        </Trigger>
        <Trigger type="event" event="ChangePlayerToDamaged2">
            <ChangeBaseSpriteCoords value="7,0"/>
        </Trigger>
        <Trigger type="event" event="ChangePlayerToDamaged3">
            <ChangeBaseSpriteCoords value="8,0"/>
        </Trigger>
        <Trigger type="event" event="ChangePlayerToDamaged4">
            <ChangeBaseSpriteCoords value="9,0"/>
        </Trigger>
	</EntityType>
    
    <EntityType name="DamageCounter1" fullHealth="4">
        <Trigger type="event" event="PlayerWasPunched">
            <DamageSelf value="1"/>
        </Trigger>
        <Trigger type="died">
            <FireEvent value="ChangePlayerToDamaged1"/>
        </Trigger>
    </EntityType>
	
    <EntityType name="DamageCounter2" fullHealth="8">
        <Trigger type="event" event="PlayerWasPunched">
            <DamageSelf value="1"/>
        </Trigger>
        <Trigger type="died">
            <FireEvent value="ChangePlayerToDamaged2"/>
        </Trigger>
    </EntityType>

    <EntityType name="DamageCounter3" fullHealth="12">
        <Trigger type="event" event="PlayerWasPunched">
            <DamageSelf value="1"/>
        </Trigger>
        <Trigger type="died">
            <FireEvent value="ChangePlayerToDamaged3"/>
        </Trigger>
    </EntityType>
    
    <EntityType name="DamageCounter4" fullHealth="16">
        <Trigger type="event" event="PlayerWasPunched">
            <DamageSelf value="1"/>
        </Trigger>
        <Trigger type="died">
            <FireEvent value="ChangePlayerToDamaged4"/>
        </Trigger>
    </EntityType>
    
	
	<EntityType name="DeathMessage" gravityInfluence="0.0">
		<Trigger type="age" ageInSeconds="3">
			<PlaySound value="Global/Audio/fwup"/>	  
			<SetLargeCenterText value="...and our Hero was never heard from again."/>
			<SetLargeCenterText2 value="Game Over!  You Lose."/>
			<PlaySound value="Global/Audio/gong"/>
			<GameOver value="true"/>
		</Trigger>
  </EntityType>	
	
	<EntityType name="ShootTimer" gravityInfluence="0.0">
    <Appearance size="0.20,0.20">
      <BaseImage spriteSheet="basics" spriteCoords="0,0"/>
    </Appearance>
    <Trigger type="age" ageInSeconds="1">
      <FireEvent value="MonsterShoot"/>
      <SpawnEntityAtSelf value="ShootTimer"/>
      <DamageSelf value="100"/>
    </Trigger>
  </EntityType>
    
    <EntityType name="ShieldTimer" gravityInfluence="0.0">
        <Appearance size="0.20,0.20">
            <BaseImage spriteSheet="basics" spriteCoords="0,0"/>
        </Appearance>
         <Trigger type="age" ageInSeconds=".1">
            <SetLargeCenterText value=""/>
        </Trigger>
        <Trigger type="age" ageInSeconds=".1">
		    <SetLargeCenterText value="PROTECTED"/>
        </Trigger>
         <Trigger type="age" ageInSeconds=".6">
            <SetLargeCenterText value=""/>
        </Trigger>
        <Trigger type="age" ageInSeconds="3">
		    <SetLargeCenterText value="Shield depleted"/>
             <FireEvent value="StopProtection"/>
        </Trigger>
         <Trigger type="age" ageInSeconds="3.5">
            <SetLargeCenterText value=""/>
        </Trigger>
        <Trigger type="age" ageInSeconds="10">
            <FireEvent value="ShieldReady"/>
		    <SetLargeCenterText value="Shield is Ready"/>
        </Trigger>
        <Trigger type="age" ageInSeconds="10.5">
            <SetLargeCenterText value=""/>
            		    <DamageSelf value="100"/>
        </Trigger>
    </EntityType>
  
  <EntityType name="ShootTimerBoss" gravityInfluence="0.0">
    <Appearance size="0.20,0.20">
      <BaseImage spriteSheet="basics" spriteCoords="0,0"/>
    </Appearance>
    <Trigger type="age" ageInSeconds="1">
      <FireEvent value="MonsterShoot"/>
      <SpawnEntityAtSelf value="ShootTimerBoss"/>
      <DamageSelf value="100"/>
    </Trigger>
  </EntityType>


<EntityType name="Boss 1" maxVelocity2D="2,2" flags="Enemy" fullHealth="600">
    <Controller type="AI" strategy="Roam"/>
    <Properties>
        <IfBlocked value="turnAround,turnLeft,turnRight,turnHardLeft,turnHardRight"/>
    </Properties>
    <Appearance size="1.0,1.0">
        <BaseImage spriteSheet="main" spriteCoords="23,21" tint="255,255,255"/>
        <HealthBar type="overheadWhenDamaged"/>
    </Appearance>
    <Trigger type="event" event="MonsterShoot">
        <SpawnEntityAtSelf value="Fistbullet"/>
        <PlaySound value="Global/Audio/fwup"/>
    </Trigger>
    <Trigger type="died">
        <PlaySound value="Global/Audio/eagle"/>
        <SpawnEntityAtSelf value="takeMeToLevel2"/>
    </Trigger>
    <Trigger type="age" ageInSeconds="1">
        <SpawnEntityAtSelf value="EnemyFistbullet"/>
        <PlaySound value="Global/Audio/fwup"/>
    </Trigger>
    <Trigger type="age" ageInSeconds="3">
        <SpawnEntityAtSelf value="EnemyFistbullet"/>
        <PlaySound value="Global/Audio/fwup"/>
        <SetAgeOnSelf value="0"/>
    </Trigger>
</EntityType>

<EntityType name="Bossr2" maxVelocity2D="2,2" flags="Enemy" fullHealth="500">
    <Controller type="AI" strategy="Roam"/>
    <Properties>
        <IfBlocked value="turnAround,turnLeft,turnRight,turnHardLeft,turnHardRight"/>
    </Properties>
    <Appearance size="1.0,1.0">
        <BaseImage spriteSheet="main" spriteCoords="29,26" tint="255,80,80"/>
        <HealthBar type="overheadWhenDamaged"/>
    </Appearance>
    <Trigger type="startOverlapWithEntity" ifOtherHasFlags="Player">
        <DamageOther value="20"/>
        <PlaySound value="Global/Audio/soft-zap"/>
    </Trigger>
    <Trigger type="event" event="MonsterShoot">
        <SpawnEntityAtSelf value="Fistbullet"/>
        <PlaySound value="Global/Audio/fwup"/>
    </Trigger>
    <Trigger type="died">
        <PlaySound value="Global/Audio/eagle"/>
    </Trigger>
    <Trigger type="age" ageInSeconds="1">
        <SpawnEntityAtSelf value="EnemyFistbullet"/>
        <PlaySound value="Global/Audio/fwup"/>
    </Trigger>
    <Trigger type="age" ageInSeconds="3">
        <SpawnEntityAtSelf value="EnemyFistbullet"/>
        <PlaySound value="Global/Audio/fwup"/>
    </Trigger>
    <Trigger type="age" ageInSeconds="4">
        <SpawnEntityAtSelf value="EnemyFistbullet"/>
        <PlaySound value="Global/Audio/fwup"/>
        <SetAgeOnSelf value="0"/>
    </Trigger>
</EntityType>

  
<EntityType name="Boss r2" maxVelocity2D="2,2" flags="Enemy" fullHealth="500">
    <Controller type="AI" strategy="Roam"/>
    <Properties>
      <IfBlocked value="turnAround,turnLeft,turnRight,turnHardLeft,turnHardRight"/>
    </Properties>
    <Appearance size="1.0,1.0">
      <BaseImage spriteSheet="main" spriteCoords="29,26" tint="255,80,80"/>
      <HealthBar type="overheadWhenDamaged"/>
    </Appearance>
    <Trigger type="startOverlapWithEntity" ifOtherHasFlags="Player">
      <DamageOther value="20"/>
      <PlaySound value="Global/Audio/soft-zap"/>
    </Trigger>
    <Trigger type="event" event="MonsterShoot">
      <SpawnEntityAtSelf value="Fistbullet"/>
      <PlaySound value="Global/Audio/fwup"/>
    </Trigger>
    <Trigger type="died">
	  <PlaySound value="Global/Audio/eagle"/>
    </Trigger>
    <Trigger type="age" ageInSeconds="1">
        <SpawnEntityAtSelf value="EnemyFistbullet"/>
        <PlaySound value="Global/Audio/fwup"/>
    </Trigger>
    <Trigger type="age" ageInSeconds="3">
        <SpawnEntityAtSelf value="EnemyFistbullet"/>
        <PlaySound value="Global/Audio/fwup"/>
    </Trigger>
    <Trigger type="age" ageInSeconds="4">
        <SpawnEntityAtSelf value="EnemyFistbullet"/>
        <PlaySound value="Global/Audio/fwup"/>
        <SetAgeOnSelf value="0"/>
    </Trigger>
  </EntityType>


<EntityType name="takeMeToLevel2">
    <Trigger type="age" ageInSeconds=".1">
        <SetWorldText0 value="Knock-out you won.  But challenge awaits.  Now to round 2."/>
        <SetWorldText0Height value="0.4"/>
    </Trigger>
    <Trigger type="age" ageInSeconds="3">
        <ChangeToMap value="green2"/>
    </Trigger>
</EntityType>


<EntityType name="evilfighter" maxVelocity2D="2,2" flags="Enemy" fullHealth="125">
    <Controller type="AI" strategy="Roam"/>
    <Properties>
        <IfBlocked value="turnAround,turnLeft,turnRight,turnHardLeft,turnHardRight"/>
    </Properties>
    <Appearance size="0.95,0.95">
        <BaseImage spriteSheet="main" spriteCoords="17,23" tint="120,120,120"/>
        <HealthBar type="overheadWhenDamaged"/>
    </Appearance>
    <Trigger type="startOverlapWithEntity" ifOtherHasFlags="Player">
        <DamageOther value="20"/>
        <PlaySound value="Global/Audio/soft-zap"/>
    </Trigger>
    <Trigger type="event" event="MonsterShoot">
        <SpawnEntityAtSelf value="MonsterArrow"/>
        <PlaySound value="Global/Audio/fwup"/>
    </Trigger>
    <Trigger type="died">
        <PlaySound value="Global/Audio/eagle"/>
    </Trigger>
    <Trigger type="age" ageInSeconds="1">
        <SpawnEntityAtSelf value="EnemybulletTonorth"/>
        <PlaySound value="Global/Audio/fwup"/>
        <SetAgeOnSelf value="0"/>
    </Trigger>
</EntityType>


	
	
  <EntityType name="GunBullet" maxVelocity2D="10,10" flags="Projectile">
		<Controller type="AI" strategy="Roam"/>
		<Trigger type="startOverlapWithEntity" ifOtherHasFlags="Enemy">
			<DamageOther value="40"/>
			<DamageSelf value="100"/>
		</Trigger>
		<Properties>
			<IfBlocked value="die"/>
		</Properties>
		<Appearance size="0.50,0.50">
			<BaseImage spriteSheet="basics" spriteCoords="23,12"/>
		</Appearance>
	</EntityType>
	

  <EntityType name="Fistbullet" maxVelocity2D="10,10" flags="Projectile">
		<Controller type="AI" strategy="Roam"/>
		<Trigger type="startOverlapWithEntity" ifOtherHasFlags="Enemy">
			<DamageOther value="10"/>
			<DamageSelf value="100"/>
            <SpawnEntityAtSelf value="bloodsplash"/>
		</Trigger>
        <Trigger type="age" ageInSeconds=".06">
            <DamageSelf value="100"/>
        </Trigger>
		<Properties>
			<IfBlocked value="die"/>
		</Properties>
		<Appearance size="1.5,1.5">
			<BaseImage spriteSheet="main" spriteCoords="1,0" tint="120,120,120"/>
		</Appearance>
	</EntityType>
	
    <EntityType name="EnemyFistbullet" maxVelocity2D="10,10" flags="Projectile">
        <Controller type="AI" strategy="Roam"/>
        <Trigger type="startOverlapWithEntity" ifOtherHasFlags="player,!Protected">
            <DamageOther value="50"/>
            <DamageSelf value="100"/>
            <FireEvent value="PlayerWasPunched"/>
            <SpawnEntityAtSelf value="bloodsplash"/>
        </Trigger>
        <Trigger type="startOverlapWithEntity" ifOtherHasFlags="player,Protected">
            <DamageOther value="0"/>
            <DamageSelf value="100"/>
            <!--
            <FireEvent value="PlayerWasPunched"/>
            <SpawnEntityAtSelf value="bloodsplash"/>
            -->
        </Trigger>
        <Trigger type="age" ageInSeconds=".06">
            <DamageSelf value="100"/>
        </Trigger>
        <Properties>
            <IfBlocked value="die"/>
        </Properties>
        <Appearance size="1.5,1.5">
            <BaseImage spriteSheet="main" spriteCoords="1,0" tint="120,120,120"/>
        </Appearance>
    </EntityType>
   
   <EntityType name="bloodsplash">
       <Appearance size=".8,.8">
           <OverlayImage spriteSheet="main" spriteCoords="1,1" tint="120,120,120"/>
       </Appearance>
       <Trigger type="age" ageInSeconds="1.0">
           <DamageSelf value="100"/>
       </Trigger>
    </EntityType>
	
    
    <EntityType name="Skeleton" maxVelocity2D="2,2" flags="Enemy">
		<Controller type="AI" strategy="Roam"/>
		<Properties>
			<IfBlocked value="turnLeft,turnRight,turnAround"/>
		</Properties>
		<Appearance size="0.95,0.95">
			<BaseImage spriteSheet="basics" spriteCoords="30,12" tint="255,255,255"/>
			<HealthBar type="overheadWhenDamaged"/>
		</Appearance>
		<Trigger type="startOverlapWithEntity" ifOtherHasFlags="Player">
			<DamageOther value="10"/>
			<PlaySound value="Global/Audio/soft-zap"/>
		</Trigger>
		<Trigger type="died">
			<PlaySound value="Global/Audio/eagle"/>
		</Trigger>
	</EntityType>


	<EntityType name="SkeletonWithGreenKey" maxVelocity2D="2,2" flags="Enemy">
		<Controller type="AI" strategy="Roam"/>
		<Properties>
			<IfBlocked value="turnLeft,turnRight,turnAround"/>
		</Properties>
		<Appearance size="0.95,0.95">
			<BaseImage spriteSheet="basics" spriteCoords="30,12" tint="255,255,255"/>
			<OverlayImage spriteSheet="basics" spriteCoords="12,27" tint="40,255,40"/>
			<HealthBar type="overheadWhenDamaged"/>
		</Appearance>
		<Trigger type="startOverlapWithEntity" ifOtherHasFlags="Player">
			<DamageOther value="10"/>
			<PlaySound value="Global/Audio/soft-zap"/>
		</Trigger>
		<Trigger type="died">
			<SpawnEntityAtSelf value="GreenKey"/>
			<PlaySound value="Global/Audio/eagle"/>
		</Trigger>
	</EntityType>


	<EntityType name="SkeletonWithGoldKey" maxVelocity2D="3,3" flags="Enemy">
		<Controller type="AI" strategy="Roam"/>
		<Properties>
			<IfBlocked value="turnLeft,turnRight,turnAround"/>
		</Properties>
		<Appearance size="0.95,0.95">
			<BaseImage spriteSheet="basics" spriteCoords="30,12" tint="255,255,255"/>
			<OverlayImage spriteSheet="basics" spriteCoords="12,27" tint="255,180,0"/>
			<HealthBar type="overheadWhenDamaged"/>
		</Appearance>
		<Trigger type="startOverlapWithEntity" ifOtherHasFlags="Player">
			<DamageOther value="10"/>
			<PlaySound value="Global/Audio/soft-zap"/>
		</Trigger>
		<Trigger type="died">
			<SpawnEntityAtSelf value="GoldKey"/>
			<PlaySound value="Global/Audio/eagle"/>
		</Trigger>
	</EntityType>
	
	
	<EntityType name="FighterWithGoldKey" maxVelocity2D="3,3" flags="Enemy">
		<Controller type="AI" strategy="Roam"/>
		<Properties>
			<IfBlocked value="turnLeft,turnRight,turnAround"/>
		</Properties>
		<Appearance size="0.95,0.95">
			<BaseImage spriteSheet="basics" spriteCoords="30,12" tint="255,255,255"/>
			<OverlayImage spriteSheet="basics" spriteCoords="12,27" tint="255,180,0"/>
			<HealthBar type="overheadWhenDamaged"/>
		</Appearance>
		<Trigger type="startOverlapWithEntity" ifOtherHasFlags="Player">
			<DamageOther value="10"/>
			<PlaySound value="Global/Audio/soft-zap"/>
		</Trigger>
		<Trigger type="died">
			<SpawnEntityAtSelf value="GoldKey"/>
			<PlaySound value="Global/Audio/eagle"/>
		</Trigger>
	</EntityType>

	<EntityType name="Lich" maxVelocity2D="1,1" flags="Enemy,Flying" fullHealth="5000">
		<Controller type="AI" strategy="Roam"/>
		<Properties>
			<IfBlocked value="turnLeft,turnRight,turnAround"/>
		</Properties>
		<Appearance size="1.95,1.95">
			<BaseImage spriteSheet="basics" spriteCoords="2,24"/>
			<HealthBar type="overheadWhenDamaged"/>
		</Appearance>
		<Trigger type="startOverlapWithEntity" ifOtherHasFlags="Player">
			<DamageOther value="10"/>
			<PlaySound value="Global/Audio/soft-zap"/>
		</Trigger>
		<Trigger type="age" ageInSeconds="0">
			<PlaySound value="Global/Audio/mystery1"/>
		</Trigger>
		<Trigger type="age" ageInSeconds="10">
			<PlaySound value="Global/Audio/mystery2"/>
		</Trigger>
		<Trigger type="age" ageInSeconds="20">
			<PlaySound value="Global/Audio/mystery3"/>
		</Trigger>
		<Trigger type="age" ageInSeconds="30">
			<PlaySound value="Global/Audio/mystery1"/>
		</Trigger>
		<Trigger type="age" ageInSeconds="40">
			<PlaySound value="Global/Audio/mystery2"/>
		</Trigger>
		<Trigger type="age" ageInSeconds="50">
			<PlaySound value="Global/Audio/mystery3"/>
		</Trigger>
		<Trigger type="died">
			<PlaySound value="Global/Audio/eagle"/>
		</Trigger>
	</EntityType>


	<EntityType name="RedKey" flags="Item">
		<Appearance size="0.40,0.40">
			<BaseImage spriteSheet="basics" spriteCoords="12,27" tint="255,40,40"/>
		</Appearance>
		<Trigger type="startOverlapWithEntity" ifOtherHasFlags="Player,!HasRedKey">
			<SetFlagsOnOther value="HasRedKey"/>
			<PlaySound value="Global/Audio/digital3"/>
			<DamageSelf value="100"/>
		</Trigger>
	</EntityType>


	<EntityType name="GreenKey" flags="Item">
		<Appearance size="0.40,0.40">
			<BaseImage spriteSheet="basics" spriteCoords="12,27" tint="40,255,40"/>
		</Appearance>
		<Trigger type="startOverlapWithEntity" ifOtherHasFlags="Player,!HasGreenKey">
			<SetFlagsOnOther value="HasGreenKey"/>
			<PlaySound value="Global/Audio/digital3"/>
			<DamageSelf value="100"/>
		</Trigger>
	</EntityType>


	<EntityType name="TheGun" flags="Item">
		<Appearance size="0.40,0.40">
			<BaseImage spriteSheet="main" spriteCoords="9,30"/>
		</Appearance>
		<Trigger type="startOverlapWithEntity" ifOtherHasFlags="Player,!HasGun">
			<SetFlagsOnOther value="HasGun"/>
			<PlaySound value="Global/Audio/digital3"/>
			<DamageSelf value="100"/>
			<FireEvent value="PlayerGotTheGun"/>
		</Trigger>
	</EntityType>

		

	<EntityType name="LargeHeart" flags="Item">
		<Appearance size="0.40,0.40">
			<BaseImage spriteSheet="basics" spriteCoords="23,11" tint="255,180,0"/>
		</Appearance>
		<Trigger type="startOverlapWithEntity" ifOtherHasFlags="Player">
			<PlaySound value="Global/Audio/digital3"/>
			<DamageOther value="-500"/>
			<DamageSelf value="500"/>
		</Trigger>
	</EntityType>
	
	
	<EntityType name="GoldKey" flags="Item">
		<Appearance size="0.40,0.40">
			<BaseImage spriteSheet="basics" spriteCoords="12,27" tint="255,180,0"/>
		</Appearance>
		<Trigger type="startOverlapWithEntity" ifOtherHasFlags="Player,!HasGoldKey">
			<SetFlagsOnOther value="HasGoldKey"/>
			<PlaySound value="Global/Audio/digital3"/>
			<DamageSelf value="100"/>
		</Trigger>
	</EntityType>


	<EntityType name="mace" flags="Item">
		<Appearance size="0.70,0.70">
			<BaseImage spriteSheet="basics" spriteCoords="17,11 " tint="255,255,255"/>
		</Appearance>
		<Trigger type="startOverlapWithEntity" ifOtherHasFlags="Player,!HasMace">
			<SetFlagsOnOther value="HasMace"/>
			<FireEvent value="PlayerReceivedmace"/>
			<PlaySound value="Global/Audio/digital2"/>
			<DamageSelf value="100"/>
		</Trigger>
	</EntityType>

	<EntityType name="LockTheDoorEntity">
		<Trigger type="startOverlapWithEntity" ifOtherHasFlags="Player">
			<FireEvent value="LockTheDoorNow"/>
		</Trigger>
	</EntityType>
   
     <EntityType name="teleporter">
         <Appearance size="0.40,0.40">
             <BaseImage spriteSheet="main" spriteCoords="0,0"/>
         </Appearance>
         <Trigger type="startOverlapWithEntity" ifOtherHasFlags="Player">
             <TeleportOther value="green:1,3"/>
        </Trigger>
     </EntityType>
     
     <EntityType name="teleporter3">
         <Appearance size="0.40,0.40">
             <BaseImage spriteSheet="main" spriteCoords="0,0"/>
         </Appearance>
         <Trigger type="startOverlapWithEntity" ifOtherHasFlags="Player">
             <TeleportOther value="green2:1,3"/>
         </Trigger>
     </EntityType>
     
<EntityType name="Boss 3" maxVelocity2D="2,2" flags="Enemy" fullHealth="300">
    <Controller type="AI" strategy="Roam"/>
    <Properties>
      <IfBlocked value="turnAround,turnLeft,turnRight,turnHardLeft,turnHardRight"/>
    </Properties>
    <Appearance size="0.95,0.95">
      <BaseImage spriteSheet="basics" spriteCoords="21,14" tint="255,255,255"/>
      <HealthBar type="overheadWhenDamaged"/>
    </Appearance>
	<Trigger type="startOverlapWithEntity" ifOtherHasFlags="Player">
      <DamageOther value="5"/>
      <PlaySound value="Global/Audio/soft-zap"/>
    </Trigger>
    <Trigger type="age" ageInSeconds="1">
      <SpawnEntityAtSelf value="EnemybulletToWest"/>
      <SpawnEntityAtSelf value="EnemybulletToEast"/>
	  <SpawnEntityAtSelf value="EnemybulletTonorth"/>
      <PlaySound value="Global/Audio/fwup"/>	  
	  <SetAgeOnSelf value="0"/>
    </Trigger>
    <Trigger type="died">
      <SpawnEntityAtSelf value="RedKey"/>
	  <PlaySound value="Global/Audio/eagle"/>
    </Trigger>
    </EntityType>
	    
		
<EntityType name="Enemybullet" maxVelocity2D="4,4" flags="Projectile">
		<Controller type="AI" strategy="Roam"/>
		<Trigger type="startOverlapWithEntity" ifOtherHasFlags="Player">
			<DamageOther value="10"/>
			<DamageSelf value="100"/>
		</Trigger>
		<Properties>
			<IfBlocked value="die"/>
		</Properties>
		<Appearance size="0.50,0.50">
			<BaseImage spriteSheet="basics" spriteCoords="17,11" tint="0,255,0"/>
		</Appearance>
	</EntityType>		
		
<EntityType name="EnemybulletToWest" maxVelocity2D="4,4" flags="Projectile" facing="left">
		<Controller type="AI" strategy="Roam"/>
		<Trigger type="startOverlapWithEntity" ifOtherHasFlags="Player">
			<DamageOther value="10"/>
			<DamageSelf value="100"/>
		</Trigger>
		<Properties>
			<IfBlocked value="die"/>
		</Properties>
		<Appearance size="0.50,0.50">
			<BaseImage spriteSheet="basics" spriteCoords="17,11" tint="0,255,0"/>
		</Appearance>
	</EntityType>		
		
<EntityType name="EnemybulletToEast" maxVelocity2D="4,4" flags="Projectile" facing="right">
		<Controller type="AI" strategy="Roam"/>
		<Trigger type="startOverlapWithEntity" ifOtherHasFlags="Player">
			<DamageOther value="10"/>
			<DamageSelf value="100"/>
		</Trigger>
		<Properties>
			<IfBlocked value="die"/>
		</Properties>
		<Appearance size="0.50,0.50">
			<BaseImage spriteSheet="basics" spriteCoords="17,11" tint="0,255,0"/>
		</Appearance>
	</EntityType>		
		     
			 <EntityType name="EnemybulletTonorth" maxVelocity2D="4,4" flags="Projectile" facing="down">
		<Controller type="AI" strategy="Roam"/>
		<Trigger type="startOverlapWithEntity" ifOtherHasFlags="Player">
			<DamageOther value="10"/>
			<DamageSelf value="100"/>
		</Trigger>
		<Properties>
			<IfBlocked value="die"/>
		</Properties>
		<Appearance size="0.50,0.50">
			<BaseImage spriteSheet="basics" spriteCoords="17,11" tint="0,255,0"/>
		</Appearance>
	</EntityType>		
			 
			 <EntityType name="Enemybullet4" maxVelocity2D="4,4" flags="Projectile">
		<Controller type="AI" strategy="Roam"/>
		<Trigger type="startOverlapWithEntity" ifOtherHasFlags="Player">
			<DamageOther value="10"/>
			<DamageSelf value="100"/>
		</Trigger>
		<Properties>
			<IfBlocked value="die"/>
		</Properties>
		<Appearance size="0.50,0.50">
			<BaseImage spriteSheet="basics" spriteCoords="23,12" tint="0,255,0"/>
		</Appearance>
	</EntityType>		
		
<EntityType name="EnemybulletToWest4" maxVelocity2D="4,4" flags="Projectile" facing="left">
		<Controller type="AI" strategy="Roam"/>
		<Trigger type="startOverlapWithEntity" ifOtherHasFlags="Player">
			<DamageOther value="10"/>
			<DamageSelf value="100"/>
		</Trigger>
		<Properties>
			<IfBlocked value="die"/>
		</Properties>
		<Appearance size="0.50,0.50">
			<BaseImage spriteSheet="basics" spriteCoords="23,12" tint="0,255,0"/>
		</Appearance>
	</EntityType>		
		
<EntityType name="EnemybulletToEast4" maxVelocity2D="4,4" flags="Projectile" facing="right">
		<Controller type="AI" strategy="Roam"/>
		<Trigger type="startOverlapWithEntity" ifOtherHasFlags="Player">
			<DamageOther value="10"/>
			<DamageSelf value="100"/>
		</Trigger>
		<Properties>
			<IfBlocked value="die"/>
		</Properties>
		<Appearance size="0.50,0.50">
			<BaseImage spriteSheet="basics" spriteCoords="23,12" tint="0,255,0"/>
		</Appearance>
	</EntityType>		
		     
			 
			 
			 
			 
			 
			 
			 
			 

<EntityType name="mrd">
		<Trigger type="age" ageInSeconds="1">
			<SetWorldText0 value="Welcome fighter!"/>
			<SetWorldText0Position value="3,2"/>
			<SetWorldText0Color value="255,255,255"/>
			<SetWorldText0ShadowColor value="0,0,0"/>
			<SetWorldText0Height value="0.5"/>
			<SetWorldText0Alignment value="center"/>
		</Trigger>
		<Trigger type="age" ageInSeconds="4">
			<SetWorldText0 value=""/>
		</Trigger>
		<Trigger type="age" ageInSeconds="5">
			<SetWorldText0 value="Press space to punch! And S to put up a shield for 3 seconds"/>
			<SetWorldText0Position value="3,2"/>
			<SetWorldText0Color value="255,255,255"/>
			<SetWorldText0ShadowColor value="0,0,0"/>
			<SetWorldText0Height value="0.2"/>
			<SetWorldText0Alignment value="center"/>
		</Trigger>
		<Trigger type="age" ageInSeconds="8">
			<SetWorldText0 value=""/>
		</Trigger>
	</EntityType>	

	<EntityType name="mrd2">
        <Trigger type="age" ageInSeconds="1">
      		<SetWorldText0 value="The match between The Hero and El Grande "/>
			<SetWorldText0Position value="5,1"/>
			<SetWorldText0Color value="255,255,255"/>
			<SetWorldText0ShadowColor value="0,0,0"/>
			<SetWorldText0Height value="0.5"/>
			<SetWorldText0Alignment value="center"/>
        </Trigger>
        <Trigger type="age" ageInSeconds="4">
            <SetWorldText0 value=""/>
        </Trigger>
       <Trigger type="age" ageInSeconds="5">
                <SetWorldText0 value="will start in 3"/>
                <SetWorldText0Position value="5,3"/>
                <SetWorldText0Color value="255,255,255"/>
                <SetWorldText0ShadowColor value="0,0,0"/>
                <SetWorldText0Height value="0.8"/>
                <SetWorldText0Alignment value="center"/>
      </Trigger>
       
            <Trigger type="age" ageInSeconds="6">
                <SetWorldText0 value="2"/>
                <SetWorldText0Position value="5,3"/>
                <SetWorldText0Color value="255,255,255"/>
                <SetWorldText0ShadowColor value="0,0,0"/>
                <SetWorldText0Height value="0.8"/>
                <SetWorldText0Alignment value="center"/>
            </Trigger>
            <Trigger type="age" ageInSeconds="7">
                <SetWorldText0 value="1"/>
                <SetWorldText0Position value="5,3"/>
                <SetWorldText0Color value="255,255,255"/>
                <SetWorldText0ShadowColor value="0,0,0"/>
                <SetWorldText0Height value="0.8"/>
                <SetWorldText0Alignment value="center"/>
            </Trigger>
            <Trigger type="age" ageInSeconds="8">
                <FireEvent value="StartFight"/>
                <SetWorldText0 value=""/>
	    	</Trigger>
            
	</EntityType>
    
    <EntityType name="mrd5">
        <Trigger type="age" ageInSeconds=".1">
            <fireevent value= "Restore"/>
        </Trigger>
        <Trigger type="age" ageInSeconds="1">
            <SetWorldText0 value="The match between The Hero and machos man "/>
            <SetWorldText0Position value="5,1"/>
            <SetWorldText0Color value="255,255,255"/>
            <SetWorldText0ShadowColor value="0,0,0"/>
            <SetWorldText0Height value="0.5"/>
            <SetWorldText0Alignment value="center"/>
        </Trigger>
        <Trigger type="age" ageInSeconds="4">
            <SetWorldText0 value=""/>
        </Trigger>
        <Trigger type="age" ageInSeconds="5">
            <SetWorldText0 value="will start in 3"/>
            <SetWorldText0Position value="5,3"/>
            <SetWorldText0Color value="255,255,255"/>
            <SetWorldText0ShadowColor value="0,0,0"/>
            <SetWorldText0Height value="0.8"/>
            <SetWorldText0Alignment value="center"/>
        </Trigger>
        <Trigger type="age" ageInSeconds="6">
            <SetWorldText0 value="2"/>
            <SetWorldText0Position value="5,3"/>
            <SetWorldText0Color value="255,255,255"/>
            <SetWorldText0ShadowColor value="0,0,0"/>
            <SetWorldText0Height value="0.8"/>
            <SetWorldText0Alignment value="center"/>
        </Trigger>
         <Trigger type="age" ageInSeconds="7">
            <SetWorldText0 value="1"/>
            <SetWorldText0Position value="5,3"/>
            <SetWorldText0Color value="255,255,255"/>
            <SetWorldText0ShadowColor value="0,0,0"/>
            <SetWorldText0Height value="0.8"/>
            <SetWorldText0Alignment value="center"/>
        </Trigger>
        <Trigger type="age" ageInSeconds="8">
            <FireEvent value="StartFight"/>
            <SetWorldText0 value=""/>
        </Trigger>
        
    </EntityType>




	<EntityType name="water boss" maxVelocity2D="2,2" flags="Enemy" fullHealth="200">
    <Controller type="AI" strategy="Roam"/>
    <Properties>
      <IfBlocked value="turnHardLeft,turnHardRight"/>
    </Properties>
    <Appearance size="0.70,0.70">
      <BaseImage spriteSheet="basics" spriteCoords="18,18" tint="60,60,60"/>
      <HealthBar type="overheadWhenDamaged"/>
    </Appearance>
    <Trigger type="startOverlapWithEntity" ifOtherHasFlags="Player">
      <DamageOther value="20"/>
      <PlaySound value="Global/Audio/soft-zap"/>
    </Trigger>
    <Trigger type="event" event="MonsterShoot">
      <SpawnEntityAtSelf value="MonsterArrow"/>
      <PlaySound value="Global/Audio/fwup"/>
    </Trigger>
	<Trigger type="age" ageInSeconds="1">
      <SpawnEntityAtSelf value="EnemybulletToWest"/>
      <SpawnEntityAtSelf value="EnemybulletToEast"/>
	  <SpawnEntityAtSelf value="EnemybulletTonorth"/>
      <PlaySound value="Global/Audio/fwup"/>	  
	  <SetAgeOnSelf value="0"/>
    </Trigger>
    <Trigger type="died">
	  <SpawnEntityAtSelf value="GoldKey"/>
	  <PlaySound value="Global/Audio/eagle"/>
    </Trigger>
  </EntityType>
	
	<EntityType name="water boss 2" maxVelocity2D="2,2" flags="Enemy" fullHealth="200">
    <Controller type="AI" strategy="Roam"/>
    <Properties>
      <IfBlocked value="turnHardLeft,turnHardRight"/>
    </Properties>
    <Appearance size="0.70,0.70">
      <BaseImage spriteSheet="basics" spriteCoords="18,18" tint="60,60,60"/>
      <HealthBar type="overheadWhenDamaged"/>
    </Appearance>
    <Trigger type="startOverlapWithEntity" ifOtherHasFlags="Player">
      <DamageOther value="20"/>
      <PlaySound value="Global/Audio/soft-zap"/>
    </Trigger>
    <Trigger type="event" event="MonsterShoot">
      <SpawnEntityAtSelf value="MonsterArrow"/>
      <PlaySound value="Global/Audio/fwup"/>
    </Trigger>
    <Trigger type="died">
	  <SpawnEntityAtSelf value="GreenKey"/>
	  <PlaySound value="Global/Audio/eagle"/>
    </Trigger>
  </EntityType>
	
	
	<EntityType name="water boss 3" maxVelocity2D="2,2" flags="Enemy" fullHealth="200">
    <Controller type="AI" strategy="Roam"/>
    <Properties>
      <IfBlocked value="turnHardLeft,turnHardRight"/>
    </Properties>
    <Appearance size="0.70,0.70">
      <BaseImage spriteSheet="basics" spriteCoords="18,18" tint="60,60,60"/>
      <HealthBar type="overheadWhenDamaged"/>
    </Appearance>
    <Trigger type="startOverlapWithEntity" ifOtherHasFlags="Player">
      <DamageOther value="20"/>
      <PlaySound value="Global/Audio/soft-zap"/>
    </Trigger>
    <Trigger type="event" event="MonsterShoot">
      <SpawnEntityAtSelf value="MonsterArrow"/>
      <PlaySound value="Global/Audio/fwup"/>
    </Trigger>
    <Trigger type="died">
	  <SpawnEntityAtSelf value="RedKey"/>
	  <PlaySound value="Global/Audio/eagle"/>
    </Trigger>
  </EntityType>
	
	<EntityType name="Fist" flags="Item">
		<Appearance size="0.40,0.40">
			<BaseImage spriteSheet="main" spriteCoords="1,0" tint="120,120,120"/>
		</Appearance>
		<Trigger type="startOverlapWithEntity" ifOtherHasFlags="Player,!HasFist">
			<SetFlagsOnOther value="HasFist"/>
			<PlaySound value="Global/Audio/digital3"/>
			<DamageSelf value="100"/>
			<FireEvent value="PlayerGotTheFist"/>
		</Trigger>
	</EntityType>
	
	<EntityType name="open/closedoor">
		<Trigger type="startOverlapWithEntity">
		<FireEvent value="OpenDoorLevel1"/>
		</Trigger>
	</EntityType>
	
	  		 <EntityType name="EnemybulletTonorth4" maxVelocity2D="2,2" flags="Projectile" facing="down">
		<Controller type="AI" strategy="Roam"/>
		<Trigger type="startOverlapWithEntity" ifOtherHasFlags="Player">
			<DamageOther value="10"/>
			<DamageSelf value="100"/>
		</Trigger>
		<Properties>
			<IfBlocked value="die"/>
		</Properties>
		<Appearance size="0.50,0.50">
			<BaseImage spriteSheet="basics" spriteCoords="23,16" tint="0,255,0"/>
		</Appearance>
	</EntityType>		

	<EntityType name="teleporter2">
		<Appearance size="0.40,0.40">
			<BaseImage spriteSheet="basics" spriteCoords="0,0"/>
		</Appearance>
		<Trigger type="startOverlapWithEntity" ifOtherHasFlags="Player">
			<TeleportOther value="winner:4,4"/>
		</Trigger>
	</EntityType>
	
	
	<EntityType name="BulletKiller">
		<Appearance size="0.10,3.0">
		</Appearance>
		<Trigger type="startOverlapWithEntity" ifOtherHasFlags="Projectile">
			<DamageOther value="100"/>
		</Trigger>
	</EntityType>
	
	<EntityType name="BulletKiller2">
		<Appearance size="3.0,0.10">
		</Appearance>
		<Trigger type="startOverlapWithEntity" ifOtherHasFlags="Projectile">
			<DamageOther value="100"/>
		</Trigger>
	</EntityType>
	
	<EntityType name="GiantLavaBlob" facing="left" maxVelocity2D="1,0">
		<Controller type="AI" strategy="Roam"/>
		<Appearance size="6,3">
			<BaseImage spriteSheet="basics" spriteCoords="13,13" tint="255,255,255"/>
		</Appearance>
		<Trigger type="startOverlapWithEntity" ifOtherHasFlags="Player">
			<DamageOther value="99999"/>
		</Trigger>
	</EntityType>
	
	
</EntityTypes>


   







