<?xml version="1.0" encoding="utf-8"?>

<Game officialName="battle bros" author="Ike Kassanoff">

	<GameLoadScript>
		<Execute>Map StartRoom</Execute>
	</GameLoadScript>

	<Players>
		<Player1>
			<Controls>
				<Control key="space" action="press" command="FireEvent" commandOptions="shoot"/>
				<Control key="leftArrow" action="hold" command="MoveLeft"/>
				<Control key="rightArrow" action="hold" command="MoveRight"/>
				<Control key="upArrow" action="hold" command="MoveUp"/>
				<Control key="downArrow" action="hold" command="MoveDown"/>
				<Control key="d" action="hold" command="FireEvent" commandOptions="KillYourself"/>
                <Control key="upArrow" action="press" command="jump"/>
                <Control key="s" action="press" command="FireEvent" commandOptions="shield"/>
			</Controls>
		</Player1>
	</Players>
	
</Game>
