<?xml version="1.0" encoding="utf-8"?>
<TileMaterials>


<TileMaterial name="cage">
    <BaseImage spriteSheet="main" spriteCoords="12,9"/>
    <Trigger type="event" event="StartFight">
        <ChangeBaseSpriteCoords value="0,0"/>
            <DamageSelf value="100"/>
    </Trigger>
</TileMaterial>

<TileMaterial name="cagedoor">
    <BaseImage spriteSheet="main" spriteCoords="8,9"/>
    <Trigger type="event" event="StartFight">
        <ChangeBaseSpriteCoords value="0,0"/>
        <DamageSelf value="100"/>
    </Trigger>
</TileMaterial>







<TileMaterial name="head">
    <BaseImage spriteSheet="main" spriteCoords="0,1"/>
    <Trigger type="event" event="StartFight">
        <ChangeBaseSpriteCoords value="0,0"/>
        <DamageSelf value="100"/>
    </Trigger>
</TileMaterial>

<TileMaterial name="body">
    <BaseImage spriteSheet="main" spriteCoords="0,2"/>
    <Trigger type="event" event="StartFight">
        <ChangeBaseSpriteCoords value="0,0"/>
        <DamageSelf value="100"/>
    </Trigger>
</TileMaterial>

    <TileMaterial name="cobblestone">
		<BaseImage spriteSheet="basics" spriteCoords="4,2"/>
	</TileMaterial>
    
    
    <TileMaterial name="cobblestone1">
        <BaseImage spriteSheet="basics" spriteCoords="1,0"/>
    </TileMaterial>
    
    <TileMaterial name="bloodsplash">
        <BaseImage spriteSheet="main" spriteCoords="1,1"/>
        <Properties>
            <BlocksAllEntities value="false"/>
        </Properties>
    </TileMaterial>
    
    <TileMaterial name="corner">
        <BaseImage spriteSheet="basics" spriteCoords="3,0"/>
    </TileMaterial>
    
    
    <TileMaterial name="cobblestone2">
        <BaseImage spriteSheet="basics" spriteCoords="4,0"/>
    </TileMaterial>
    

	
	<TileMaterial name="bloodstone">
		<BaseImage spriteSheet="basics" spriteCoords="4,13" tint="255,180,180"/>
	</TileMaterial>
	
	<TileMaterial name="LockBehindYouDoor">
		<BaseImage spriteSheet="basics" spriteCoords="3,16" tint="100,100,100"/>
		<Properties>
			<BlocksAllEntities value="false"/>
		</Properties>
		<Trigger type="event" event="LockTheDoorNow">
			<ChangeBlocksAllEntities value="true"/>
			<ChangeBaseSpriteCoords value="2,16"/>
		</Trigger>
	</TileMaterial>
	

	<TileMaterial name="ldr">
		<BaseImage spriteSheet="basics" spriteCoords="2,16" tint="255,40,40"/>
		<Properties>
			<BlocksAllEntities value="false"/>
			<BlocksEntitiesWithFlags value="!HasRedKey"/>
		</Properties>
		<Trigger type="startOverlapWithEntity" ifOtherHasFlags="HasRedKey">
			<ChangeBaseSpriteCoords value="3,16"/>
			<PlaySound value="Global/Audio/digital4"/>
			<DamageSelf value="100"/>
			<SetFlagsOnOther value="!HasRedKey"/>
		</Trigger>
	</TileMaterial>	

	<TileMaterial name="darkstone">
		<BaseImage spriteSheet="basics" spriteCoords="1,16"/>
	</TileMaterial>


	<TileMaterial name="darkbrick">
		<BaseImage spriteSheet="basics" spriteCoords="0,14"/>
	</TileMaterial>


	<TileMaterial name="openDoor">
		<BaseImage spriteSheet="basics" spriteCoords="3,16"/>
		<Properties>
			<BlocksAllEntities value="false"/>
		</Properties>
	</TileMaterial>


	<TileMaterial name="openDoorRed">
		<BaseImage spriteSheet="basics" spriteCoords="3,16" tint="255,40,40"/>
		<Properties>
			<BlocksAllEntities value="false"/>
		</Properties>
	</TileMaterial>


	<TileMaterial name="lockedDoorRed">
		<BaseImage spriteSheet="basics" spriteCoords="2,16" tint="255,40,40"/>
		<Properties>
			<BlocksAllEntities value="false"/>
			<BlocksEntitiesWithFlags value="!HasRedKey"/>
		</Properties>
		<Trigger type="startOverlapWithEntity" ifOtherHasFlags="HasRedKey">
			<ChangeBaseSpriteCoords value="3,16"/>
			<PlaySound value="Global/Audio/digital4"/>
			<DamageSelf value="100"/>
			<SetFlagsOnOther value="!HasRedKey"/>
		</Trigger>
	</TileMaterial>


	<TileMaterial name="door green lock">
		<BaseImage spriteSheet="basics" spriteCoords="2,16" tint="40,255,40"/>
		<Properties>
			<BlocksAllEntities value="false"/>
			<BlocksEntitiesWithFlags value="!HasGreenKey"/>
		</Properties>
		<Trigger type="startOverlapWithEntity" ifOtherHasFlags="HasGreenKey">
			<ChangeBaseSpriteCoords value="3,16"/>
			<PlaySound value="Global/Audio/digital4"/>
			<DamageSelf value="100"/>
			<SetFlagsOnOther value="!HasGreenKey"/>
		</Trigger>
	</TileMaterial>


	<TileMaterial name="lockedDoorGold">
		<BaseImage spriteSheet="basics" spriteCoords="2,16" tint="255,180,0"/>
		<Properties>
			<BlocksAllEntities value="false"/>
			<BlocksEntitiesWithFlags value="!HasGoldKey"/>
		</Properties>
		<Trigger type="startOverlapWithEntity" ifOtherHasFlags="HasGoldKey">
			<ChangeBaseSpriteCoords value="3,16"/>
			<PlaySound value="Global/Audio/digital4"/>
			<DamageSelf value="100"/>
			<SetFlagsOnOther value="!HasGoldKey"/>
		</Trigger>
	</TileMaterial>


	<TileMaterial name="w">
		<BaseImage spriteSheet="basics" spriteCoords="13,12"/>
		<Properties>
			<BlocksAllEntities value="false"/>
			<BlocksEntitiesWithFlags value="!Flying"/>
		</Properties>
	</TileMaterial>


	<TileMaterial name="water">
		<BaseImage spriteSheet="basics" spriteCoords="6,0"/>
		<Properties>
			<BlocksAllEntities value="false"/>
		</Properties>
	</TileMaterial>
	
    <TileMaterial name="water1">
        <BaseImage spriteSheet="basics" spriteCoords="7,0"/>
        <Properties>
            <BlocksAllEntities value="false"/>
        </Properties>
    </TileMaterial>
    
</TileMaterials>
