﻿<?xml version="1.0" encoding="utf-8"?>
<Map numberOfTilesInViewVertically="12" maximumCoordinates="15,11" officialName="Zoo Arena" view="top" backgroundTint="30,0,0">
	<Tiles>
		<!-- This is the left wall -->
		<Tile position="0,0" tileMaterial="bloodstone"/>
		<Tile position="0,1" tileMaterial="bloodstone"/>
		<Tile position="0,2" tileMaterial="bloodstone"/>
		<Tile position="0,3" tileMaterial="bloodstone"/>
		<Tile position="0,4" tileMaterial="bloodstone"/>
		<Tile position="0,5" tileMaterial="openDoor"/>
		<Tile position="0,6" tileMaterial="bloodstone"/>
		<Tile position="0,7" tileMaterial="bloodstone"/>
		<Tile position="0,8" tileMaterial="bloodstone"/>
		<Tile position="0,9" tileMaterial="bloodstone"/>
		<Tile position="0,10" tileMaterial="bloodstone"/>
		<Tile position="0,11" tileMaterial="bloodstone"/>

		<!-- This is the right wall -->
		<Tile position="15,0" tileMaterial="bloodstone"/>
		<Tile position="15,1" tileMaterial="bloodstone"/>
		<Tile position="15,2" tileMaterial="bloodstone"/>
		<Tile position="15,3" tileMaterial="bloodstone"/>
		<Tile position="15,4" tileMaterial="bloodstone"/>
		<Tile position="15,5" tileMaterial="bloodstone"/>
		<Tile position="15,6" tileMaterial="bloodstone"/>
		<Tile position="15,7" tileMaterial="bloodstone"/>
		<Tile position="15,8" tileMaterial="bloodstone"/>
		<Tile position="15,9" tileMaterial="bloodstone"/>
		<Tile position="15,10" tileMaterial="bloodstone"/>
		<Tile position="15,11" tileMaterial="bloodstone"/>

		<!-- This is the top wall -->
		<Tile position="1,0" tileMaterial="bloodstone"/>
		<Tile position="2,0" tileMaterial="bloodstone"/>
		<Tile position="3,0" tileMaterial="bloodstone"/>
		<Tile position="4,0" tileMaterial="bloodstone"/>
		<Tile position="5,0" tileMaterial="bloodstone"/>
		<Tile position="6,0" tileMaterial="bloodstone"/>
		<Tile position="7,0" tileMaterial="bloodstone"/>
		<Tile position="8,0" tileMaterial="lockedDoorRed"/>
		<Tile position="9,0" tileMaterial="bloodstone"/>
		<Tile position="10,0" tileMaterial="bloodstone"/>
		<Tile position="11,0" tileMaterial="bloodstone"/>
		<Tile position="12,0" tileMaterial="bloodstone"/>
		<Tile position="13,0" tileMaterial="bloodstone"/>
		<Tile position="14,0" tileMaterial="bloodstone"/>

		<!-- This is the bottom wall -->
		<Tile position="1,11" tileMaterial="bloodstone"/>
		<Tile position="2,11" tileMaterial="bloodstone"/>
		<Tile position="3,11" tileMaterial="bloodstone"/>
		<Tile position="4,11" tileMaterial="bloodstone"/>
		<Tile position="5,11" tileMaterial="bloodstone"/>
		<Tile position="6,11" tileMaterial="bloodstone"/>
		<Tile position="7,11" tileMaterial="bloodstone"/>
		<Tile position="8,11" tileMaterial="bloodstone"/>
		<Tile position="9,11" tileMaterial="bloodstone"/>
		<Tile position="10,11" tileMaterial="bloodstone"/>
		<Tile position="11,11" tileMaterial="bloodstone"/>
		<Tile position="12,11" tileMaterial="bloodstone"/>
		<Tile position="13,11" tileMaterial="bloodstone"/>
		<Tile position="14,11" tileMaterial="bloodstone"/>

		<!-- Interference blocks -->
		<Tile position="5,10" tileMaterial="bloodstone"/>
		<Tile position="11,4" tileMaterial="bloodstone"/>
		<Tile position="12,1" tileMaterial="bloodstone"/>
		<Tile position="14,6" tileMaterial="bloodstone"/>

		<!-- This is a small lava lake -->
		<Tile position="7,8" tileMaterial="lava"/>
		<Tile position="8,8" tileMaterial="lava"/>
		<Tile position="8,9" tileMaterial="lava"/>
		<Tile position="9,9" tileMaterial="lava"/>
	</Tiles>

	<CommandsOnLoad>
	</CommandsOnLoad>
	
	<Entities>
		<!-- Actors -->
		<Entity center="6,6" entityType="Hero"/>
		<Entity center="11,1" entityType="Skeleton"/>
		<Entity center="10,4" entityType="Skeleton"/>
		<Entity center="4,10" entityType="Skeleton"/>
		<Entity center="14,7" entityType="SkeletonWithGreenKey"/>

		<!-- Items -->

		<!-- Teleporters and destinations -->
		<Entity center="0,5" entityType="TeleporterToStartRoomRight"/>
		<Entity center="8,0" entityType="TeleporterToBossRoomBottom"/>
		<Entity center="1,5" entityType="TeleporterDestination1"/>
		<Entity center="8,1" entityType="TeleporterDestination2"/>
	</Entities>
	
</Map>
