﻿<?xml version="1.0" encoding="utf-8"?>
<EntityTypes>

	<EntityType name="PacMan" maxVelocity2D="4,4" flags="Player">
		<Controller type="Player1"/>
		<Trigger type="event" event="shoot" ifIHaveFlags="PoweredUp">
			<SpawnEntityAtSelf value="Bullet"/>
		</Trigger>
		<Trigger type="startOverlapWithEntity" ifOtherHasFlags="EnemyGhost,!Scared">
			<DamageSelf value="100"/>
		</Trigger>
		<Trigger type="startOverlapWithEntity" ifOtherHasFlags="EnemyGhost,Scared">
			<DamageOther value="100"/>
			<FireEvent value="PlayerAteGhost"/>
			<SetFlagsOnSelf value="PoweredUp"/>
		</Trigger>
		<Trigger type="event" event="PlayerAtePowerPellet">
			<ChangeOverlaySpriteCoords value="9,24"/>
		</Trigger>
		<Trigger type="died">
			<PlaySound value="Global/Audio/reward"/>
			<SetLargeCenterText value="You're a horrible person."/>
			<SetLargeCenterText2 value="You stink."/>
			<GameOver value="true"/>
		</Trigger>
		<Appearance size="0.70,0.70">
			<BaseImage spriteSheet="basics" spriteCoords="29,12" tint="255,255,255"/>
			<OverlayImage spriteSheet="basics" spriteCoords="0,0" tint="255,255,255"/>
		</Appearance>
	</EntityType>

	<EntityType name="Food">
		<Trigger type="startOverlapWithEntity" ifOtherHasFlags="Player">
			<DamageSelf value="100"/>
			<PlaySound value="Global/Audio/click"/>
			<FireEvent value="PlayerAteFood"/>
		</Trigger>
		<Properties>
			<IfBlocked value="turnLeft,turnRight"/>
		</Properties>
		<Appearance size="0.20,0.20">
			<BaseImage spriteSheet="basics" spriteCoords="30,0" tint="255,200,150"/>
		</Appearance>
	</EntityType>

	
	<EntityType name="PowerPellet" flags="PowerPellet">
		<Trigger type="startOverlapWithEntity" ifOtherHasFlags="Player">
			<DamageSelf value="100"/>
			<PlaySound value="Global/Audio/click"/>
			<SetFlagsOnOther value="PoweredUp"/>
			<FireEvent value="PlayerAtePowerPellet"/>
		</Trigger>
		<Properties>
			<IfBlocked value="turnLeft,turnRight"/>
		</Properties>
		<Appearance size="0.70,0.70">
			<BaseImage spriteSheet="basics" spriteCoords="21,3" tint="255,0,0"/>
		</Appearance>
	</EntityType>

	
	<EntityType name="Blinky" maxVelocity2D="4,4" flags="EnemyGhost,HasKey">
		<Controller type="AI" strategy="Roam"/>
		<Trigger type="event" event="PlayerAtePowerPellet">
			<SetFlagsOnSelf value="Scared"/>
		</Trigger>
		<Trigger type="event" event="PlayerAteGhost">
			<SetFlagsOnSelf value="Scared"/>
		</Trigger>
		<Properties>
			<IfBlocked value="turnLeft,turnRight"/>
		</Properties>
		<Appearance size="0.95,0.95">
			<BaseImage spriteSheet="basics" spriteCoords="30,12" tint="255,0,0"/>
		</Appearance>
	</EntityType>

	
	<EntityType name="Pinky" maxVelocity2D="3.5,3.5" flags="EnemyGhost,HasKey">
    <Controller type="AI" strategy="Roam"/>
		<Trigger type="event" event="PlayerAtePowerPellet">
			<SetFlagsOnSelf value="Scared"/>
		</Trigger>
		<Trigger type="event" event="PlayerAteGhost">
			<SetFlagsOnSelf value="Scared"/>
		</Trigger>
		<Properties>
			<IfBlocked value="turnLeft,turnRight"/>
		</Properties>
		<Appearance size="0.95,0.95">
			<BaseImage spriteSheet="basics" spriteCoords="30,12" tint="255,180,200"/>
		</Appearance>
	</EntityType>

	
	<EntityType name="Inky" maxVelocity2D="3,3" flags="EnemyGhost,HasKey">
		<Controller type="AI" strategy="Roam"/>
		<Trigger type="event" event="PlayerAtePowerPellet">
			<SetFlagsOnSelf value="Scared"/>
		</Trigger>
		<Trigger type="event" event="PlayerAteGhost">
			<SetFlagsOnSelf value="Scared"/>
		</Trigger>
		<Properties>
			<IfBlocked value="turnLeft,turnRight"/>
		</Properties>
		<Appearance size="0.95,0.95">
			<BaseImage spriteSheet="basics" spriteCoords="30,12" tint="180,190,255"/>
		</Appearance>
	</EntityType>

	
	<EntityType name="Clyde" maxVelocity2D="2.5,2.5" flags="EnemyGhost,HasKey">
		<Controller type="AI" strategy="Roam"/>
		<Trigger type="event" event="PlayerAtePowerPellet">
			<SetFlagsOnSelf value="Scared"/>
		</Trigger>
		<Trigger type="event" event="PlayerAteGhost">
			<SetFlagsOnSelf value="Scared"/>
		</Trigger>
		<Properties>
			<IfBlocked value="turnLeft,turnRight"/>
		</Properties>
		<Appearance size="0.95,0.95">
			<BaseImage spriteSheet="basics" spriteCoords="30,12" tint="255,160,0"/>
		</Appearance>
	</EntityType>

  <EntityType name="Dinky" maxVelocity2D="6,6" flags="EnemyGhost,HasKey">
    <Controller type="AI" strategy="Roam"/>
    <Trigger type="event" event="PlayerAtePowerPellet">
      <SetFlagsOnSelf value="Scared"/>
    </Trigger>
    <Trigger type="event" event="PlayerAteGhost">
      <SetFlagsOnSelf value="Scared"/>
    </Trigger>
    <Properties>
      <IfBlocked value="turnLeft,turnRight"/>
    </Properties>
    <Appearance size="0.95,0.95">
      <BaseImage spriteSheet="basics" spriteCoords="30,12" tint="0,255,0"/>
    </Appearance>
  </EntityType>

  <EntityType name="Kinky" maxVelocity2D="8,8" flags="EnemyGhost,HasKey">
    <Controller type="AI" strategy="Roam"/>
    <Trigger type="event" event="PlayerAtePowerPellet">
      <SetFlagsOnSelf value="Scared"/>
    </Trigger>
    <Trigger type="event" event="PlayerAteGhost">
      <SetFlagsOnSelf value="Scared"/>
    </Trigger>
    <Properties>
      <IfBlocked value="turnLeft,turnRight"/>
    </Properties>
    <Appearance size="0.95,0.95">
      <BaseImage spriteSheet="basics" spriteCoords="30,12" tint="120,120,120"/>
    </Appearance>
  </EntityType>

  <EntityType name="Eckh" maxVelocity2D="1,1" flags="EnemyGhost,HasKey">
    <Controller type="AI" strategy="Roam"/>
    <Trigger type="event" event="PlayerAtePowerPellet">
      <SetFlagsOnSelf value="Scared"/>
    </Trigger>
    <Trigger type="event" event="PlayerAteGhost">
      <SetFlagsOnSelf value="Scared"/>
    </Trigger>
    <Properties>
      <IfBlocked value="turnLeft,turnRight"/>
    </Properties>
    <Appearance size="0.95,0.95">
      <BaseImage spriteSheet="basics" spriteCoords="30,12" tint="150,0,150"/>
    </Appearance>
  </EntityType>
	
	<EntityType name="MasterKey" flags="key">
		<Trigger type="startOverlapWithEntity" ifOtherHasFlags="Player,!Projectile">
			<DamageSelf value="100"/>
			<PlaySound value="Global/Audio/click"/>
			<SetFlagsOnOther value="HasKey"/>
		</Trigger>
		<Appearance size="0.70,0.70">
			<BaseImage spriteSheet="basics" spriteCoords="12,27" tint="255,80,255"/>
		</Appearance>
	</EntityType>

	
	<EntityType name="Bullet" maxVelocity2D="6.7,6.7" flags="Projectile">
		<Controller type="AI" strategy="Roam"/>
		<Trigger type="startOverlapWithEntity" ifOtherHasFlags="!Player,!Projectile">
			<DamageOther value="100"/>
			<DamageSelf value="100"/>
		</Trigger>
		<Properties>
			<IfBlocked value="die"/>
		</Properties>
		<Appearance size="0.25,0.25">
			<BaseImage spriteSheet="basics" spriteCoords="21,2" tint="255,255,255"/>
		</Appearance>
	</EntityType>

	
	<EntityType name="TeleporterDestination1">
	</EntityType>

	
	<EntityType name="TeleporterDestination2">
	</EntityType>

	
	<EntityType name="TeleporterDestination3">
	</EntityType>





</EntityTypes>
