﻿<?xml version="1.0" encoding="utf-8"?>
<Map maximumCoordinates="36,24" numberOfTilesInViewVertically="10" officialName="Side View Test Map #1" view="side" backgroundTint="0,0,100">
	<Tiles>
		
		<Tile position="0,23" tileMaterial="grass_side"/>
		<Tile position="1,23" tileMaterial="grass_side"/>
		<Tile position="2,23" tileMaterial="grass_side"/>
		<Tile position="3,23" tileMaterial="grass_side"/>
		<Tile position="4,23" tileMaterial="grass_side"/>
		<Tile position="5,23" tileMaterial="grass_side"/>
		<Tile position="8,23" tileMaterial="grass_side"/>				
		<Tile position="6,23" tileMaterial="grass_side"/>
		<Tile position="7,23" tileMaterial="grass_side"/>
		<Tile position="10,23" tileMaterial="grass_side"/>
		<Tile position="11,23" tileMaterial="grass_side"/>
		<Tile position="12,23" tileMaterial="grass_side"/>
		<Tile position="13,23" tileMaterial="grass_side"/>
		<Tile position="14,23" tileMaterial="grass_side"/>
		<Tile position="15,23" tileMaterial="grass_side"/>
		<Tile position="16,23" tileMaterial="grass_side"/>
		<Tile position="17,23" tileMaterial="grass_side"/>
		<Tile position="18,23" tileMaterial="grass_side"/>
		<Tile position="21,23" tileMaterial="grass_side"/>
	    <Tile position="22,23" tileMaterial="grass_side"/>		
		<Tile position="23,23" tileMaterial="grass_side"/>	
		<Tile position="24,23" tileMaterial="grass_side"/>	
		<Tile position="25,23" tileMaterial="grass_side"/>	
		<Tile position="26,23" tileMaterial="grass_side"/>	
		<Tile position="27,23" tileMaterial="grass_side"/>	
		<Tile position="28,23" tileMaterial="grass_side"/>	
		<Tile position="29,23" tileMaterial="grass_side"/>	
		<Tile position="30,23" tileMaterial="grass_side"/>	
		<Tile position="31,23" tileMaterial="grass_side"/>	
		<Tile position="32,23" tileMaterial="grass_side"/>	
		<Tile position="33,23" tileMaterial="grass_side"/>	
		<Tile position="34,23" tileMaterial="grass_side"/>	
		<Tile position="35,23" tileMaterial="grass_side"/>	
		<Tile position="36,23" tileMaterial="grass_side"/>
		
<Tile position="0,24" tileMaterial="dirt"/>
<Tile position="1,24" tileMaterial="dirt"/>
<Tile position="2,24" tileMaterial="dirt"/>
<Tile position="3,24" tileMaterial="dirt"/>
<Tile position="4,24" tileMaterial="dirt"/>
<Tile position="5,24" tileMaterial="dirt"/>
<Tile position="6,24" tileMaterial="dirt"/>
<Tile position="7,24" tileMaterial="dirt"/>
<Tile position="8,24" tileMaterial="dirt"/>
<Tile position="10,24" tileMaterial="dirt"/>
<Tile position="11,24" tileMaterial="dirt"/>
<Tile position="12,24" tileMaterial="dirt"/>
<Tile position="13,24" tileMaterial="dirt"/>
<Tile position="14,24" tileMaterial="dirt"/>
<Tile position="15,24" tileMaterial="dirt"/>
<Tile position="16,24" tileMaterial="dirt"/>
<Tile position="17,24" tileMaterial="dirt"/>
<Tile position="18,24" tileMaterial="dirt"/>
<Tile position="21,24" tileMaterial="dirt"/>
<Tile position="22,24" tileMaterial="dirt"/>
<Tile position="23,24" tileMaterial="dirt"/>
<Tile position="24,24" tileMaterial="dirt"/>
<Tile position="25,24" tileMaterial="dirt"/>
<Tile position="26,24" tileMaterial="dirt"/>
<Tile position="27,24" tileMaterial="dirt"/>
<Tile position="28,24" tileMaterial="dirt"/>
<Tile position="29,24" tileMaterial="dirt"/>
<Tile position="30,24" tileMaterial="dirt"/>
<Tile position="31,24" tileMaterial="dirt"/>
<Tile position="32,24" tileMaterial="dirt"/>
<Tile position="33,24" tileMaterial="dirt"/>
<Tile position="34,24" tileMaterial="dirt"/>
<Tile position="35,24" tileMaterial="dirt"/>
<Tile position="36,24" tileMaterial="dirt"/>

<Tile position="22,22" tileMaterial="wood"/>		
<Tile position="23,22" tileMaterial="wood"/>
<Tile position="24,22" tileMaterial="wood"/>
<Tile position="25,22" tileMaterial="wood"/>
<Tile position="26,22" tileMaterial="wood"/>
<Tile position="27,22" tileMaterial="wood"/>
<Tile position="28,22" tileMaterial="wood"/>
<Tile position="29,22" tileMaterial="wood"/>

<Tile position="23,21" tileMaterial="wood"/>		
<Tile position="24,21" tileMaterial="wood"/>
<Tile position="25,21" tileMaterial="wood"/>
<Tile position="26,21" tileMaterial="wood"/>
<Tile position="27,21" tileMaterial="wood"/>
<Tile position="28,21" tileMaterial="wood"/>
<Tile position="29,21" tileMaterial="wood"/>

<Tile position="24,20" tileMaterial="wood"/>
<Tile position="25,20" tileMaterial="wood"/>
<Tile position="26,20" tileMaterial="wood"/>
<Tile position="27,20" tileMaterial="wood"/>
<Tile position="28,20" tileMaterial="wood"/>
<Tile position="29,20" tileMaterial="wood"/>

<Tile position="25,19" tileMaterial="wood"/>
<Tile position="26,19" tileMaterial="wood"/>
<Tile position="27,19" tileMaterial="wood"/>
<Tile position="28,19" tileMaterial="wood"/>
<Tile position="29,19" tileMaterial="wood"/>

<Tile position="26,18" tileMaterial="wood"/>
<Tile position="27,18" tileMaterial="wood"/>
<Tile position="28,18" tileMaterial="wood"/>
<Tile position="29,18" tileMaterial="wood"/>

<Tile position="27,17" tileMaterial="wood"/>
<Tile position="28,17" tileMaterial="wood"/>
<Tile position="29,17" tileMaterial="wood"/>

<Tile position="28,16" tileMaterial="wood"/>
<Tile position="29,16" tileMaterial="wood"/>

<Tile position="29,15" tileMaterial="wood"/>

<Tile position="1,20" tileMaterial="brick"/>
<Tile position="3,20" tileMaterial="brick"/>
<Tile position="5,20" tileMaterial="brick"/>


<Tile position="35,22" tileMaterial="pole"/>
<Tile position="35,21" tileMaterial="pole"/>
<Tile position="35,20" tileMaterial="pole"/>
<Tile position="35,19" tileMaterial="pole"/>
<Tile position="35,18" tileMaterial="pole"/>
<Tile position="35,17" tileMaterial="pole"/>
<Tile position="35,16" tileMaterial="pole"/>


<Tile position="32,16" tileMaterial="koopa"/>



	</Tiles>


	

	<Entities>
		<Entity center="0,22" entityType="Mario"/>
		<Entity center="1,21"  entityType="coin"/>
		<Entity center="2,21"  entityType="coin"/>
		<Entity center="3,21"  entityType="coin"/>
		<Entity center="4,21"  entityType="coin"/>
		<Entity center="5,21"  entityType="coin"/>
		<Entity center="6,21"  entityType="coin"/>
		<Entity center="7,21"  entityType="coin"/>
		<Entity center="8,21"  entityType="coin"/>
		<Entity center="16,21" entityType="coin"/>
		<Entity center="17,21" entityType="coin"/>
		<Entity center="18,21" entityType="coin"/>
		<Entity center="14,21" entityType="coin"/>
		<Entity center="15,21" entityType="coin"/>
		<Entity center="22,21" entityType="coin"/>
		<Entity center="24,19" entityType="coin"/>
		<Entity center="26,17" entityType="coin"/>
		<Entity center="28,15" entityType="coin"/>
		<Entity center="34,15" entityType="star"/>
		
		<Entity center="7,22" entityType="movinggumba"/>
		<Entity center="14,22" entityType="movinggumba2"/>
		<Entity center="15,22" entityType="movinggumba2"/>
		<Entity center="16,22" entityType="movinggumba2"/>
		<Entity center="17,22" entityType="movinggumba2"/>
		<Entity center="18,22" entityType="movinggumba2"/>
		<Entity center="23,20" entityType="gumba"/>
		<Entity center="25,18" entityType="gumba"/>
		<Entity center="27,16" entityType="gumba"/>
		<Entity center="29,14" entityType="gumba"/>
		
		<Entity center="11,22" entityType="koopa"/>
		<Entity center="34,16" entityType="bflag"/>
		
		<Entity center="6,20"  entityType="teleporter1"/>
		<Entity center="30,22"  entityType="teleporter3"/>
		
		<Entity center="16,20" entityType="bb2"/>
		<Entity center="2,20" entityType="bb"/>
		
		<Entity center="9,24" entityType="cliff"/>
		<Entity center="19,24" entityType="cliff"/>
		<Entity center="20,24" entityType="cliff"/>
		
	
		
	</Entities>
	

	
	
</Map>
