﻿<?xml version="1.0" encoding="utf-8"?>
<Map maximumCoordinates="36,24" numberOfTilesInViewVertically="10" officialName="Side View Test Map #1" view="side" backgroundTint="0,0,100">
	<Tiles>
		
		<Tile position="0,23" tileMaterial="stone"/>
		<Tile position="1,23" tileMaterial="stone"/>
		<Tile position="2,23" tileMaterial="stone"/>
		<Tile position="3,23" tileMaterial="stone"/>
		<Tile position="4,23" tileMaterial="stone"/>
		<Tile position="5,23" tileMaterial="stone"/>				
		<Tile position="6,23" tileMaterial="stone"/>
		<Tile position="7,23" tileMaterial="stone"/>
		<Tile position="8,23" tileMaterial="stone"/>
		<Tile position="9,23" tileMaterial="stone"/>
		<Tile position="10,23" tileMaterial="stone"/>
		<Tile position="11,23" tileMaterial="stone"/>
		<Tile position="12,23" tileMaterial="stone"/>
		<Tile position="20,23" tileMaterial="stone"/>
		<Tile position="14,23" tileMaterial="stone"/>
		<Tile position="15,23" tileMaterial="stone"/>
		<Tile position="16,23" tileMaterial="stone"/>
		<Tile position="17,23" tileMaterial="stone"/>
		<Tile position="18,23" tileMaterial="stone"/>
		<Tile position="19,23" tileMaterial="stone"/>
		<Tile position="20,23" tileMaterial="stone"/>
		<Tile position="21,23" tileMaterial="stone"/>
	    <Tile position="22,23" tileMaterial="stone"/>		
		<Tile position="23,23" tileMaterial="stone"/>	
		<Tile position="24,23" tileMaterial="stone"/>	
		<Tile position="25,23" tileMaterial="stone"/>	
		<Tile position="26,23" tileMaterial="stone"/>	
		<Tile position="27,23" tileMaterial="stone"/>	
		<Tile position="28,23" tileMaterial="stone"/>	
		<Tile position="29,23" tileMaterial="stone"/>	
		<Tile position="30,23" tileMaterial="stone"/>	
		<Tile position="31,23" tileMaterial="stone"/>	
		<Tile position="32,23" tileMaterial="stone"/>	
		<Tile position="33,23" tileMaterial="stone"/>	
		<Tile position="34,23" tileMaterial="stone"/>	
		<Tile position="35,23" tileMaterial="stone"/>	
		<Tile position="36,23" tileMaterial="stone"/>
		
		<Tile position="0,24" tileMaterial="stone"/>
		<Tile position="1,24" tileMaterial="stone"/>
		<Tile position="2,24" tileMaterial="stone"/>
		<Tile position="3,24" tileMaterial="stone"/>
		<Tile position="4,24" tileMaterial="stone"/>
		<Tile position="5,24" tileMaterial="stone"/>
		<Tile position="6,24" tileMaterial="stone"/>
		<Tile position="7,24" tileMaterial="stone"/>
		<Tile position="8,24" tileMaterial="stone"/>
		<Tile position="9,24" tileMaterial="stone"/>
		<Tile position="10,24" tileMaterial="stone"/>
		<Tile position="11,24" tileMaterial="stone"/>
		<Tile position="12,24" tileMaterial="stone"/>
		<Tile position="13,24" tileMaterial="stone"/>
		<Tile position="14,24" tileMaterial="stone"/>
		<Tile position="15,24" tileMaterial="stone"/>
		<Tile position="16,24" tileMaterial="stone"/>
		<Tile position="17,24" tileMaterial="stone"/>
		<Tile position="18,24" tileMaterial="stone"/>
		<Tile position="19,24" tileMaterial="stone"/>
		<Tile position="20,24" tileMaterial="stone"/>
		<Tile position="21,24" tileMaterial="stone"/>
		<Tile position="22,24" tileMaterial="stone"/>
		<Tile position="23,24" tileMaterial="stone"/>
		<Tile position="24,24" tileMaterial="stone"/>
		<Tile position="25,24" tileMaterial="stone"/>
		<Tile position="26,24" tileMaterial="stone"/>
		<Tile position="27,24" tileMaterial="stone"/>
		<Tile position="28,24" tileMaterial="stone"/>
		<Tile position="29,24" tileMaterial="stone"/>
		<Tile position="30,24" tileMaterial="stone"/>
		<Tile position="31,24" tileMaterial="stone"/>
		<Tile position="32,24" tileMaterial="stone"/>
		<Tile position="33,24" tileMaterial="stone"/>
		<Tile position="34,24" tileMaterial="stone"/>
		<Tile position="35,24" tileMaterial="stone"/>
		<Tile position="36,24" tileMaterial="stone"/>
		
		<Tile position="0,13" tileMaterial="stone"/>
		<Tile position="1,13" tileMaterial="stone"/>
		<Tile position="4,13" tileMaterial="stone"/>
		<Tile position="5,13" tileMaterial="stone"/>
		<Tile position="6,13" tileMaterial="stone"/>
		<Tile position="7,13" tileMaterial="stone"/>
		<Tile position="8,13" tileMaterial="stone"/>
		<Tile position="9,13" tileMaterial="stone"/>
		<Tile position="10,13" tileMaterial="stone"/>
		<Tile position="12,13" tileMaterial="stone"/>
		<Tile position="13,13" tileMaterial="stone"/>
		<Tile position="15,13" tileMaterial="stone"/>
		<Tile position="16,13" tileMaterial="stone"/>
		<Tile position="17,13" tileMaterial="stone"/>
		<Tile position="18,13" tileMaterial="stone"/>
		<Tile position="19,13" tileMaterial="stone"/>
		<Tile position="20,13" tileMaterial="stone"/>
		<Tile position="21,13" tileMaterial="stone"/>
		<Tile position="22,13" tileMaterial="stone"/>
		<Tile position="23,13" tileMaterial="stone"/>
		<Tile position="24,13" tileMaterial="stone"/>
		<Tile position="25,13" tileMaterial="stone"/>
		<Tile position="26,13" tileMaterial="stone"/>
		<Tile position="27,13" tileMaterial="stone"/>
		<Tile position="28,13" tileMaterial="stone"/>
		<Tile position="29,13" tileMaterial="stone"/>
		<Tile position="30,13" tileMaterial="stone"/>
		<Tile position="31,13" tileMaterial="stone"/>
		<Tile position="32,13" tileMaterial="stone"/>
		<Tile position="33,13" tileMaterial="stone"/>
		<Tile position="34,13" tileMaterial="stone"/>
		<Tile position="35,13" tileMaterial="stone"/>
		<Tile position="36,13" tileMaterial="stone"/>
       <Tile position="13,23" tileMaterial="stone"/>
		<Tile position="14,13" tileMaterial="stone"/>
		<Tile position="11,13" tileMaterial="stone"/>
		<Tile position="17,22" tileMaterial="stone"/>
		<Tile position="17,21" tileMaterial="stone"/>
		<Tile position="17,20" tileMaterial="stone"/>
		<Tile position="17,19" tileMaterial="stone"/>
		<Tile position="17,18" tileMaterial="stone"/>
		<Tile position="17,17" tileMaterial="stone"/>
		<Tile position="17,16" tileMaterial="stone"/>
		<Tile position="17,15" tileMaterial="stone"/>
		<Tile position="17,14" tileMaterial="stone"/>
		<Tile position="17,13" tileMaterial="stone"/>
		<Tile position="2,13" tileMaterial="stone"/>
		<Tile position="3,13" tileMaterial="stone"/>
		<Tile position="15,12" tileMaterial="stone"/>
		<Tile position="15,11" tileMaterial="stone"/>
		<Tile position="15,10" tileMaterial="stone"/>
		<Tile position="15,9" tileMaterial="stone"/>
		<Tile position="15,8" tileMaterial="stone"/>
		<Tile position="15,7" tileMaterial="stone"/>
		<Tile position="15,6" tileMaterial="stone"/>
		<Tile position="15,5" tileMaterial="stone"/>
		<Tile position="2,4" tileMaterial="stone"/>
		<Tile position="3,4" tileMaterial="stone"/>
		<Tile position="4,4" tileMaterial="stone"/>
		<Tile position="5,4" tileMaterial="stone"/>
		<Tile position="6,4" tileMaterial="stone"/>
		<Tile position="7,4" tileMaterial="stone"/>
		<Tile position="8,4" tileMaterial="stone"/>
		<Tile position="9,4" tileMaterial="stone"/>
		<Tile position="10,4" tileMaterial="stone"/>
		<Tile position="11,4" tileMaterial="stone"/>
		<Tile position="12,4" tileMaterial="stone"/>
		<Tile position="13,4" tileMaterial="stone"/>
		<Tile position="14,4" tileMaterial="stone"/>
		<Tile position="15,4" tileMaterial="stone"/>
		<Tile position="16,5" tileMaterial="stone"/>
		<Tile position="17,6" tileMaterial="stone"/>
		<Tile position="18,7" tileMaterial="stone"/>
		<Tile position="19,8" tileMaterial="stone"/>
		<Tile position="21,10" tileMaterial="stone"/>
		<Tile position="23,10" tileMaterial="stone"/>
		<Tile position="24,10" tileMaterial="stone"/>
		<Tile position="26,10" tileMaterial="stone"/>
		<Tile position="27,10" tileMaterial="stone"/>
		<Tile position="29,10" tileMaterial="stone"/>
		<Tile position="29,8" tileMaterial="stone"/>
		<Tile position="29,7" tileMaterial="stone"/>
		<Tile position="29,6" tileMaterial="stone"/>
		<Tile position="20,10" tileMaterial="stone"/>
		 <Tile position="0,4" tileMaterial="stone"/>
	     <Tile position="1,4" tileMaterial="stone"/>
		 <Tile position="19,9" tileMaterial="stone"/>
		  <Tile position="29,9" tileMaterial="stone"/>
		
<Tile position="22,22" tileMaterial="wood"/>		
<Tile position="23,22" tileMaterial="wood"/>
<Tile position="24,22" tileMaterial="wood"/>
<Tile position="25,22" tileMaterial="wood"/>
<Tile position="26,22" tileMaterial="wood"/>
<Tile position="27,22" tileMaterial="wood"/>
<Tile position="28,22" tileMaterial="wood"/>
<Tile position="29,22" tileMaterial="wood"/>

<Tile position="23,21" tileMaterial="wood"/>		
<Tile position="24,21" tileMaterial="wood"/>
<Tile position="25,21" tileMaterial="wood"/>
<Tile position="26,21" tileMaterial="wood"/>
<Tile position="27,21" tileMaterial="wood"/>
<Tile position="28,21" tileMaterial="wood"/>
<Tile position="29,21" tileMaterial="wood"/>

<Tile position="24,20" tileMaterial="wood"/>
<Tile position="25,20" tileMaterial="wood"/>
<Tile position="26,20" tileMaterial="wood"/>
<Tile position="27,20" tileMaterial="wood"/>
<Tile position="28,20" tileMaterial="wood"/>
<Tile position="29,20" tileMaterial="wood"/>

<Tile position="25,19" tileMaterial="wood"/>
<Tile position="26,19" tileMaterial="wood"/>
<Tile position="27,19" tileMaterial="wood"/>
<Tile position="28,19" tileMaterial="wood"/>
<Tile position="29,19" tileMaterial="wood"/>

<Tile position="26,18" tileMaterial="wood"/>
<Tile position="27,18" tileMaterial="wood"/>
<Tile position="28,18" tileMaterial="wood"/>
<Tile position="29,18" tileMaterial="wood"/>

<Tile position="27,17" tileMaterial="wood"/>
<Tile position="28,17" tileMaterial="wood"/>
<Tile position="29,17" tileMaterial="wood"/>

<Tile position="28,16" tileMaterial="wood"/>
<Tile position="29,16" tileMaterial="wood"/>

<Tile position="29,15" tileMaterial="wood"/>

<Tile position="35,22" tileMaterial="pole"/>
<Tile position="35,21" tileMaterial="pole"/>
<Tile position="35,20" tileMaterial="pole"/>
<Tile position="35,19" tileMaterial="pole"/>
<Tile position="35,18" tileMaterial="pole"/>
<Tile position="35,17" tileMaterial="pole"/>
<Tile position="35,16" tileMaterial="pole"/>
<Tile position="32,16" tileMaterial="koopa"/>
<Tile position="31,16" tileMaterial="koopa"/>
<Tile position="33,16" tileMaterial="koopa"/>
	</Tiles>

	
	

	<Entities>
		<Entity center="0,22" entityType="Mario"/>
		<Entity center="1,1" entityType="SmasherTimer"/>

		
	 <Entity center="7,17" entityType="smasherSpawner"/> 
	 <Entity center="10,17" entityType="smasherSpawner"/> 
	 
	<Entity center="11,7" entityType="smasherSpawner2"/> 
	<Entity center="7,7" entityType="smasherSpawner2"/> 
	<Entity center="5,7" entityType="smasherSpawner"/> 
	<Entity center="3,7" entityType="smasherSpawner2"/> 
	
	<Entity center="34,16" entityType="bflag"/>
	<Entity center="14,22" entityType="teleporter4"/>
	<Entity center="2,12" entityType="teleporter5"/>
	
	<Entity center="5,1" entityType="bb"/>
	
	<Entity center="10,3" entityType="gumba"/>
	<Entity center="12,3" entityType="gumba"/>
	<Entity center="14,3" entityType="gumba"/>	

	

	
	<Entity center="18,21" entityType="star"/>
	<Entity center="18,22" entityType="star"/>
	<Entity center="19,21" entityType="star"/>
	
	<Entity center="22,11" entityType="teleporter4"/>
	<Entity center="25,11" entityType="teleporter3"/>
	<Entity center="28,11" entityType="teleporter6"/>
	
	</Entities>
	

	
	
</Map>
