﻿<?xml version="1.0" encoding="utf-8"?>
<Map maximumCoordinates="36,24" numberOfTilesInViewVertically="10" officialName="Side View Test Map #1" view="side" backgroundTint="0,0,100">
	<Tiles>
		
		<Tile position="0,23" tileMaterial="cloud"/>
		<Tile position="1,23" tileMaterial="cloud"/>
		<Tile position="2,23" tileMaterial="cloud"/>
		<Tile position="3,23" tileMaterial="cloud"/>
		<Tile position="4,23" tileMaterial="cloud"/>
		<Tile position="5,23" tileMaterial="cloud"/>				
		<Tile position="6,23" tileMaterial="cloud"/>
		<Tile position="7,23" tileMaterial="cloud"/>
		<Tile position="8,23" tileMaterial="cloud"/>
		<Tile position="9,23" tileMaterial="cloud"/>
		<Tile position="10,23" tileMaterial="cloud"/>
		<Tile position="11,23" tileMaterial="cloud"/>
		<Tile position="12,23" tileMaterial="cloud"/>
		<Tile position="13,23" tileMaterial="cloud"/>
		<Tile position="14,23" tileMaterial="cloud"/>
		<Tile position="15,23" tileMaterial="cloud"/>
		<Tile position="16,23" tileMaterial="cloud"/>
		<Tile position="17,23" tileMaterial="cloud"/>
		<Tile position="18,23" tileMaterial="cloud"/>
		<Tile position="19,23" tileMaterial="cloud"/>
		<Tile position="20,23" tileMaterial="cloud"/>
		<Tile position="21,23" tileMaterial="cloud"/>
	    <Tile position="22,23" tileMaterial="cloud"/>		
		<Tile position="23,23" tileMaterial="cloud"/>	
		<Tile position="24,23" tileMaterial="cloud"/>	
		<Tile position="25,23" tileMaterial="cloud"/>	
		<Tile position="26,23" tileMaterial="cloud"/>	
		<Tile position="27,23" tileMaterial="cloud"/>	
		<Tile position="28,23" tileMaterial="cloud"/>	
		<Tile position="29,23" tileMaterial="cloud"/>	
		<Tile position="30,23" tileMaterial="cloud"/>	
		<Tile position="31,23" tileMaterial="cloud"/>	
		<Tile position="32,23" tileMaterial="cloud"/>	
		<Tile position="33,23" tileMaterial="cloud"/>	
		<Tile position="34,23" tileMaterial="cloud"/>	
		<Tile position="35,23" tileMaterial="cloud"/>	
		<Tile position="36,23" tileMaterial="cloud"/>
		
		<Tile position="0,24" tileMaterial="cloud"/>
		<Tile position="1,24" tileMaterial="cloud"/>
		<Tile position="2,24" tileMaterial="cloud"/>
		<Tile position="3,24" tileMaterial="cloud"/>
		<Tile position="4,24" tileMaterial="cloud"/>
		<Tile position="5,24" tileMaterial="cloud"/>
		<Tile position="6,24" tileMaterial="cloud"/>
		<Tile position="7,24" tileMaterial="cloud"/>
		<Tile position="8,24" tileMaterial="cloud"/>
		<Tile position="9,24" tileMaterial="cloud"/>
		<Tile position="10,24" tileMaterial="cloud"/>
		<Tile position="11,24" tileMaterial="cloud"/>
		<Tile position="12,24" tileMaterial="cloud"/>
		<Tile position="13,24" tileMaterial="cloud"/>
		<Tile position="14,24" tileMaterial="cloud"/>
		<Tile position="15,24" tileMaterial="cloud"/>
		<Tile position="16,24" tileMaterial="cloud"/>
		<Tile position="17,24" tileMaterial="cloud"/>
		<Tile position="18,24" tileMaterial="cloud"/>
		<Tile position="19,24" tileMaterial="cloud"/>
		<Tile position="20,24" tileMaterial="cloud"/>
		<Tile position="21,24" tileMaterial="cloud"/>
		<Tile position="22,24" tileMaterial="cloud"/>
		<Tile position="23,24" tileMaterial="cloud"/>
		<Tile position="24,24" tileMaterial="cloud"/>
		<Tile position="25,24" tileMaterial="cloud"/>
		<Tile position="26,24" tileMaterial="cloud"/>
		<Tile position="27,24" tileMaterial="cloud"/>
		<Tile position="28,24" tileMaterial="cloud"/>
		<Tile position="29,24" tileMaterial="cloud"/>
		<Tile position="30,24" tileMaterial="cloud"/>
		<Tile position="31,24" tileMaterial="cloud"/>
		<Tile position="32,24" tileMaterial="cloud"/>
		<Tile position="33,24" tileMaterial="cloud"/>
		<Tile position="34,24" tileMaterial="cloud"/>
		<Tile position="35,24" tileMaterial="cloud"/>
		<Tile position="36,24" tileMaterial="cloud"/>


	</Tiles>

	
	

	<Entities>
		<Entity center="0,22" entityType="Mario"/>
		<Entity center="0,20"  entityType="coin"/>
		<Entity center="2,21"  entityType="star"/>
		<Entity center="0,19"  entityType="coin"/>
		<Entity center="1,21"  entityType="coin"/>
		<Entity center="1,19"  entityType="coin"/>
		<Entity center="1,20"  entityType="coin"/>
		<Entity center="2,20"  entityType="coin"/>
		<Entity center="2,19"  entityType="coin"/>
		<Entity center="3,21"  entityType="coin"/>
		<Entity center="3,19"  entityType="coin"/>
		<Entity center="3,20"  entityType="coin"/>
	    <Entity center="4,21"  entityType="coin"/>
		<Entity center="4,19"  entityType="coin"/>
		<Entity center="4,20"  entityType="coin"/>
		
		<Entity center="5,21" entityType="lever"/>
		<Entity center="7,20" entityType="coinspawner"/>
		<Entity center="9,20" entityType="coinspawner"/>
		<Entity center="11,21" entityType="coinspawner"/>
		<Entity center="13,20" entityType="coinspawner"/>
		<Entity center="15,20" entityType="coinspawner"/>
		<Entity center="16,21" entityType="coinspawner"/>
		<Entity center="17,20" entityType="coinspawner2"/>
		
		
		<Entity center="20,22" entityType="teleporter2"/>
		
	</Entities>
	
	
</Map>