﻿<?xml version="1.0" encoding="utf-8"?>
<ListOfEntityTypes>

	<EntityType name="Hero" flags="Player" fullHealth="100" maxVelocity2D="2.5,2.5">
		<Controller type="Player1"/>
		<Appearance size="0.50,0.50">
			<BaseImage spriteSheet="basics" spriteCoords="29,12" tint="255,255,255"/>
			<HealthBar type="overheadwhendamaged"/>
		</Appearance>
		<Trigger type="event" event="shoot">
			<SpawnEntityAtSelf value="Bullet"/>
		</Trigger>
		<Trigger type="died">
			<SetLargeCenterText value="...and our Hero was never heard from again."/>
			<SetLargeCenterText2 value="Game Over!  Press F12 to play again!"/>
			<PlaySound value="Global/Audio/gong"/>
			<GameOver value="true"/>
		</Trigger>
	</EntityType>
	
	
	<EntityType name="MonsterCounter" fullHealth="3">
		<Trigger type="event" event="GuardDied">
			<DamageSelf value="1"/>
		</Trigger>
		<Trigger type="died">
			<FireEvent value="OpenFinalDoor"/>
		</Trigger>
	</EntityType>

	
	<EntityType name="Bullet" maxVelocity2D="8,8" flags="Flying">
		<Controller type="AI" strategy="Roam"/>
		<Properties>
			<IfBlocked value="die"/>
		</Properties>
		<Appearance size="0.40,0.40">
			<BaseImage spriteSheet="basics" spriteCoords="30,0" tint="255,150,40"/>
		</Appearance>
		<Trigger type="startOverlapWithEntity" ifOtherHasFlags="Enemy">
			<DamageOther value="25"/>
			<DamageSelf value="100"/>
		</Trigger>
	</EntityType>


	<EntityType name="EnemyBullet" facing="up" maxVelocity2D="8,8" flags="Flying">
		<Controller type="AI" strategy="Roam"/>
		<Properties>
			<IfBlocked value="die"/>
		</Properties>
		<Appearance size="0.40,0.40">
			<BaseImage spriteSheet="basics" spriteCoords="30,0" tint="100,100,255"/>
		</Appearance>
		<Trigger type="startOverlapWithEntity" ifOtherHasFlags="Player">
			<DamageOther value="25"/>
		</Trigger>
	</EntityType>


	<EntityType name="RedKey">
		<Appearance size="0.40,0.40">
			<BaseImage spriteSheet="basics" spriteCoords="12,27" tint="255,40,40"/>
		</Appearance>
		<Trigger type="startOverlapWithEntity" ifOtherHasFlags="Player,!HasRedKey">
			<SetFlagsOnOther value="HasRedKey"/>
			<PlaySound value="Global/Audio/digital3"/>
			<DamageSelf value="100"/>
		</Trigger>
	</EntityType>


	<EntityType name="GreenKey">
		<Appearance size="0.40,0.40">
			<BaseImage spriteSheet="basics" spriteCoords="12,27" tint="40,255,40"/>
		</Appearance>
		<Trigger type="startOverlapWithEntity" ifOtherHasFlags="Player,!HasGreenKey">
			<SetFlagsOnOther value="HasGreenKey"/>
			<PlaySound value="Global/Audio/digital3"/>
			<DamageSelf value="100"/>
		</Trigger>
	</EntityType>
	
	
	<EntityType name="SkeletonWithGreenKey" flags="Enemy" maxVelocity2D="1,1">
		<Controller type="AI" strategy="Roam"/>
		<Properties>
			<IfBlocked value="turnAround,turnLeft,turnRight,turnHardLeft,turnHardRight"/>
		</Properties>
		<Appearance size="0.95,0.95">
			<BaseImage spriteSheet="basics" spriteCoords="30,12"/>
			<OverlayImage spriteSheet="basics" spriteCoords="12,27" tint="40,255,40"/>
			<HealthBar type="overheadWhenDamaged"/>
		</Appearance>
		<Trigger type="startOverlapWithEntity" ifOtherHasFlags="Player">
			<DamageOther value="10"/>
			<PlaySound value="Global/Audio/soft-zap"/>
		</Trigger>
		<Trigger type="died">
			<SpawnEntityAtSelf value="GreenKey"/>
			<PlaySound value="Global/Audio/eagle"/>
		</Trigger>
		<Trigger type="age" ageInSeconds="0.2">
			<SpawnEntityAtSelf value="EnemyBullet"/>
			<SetAgeOnSelf value="0"/>
		</Trigger>
	</EntityType>

	
	<EntityType name="WarriorUpAndDown" facing="up" flags="Enemy" maxVelocity2D="2,2">
		<Controller type="AI" strategy="Roam"/>
		<Properties>
			<IfBlocked value="turnAround"/>
		</Properties>
		<Appearance size="0.95,0.95">
			<BaseImage spriteSheet="basics" spriteCoords="22,13"/>
			<HealthBar type="overheadAlways"/>
		</Appearance>
		<Trigger type="startOverlapWithEntity" ifOtherHasFlags="Player">
			<DamageOther value="20"/>
			<PlaySound value="Global/Audio/soft-zap"/>
		</Trigger>
		<Trigger type="died">
			<FireEvent value="GuardDied"/>
		</Trigger>
	</EntityType>	
	
	
	<EntityType name="CrusherLeftAndRight" flags="Enemy" facing="left" fullHealth="1000" maxVelocity2D="2,2">
		<Controller type="AI" strategy="Roam"/>
		<Properties>
			<IfBlocked value="turnAround"/>
		</Properties>
		<Appearance size="0.95,0.95">
			<BaseImage spriteSheet="basics" spriteCoords="13,6"/>
		</Appearance>
		<Trigger type="startOverlapWithEntity" ifOtherHasFlags="Player">
			<DamageOther value="95"/>
			<PlaySound value="Global/Audio/soft-zap"/>
		</Trigger>
		<Trigger type="startOverlapWithEntity" ifOtherHasFlags="Enemy">
			<DamageOther value="30"/>
			<PlaySound value="Global/Audio/soft-zap"/>
		</Trigger>
	</EntityType>	
	
	
	<EntityType name="MainRoomDirector">
		<Trigger type="age" ageInSeconds="1">
			<SetWorldText0 value="Welcome to the example map!"/>
			<SetWorldText0Position value="7,1"/>
			<SetWorldText0Color value="255,255,0"/>
			<SetWorldText0ShadowColor value="0,0,0"/>
			<SetWorldText0Height value="0.5"/>
			<SetWorldText0Alignment value="center"/>
		</Trigger>
		<Trigger type="age" ageInSeconds="4">
			<SetWorldText0 value=""/>
		</Trigger>
	</EntityType>

</ListOfEntityTypes>
