﻿<?xml version="1.0" encoding="utf-8"?>
<ListOfTileMaterials>

	<TileMaterial name="Cobblestone">
		<BaseImage spriteSheet="basics" spriteCoords="0,1"/>
	</TileMaterial>

	
	<TileMaterial name="openDoor">
		<BaseImage spriteSheet="basics" spriteCoords="3,16"/>
		<Properties>
			<BlocksAllEntities value="false"/>
		</Properties>
	</TileMaterial>


	<TileMaterial name="water">
		<BaseImage spriteSheet="basics" spriteCoords="13,12"/>
		<Properties>
			<BlocksAllEntities value="false"/>
			<BlocksEntitiesWithFlags value="!Flying"/>
		</Properties>
	</TileMaterial>


	<TileMaterial name="stoneFloor">
		<BaseImage spriteSheet="basics" spriteCoords="0,14"/>
		<Properties>
			<BlocksAllEntities value="false"/>
		</Properties>
	</TileMaterial>

	
	<TileMaterial name="pipeOverStoneFloor">
		<BaseImage spriteSheet="basics" spriteCoords="0,14"/>
		<TopImage spriteSheet="basics" spriteCoords="5,28"/>
		<Properties>
			<BlocksAllEntities value="false"/>
		</Properties>
	</TileMaterial>

	
	<TileMaterial name="grateOverStoneFloor">
		<BaseImage spriteSheet="basics" spriteCoords="0,14"/>
		<TopImage spriteSheet="basics" spriteCoords="10,8"/>
		<Properties>
			<BlocksAllEntities value="false"/>
		</Properties>
	</TileMaterial>

	
	<TileMaterial name="glassOverStoneFloor">
		<BaseImage spriteSheet="basics" spriteCoords="0,14"/>
		<TopImage spriteSheet="basics" spriteCoords="3,4"/>
		<Properties>
			<BlocksAllEntities value="false"/>
		</Properties>
	</TileMaterial>

	
	<TileMaterial name="lava">
		<BaseImage spriteSheet="basics" spriteCoords="13,13"/>
		<Properties>
			<BlocksAllEntities value="false"/>
			<BlocksEntitiesWithFlags value="Enemy,!Flying"/>
		</Properties>
		<Trigger type="startOverlapWithEntity" ifOtherHasFlags="!Flying">
			<DamageOther value="25"/>
			<PlaySound value="Global/Audio/soft-zap"/>
		</Trigger>
	</TileMaterial>


	
	<TileMaterial name="FinalDoor">
		<BaseImage spriteSheet="basics" spriteCoords="2,16" tint="255,255,255"/>
		<Trigger type="event" event="OpenFinalDoor">
			<ChangeBaseSpriteCoords value="3,16"/>
			<PlaySound value="Global/Audio/digital4"/>
			<DamageSelf value="100"/>
		</Trigger>
	</TileMaterial>
	
	
	<TileMaterial name="LockedDoorRed">
		<BaseImage spriteSheet="basics" spriteCoords="2,16" tint="255,40,40"/>
		<Properties>
			<BlocksAllEntities value="false"/>
			<BlocksEntitiesWithFlags value="!HasRedKey"/>
		</Properties>
		<Trigger type="startOverlapWithEntity" ifOtherHasFlags="HasRedKey">
			<ChangeBaseSpriteCoords value="3,16"/>
			<PlaySound value="Global/Audio/digital4"/>
			<DamageSelf value="100"/>
			<SetFlagsOnOther value="!HasRedKey"/>
		</Trigger>
	</TileMaterial>


	<TileMaterial name="LockedDoorGreen">
		<BaseImage spriteSheet="basics" spriteCoords="2,16" tint="40,255,40"/>
		<Properties>
			<BlocksAllEntities value="false"/>
			<BlocksEntitiesWithFlags value="!HasGreenKey"/>
		</Properties>
		<Trigger type="startOverlapWithEntity" ifOtherHasFlags="HasGreenKey">
			<ChangeBaseSpriteCoords value="3,16"/>
			<PlaySound value="Global/Audio/digital4"/>
			<DamageSelf value="100"/>
		</Trigger>
	</TileMaterial>



	
</ListOfTileMaterials>
