﻿<?xml version="1.0" encoding="utf-8"?>
<EntityTypes>

	<EntityType name="Hero" maxVelocity2D="4,4" flags="Player">
		<Controller type="Player1"/>
		<Trigger type="event" event="shoot1" ifIHaveFlags="HasFireWand">
			<SpawnEntityAtSelf value="Fireball"/>
		</Trigger>
		<Trigger type="event" event="shoot2" ifIHaveFlags="HasBow">
			<SpawnEntityAtSelf value="Arrow"/>
		</Trigger>
		<Trigger type="event" event="shoot3" ifIHaveFlags="HasBubbleWand">
			<SpawnEntityAtSelf value="Bubble"/>
		</Trigger>
		<Trigger type="event" event="shoot4" ifIHaveFlags="HasIceQuiver">
			<SpawnEntityAtSelf value="FrozenArrow"/>
		</Trigger>
		<Trigger type="event" event="shoot5" ifIHaveFlags="HasLightningRod">
			<SpawnEntityAtSelf value="Volt"/>
		</Trigger>
		<Trigger type="startOverlapWithEntity" ifOtherHasFlags="Undead">
			<DamageSelf value="25"/>
		</Trigger>
		<Trigger type="startOverlapWithEntity" ifOtherHasFlags="Magma">
			<DamageSelf value="100"/>
		</Trigger>
		<Trigger type="startOverlapWithEntity" ifOtherHasFlags="FrozenSolid">
			<DamageSelf value="100"/>
		</Trigger>
		<Trigger type="startOverlapWithEntity" ifOtherHasFlags="FireBoss">
			<DamageSelf value="80"/>
		</Trigger>
		<Trigger type="startOverlapWithEntity" ifOtherHasFlags="IceBoss">
			<DamageSelf value="90"/>
		</Trigger>
		<Trigger type="startOverlapWithEntity" ifOtherHasFlags="RobotBoss">
			<DamageSelf value="100"/>
		</Trigger>
		<Trigger type="startOverlapWithEntity" ifOtherHasFlags="XLBoss">
			<DamageSelf value="100"/>
		</Trigger>
		<Trigger type="startOverlapWithEntity" ifOtherHasFlags="Bug">
			<DamageSelf value="20"/>
		</Trigger>
		<Trigger type="startOverlapWithEntity" ifOtherHasFlags="Alive">
			<DamageSelf value="15"/>
		</Trigger>
		<Trigger type="startOverlapWithEntity" ifOtherHasFlags="Food">
			<DamageSelf value="-10"/>
		</Trigger>
		<Trigger type="event" event="PlayerGainedFireWand">
			<ChangeBaseSpriteTint value="255,120,120"/>
		</Trigger>
		<Trigger type="event" event="PlayerGainedBubbleWand">
			<ChangeBaseSpriteTint value="180,180,255"/>
		</Trigger>
		<Trigger type="event" event="PlayerGainedLightningRod">
			<ChangeBaseSpriteTint value="255,255,0"/>
		</Trigger>
		<Trigger type="died">
			<PlaySound value="Global/Audio/reward"/>
			<SetLargeCenterText value="Game Over"/>
			<SetLargeCenterText2 value="Your quest is over..."/>
			<GameOver value="true"/>
		</Trigger>
		<Appearance size="0.60,0.60">
			<BaseImage spriteSheet="basics" spriteCoords="23,15" tint="255,255,255"/>
			<HealthBar type="overheadWhenDamaged"/>
		</Appearance>
	</EntityType>
	
	<EntityType name="Sidekick" maxVelocity2D="4,4" flags="Player">
		<Controller type="Player2"/>
		<Trigger type="event" event="shoot1" ifIHaveFlags="HasFireWand">
			<SpawnEntityAtSelf value="Fireball"/>
		</Trigger>
		<Trigger type="event" event="shoot2" ifIHaveFlags="HasBow">
			<SpawnEntityAtSelf value="Arrow"/>
		</Trigger>
		<Trigger type="event" event="shoot3" ifIHaveFlags="HasBubbleWand">
			<SpawnEntityAtSelf value="Bubble"/>
		</Trigger>
		<Trigger type="event" event="shoot4" ifIHaveFlags="HasIceQuiver">
			<SpawnEntityAtSelf value="FrozenArrow"/>
		</Trigger>
		<Trigger type="event" event="shoot5" ifIHaveFlags="HasLightningRod">
			<SpawnEntityAtSelf value="Volt"/>
		</Trigger>
		<Trigger type="startOverlapWithEntity" ifOtherHasFlags="Undead">
			<DamageSelf value="25"/>
		</Trigger>
		<Trigger type="startOverlapWithEntity" ifOtherHasFlags="Magma">
			<DamageSelf value="100"/>
		</Trigger>
		<Trigger type="startOverlapWithEntity" ifOtherHasFlags="FrozenSolid">
			<DamageSelf value="100"/>
		</Trigger>
		<Trigger type="startOverlapWithEntity" ifOtherHasFlags="FireBoss">
			<DamageSelf value="80"/>
		</Trigger>
		<Trigger type="startOverlapWithEntity" ifOtherHasFlags="IceBoss">
			<DamageSelf value="90"/>
		</Trigger>
		<Trigger type="startOverlapWithEntity" ifOtherHasFlags="RobotBoss">
			<DamageSelf value="100"/>
		</Trigger>
		<Trigger type="startOverlapWithEntity" ifOtherHasFlags="Bug">
			<DamageSelf value="20"/>
		</Trigger>
		<Trigger type="startOverlapWithEntity" ifOtherHasFlags="Alive">
			<DamageSelf value="15"/>
		</Trigger>
		<Trigger type="startOverlapWithEntity" ifOtherHasFlags="Food">
			<DamageSelf value="-10"/>
		</Trigger>
		<Trigger type="event" event="PlayerGainedFireWand">
			<ChangeBaseSpriteTint value="255,120,120"/>
		</Trigger>
		<Trigger type="event" event="PlayerGainedBubbleWand">
			<ChangeBaseSpriteTint value="180,180,255"/>
		</Trigger>
		<Trigger type="event" event="PlayerGainedLightningRod">
			<ChangeBaseSpriteTint value="255,255,0"/>
		</Trigger>
		<Appearance size="0.60,0.60">
			<BaseImage spriteSheet="basics" spriteCoords="22,17" tint="255,255,255"/>
			<HealthBar type="overheadWhenDamaged"/>
		</Appearance>
	</EntityType>

        <EntityType name="Apple" flags="Food">
		<Trigger type="startOverlapWithEntity" ifOtherHasFlags="Player">
			<DamageSelf value="100"/>
			<PlaySound value="Global/Audio/click"/>
			<SetFlagsOnOther value="HasBow"/>
			<FireEvent value="PlayerGainedBow"/>
		</Trigger>
		<Properties>
			<IfBlocked value="turnLeft,turnRight"/>
		</Properties>
		<Appearance size="1,1">
			<BaseImage spriteSheet="basics" spriteCoords="26,0" tint="255,255,255"/>
		</Appearance>
	</EntityType>

	<EntityType name="Bow" flags="Bow">
		<Trigger type="startOverlapWithEntity" ifOtherHasFlags="Player">
			<DamageSelf value="100"/>
			<PlaySound value="Global/Audio/click"/>
			<SetFlagsOnOther value="HasBow"/>
			<FireEvent value="PlayerGainedBow"/>
		</Trigger>
		<Properties>
			<IfBlocked value="turnLeft,turnRight"/>
		</Properties>
		<Appearance size="1,1">
			<BaseImage spriteSheet="basics" spriteCoords="21,1" tint="255,255,255"/>
		</Appearance>
	</EntityType>
	
	
	<EntityType name="FireWand" flags="Fire">
		<Trigger type="startOverlapWithEntity" ifOtherHasFlags="Player">
			<DamageSelf value="100"/>
			<PlaySound value="Global/Audio/click"/>
			<SetFlagsOnOther value="HasFireWand"/>
			<FireEvent value="PlayerGainedFireWand"/>
		</Trigger>
		<Properties>
			<IfBlocked value="turnLeft,turnRight"/>
		</Properties>
		<Appearance size="1,1">
			<BaseImage spriteSheet="basics" spriteCoords="21,3" tint="255,0,0"/>
		</Appearance>
	</EntityType>
	
		<EntityType name="BubbleWand" flags="Water">
		<Trigger type="startOverlapWithEntity" ifOtherHasFlags="Player">
			<DamageSelf value="100"/>
			<PlaySound value="Global/Audio/click"/>
			<SetFlagsOnOther value="HasBubbleWand"/>
			<FireEvent value="PlayerGainedBubbleWand"/>
		</Trigger>
		<Properties>
			<IfBlocked value="turnLeft,turnRight"/>
		</Properties>
		<Appearance size="1,1">
			<BaseImage spriteSheet="basics" spriteCoords="19,25" tint="0,0,255"/>
		</Appearance>
	</EntityType>
	
	<EntityType name="IceQuiver" flags="Ice">
		<Trigger type="startOverlapWithEntity" ifOtherHasFlags="Player,HasBow">
			<DamageSelf value="100"/>
			<PlaySound value="Global/Audio/click"/>
			<SetFlagsOnOther value="HasIceQuiver"/>
			<FireEvent value="PlayerGainedIceQuiver"/>
		</Trigger>
		<Properties>
			<IfBlocked value="turnLeft,turnRight"/>
		</Properties>
		<Appearance size="0.50,0.50">
			<BaseImage spriteSheet="basics" spriteCoords="22,2" tint="180,180,255"/>
		</Appearance>
	</EntityType>
	
	<EntityType name="LightningRod" flags="Storm">
		<Trigger type="startOverlapWithEntity" ifOtherHasFlags="Player">
			<DamageSelf value="100"/>
			<PlaySound value="Global/Audio/click"/>
			<SetFlagsOnOther value="HasLightningRod"/>
			<FireEvent value="PlayerGainedLightningRod"/>
		</Trigger>
		<Properties>
			<IfBlocked value="turnLeft,turnRight"/>
		</Properties>
		<Appearance size="1,1">
			<BaseImage spriteSheet="basics" spriteCoords="21,3" tint="255,255,0"/>
		</Appearance>
	</EntityType>

	<EntityType name="Skeleton" maxVelocity2D="4.5,4.5" flags="Undead">
		<Controller type="AI" strategy="Roam"/>
		<Trigger type="event" event="PlayerAtePowerPellet">
			<SetFlagsOnSelf value="Scared"/>
		</Trigger>
		<Trigger type="event" event="PlayerAteGhost">
			<SetFlagsOnSelf value="!Scared"/>
		</Trigger>
		<Properties>
			<IfBlocked value="turnLeft,turnRight"/>
		</Properties>
		<Appearance size="0.95,0.95">
			<BaseImage spriteSheet="basics" spriteCoords="30,12" tint="255,255,255"/>
		</Appearance>
	</EntityType>

	<EntityType name="Spider" maxVelocity2D="5.2,5.2" flags="Bug">
		<Controller type="AI" strategy="Roam"/>
		<Trigger type="event" event="PlayerAtePowerPellet">
			<SetFlagsOnSelf value="Scared"/>
		</Trigger>
		<Trigger type="event" event="PlayerAteGhost">
			<SetFlagsOnSelf value="!Scared"/>
		</Trigger>
		<Properties>
			<IfBlocked value="turnLeft,turnRight"/>
		</Properties>
		<Appearance size="0.95,0.95">
			<BaseImage spriteSheet="basics" spriteCoords="21,15" tint="255,200,0"/>
		</Appearance>
	</EntityType>

	<EntityType name="EvilBunny" maxVelocity2D="6,6" flags="Alive">
		<Controller type="AI" strategy="Roam"/>
		<Trigger type="event" event="PlayerAtePowerPellet">
			<SetFlagsOnSelf value="Scared"/>
		</Trigger>
		<Trigger type="event" event="PlayerAteGhost">
			<SetFlagsOnSelf value="!Scared"/>
		</Trigger>
		<Trigger type="died">
			<SpawnEntityAtSelf value="RedKey"/>
		</Trigger>
		<Properties>
			<IfBlocked value="turnLeft,turnRight"/>
		</Properties>
		<Appearance size="0.95,0.95">
			<BaseImage spriteSheet="basics" spriteCoords="18,12" tint="200,200,200"/>
		</Appearance>
	</EntityType>
	
	<EntityType name="LightningWarrior" maxVelocity2D="5.5,5.5" flags="Alive">
		<Controller type="AI" strategy="Roam"/>
		<Trigger type="event" event="PlayerAtePowerPellet">
			<SetFlagsOnSelf value="Scared"/>
		</Trigger>
		<Trigger type="event" event="PlayerAteGhost">
			<SetFlagsOnSelf value="!Scared"/>
		</Trigger>
		<Properties>
			<IfBlocked value="turnLeft,turnRight"/>
		</Properties>
		<Appearance size="0.95,0.95">
			<BaseImage spriteSheet="basics" spriteCoords="18,13" tint="255,255,255"/>
		</Appearance>
	</EntityType>
	
		<EntityType name="Magma" maxVelocity2D="0,0" flags="Magma">
		<Controller type="AI" strategy="Roam"/>
		<Trigger type="event" event="PlayerAtePowerPellet">
			<SetFlagsOnSelf value="Scared"/>
		</Trigger>
		<Trigger type="event" event="PlayerAteGhost">
			<SetFlagsOnSelf value="!Scared"/>
		</Trigger>
		<Properties>
			<IfBlocked value="turnLeft,turnRight"/>
		</Properties>
		<Appearance size="1,1">
			<BaseImage spriteSheet="basics" spriteCoords="14,14" tint="255,255,255"/>
		</Appearance>
	</EntityType>
	
	<EntityType name="DryIce" maxVelocity2D="0,0" flags="FrozenSolid">
		<Controller type="AI" strategy="Roam"/>
		<Trigger type="event" event="PlayerAtePowerPellet">
			<SetFlagsOnSelf value="Scared"/>
		</Trigger>
		<Trigger type="event" event="PlayerAteGhost">
			<SetFlagsOnSelf value="!Scared"/>
		</Trigger>
		<Properties>
			<IfBlocked value="turnLeft,turnRight"/>
		</Properties>
		<Appearance size="1,1">
			<BaseImage spriteSheet="basics" spriteCoords="9,12" tint="200,200,200"/>
		</Appearance>
	</EntityType>

	<EntityType name="BossDemon" maxVelocity2D="2,2" flags="FireBoss">
		<Controller type="AI" strategy="Roam"/>
		<Trigger type="event" event="PlayerAtePowerPellet">
			<SetFlagsOnSelf value="Scared"/>
		</Trigger>
		<Trigger type="event" event="PlayerAteGhost">
			<SetFlagsOnSelf value="!Scared"/>
		</Trigger>	
		<Trigger type="died">
			<SpawnEntityAtSelf value="GreenKey"/>
		</Trigger>
		<Properties>
			<IfBlocked value="turnLeft,turnRight"/>
		</Properties>
		<Appearance size="4,4">
			<BaseImage spriteSheet="basics" spriteCoords="31,13" tint="255,0,0"/>
			<HealthBar type="overheadWhenDamaged"/>
		</Appearance>
	</EntityType>
	
	<EntityType name="BossMoblin" maxVelocity2D="2,2" flags="FireBoss">
		<Controller type="AI" strategy="Roam"/>
		<Trigger type="event" event="PlayerAtePowerPellet">
			<SetFlagsOnSelf value="Scared"/>
		</Trigger>
		<Trigger type="event" event="PlayerAteGhost">
			<SetFlagsOnSelf value="!Scared"/>
		</Trigger>	
		<Trigger type="died">
			<SpawnEntityAtSelf value="GreenKey"/>
		</Trigger>
		<Properties>
			<IfBlocked value="turnLeft,turnRight"/>
		</Properties>
		<Appearance size="4,4">
			<BaseImage spriteSheet="basics" spriteCoords="19,18" tint="255,0,0"/>
			<HealthBar type="overheadWhenDamaged"/>
		</Appearance>
	</EntityType>
	
	<EntityType name="IceWizard" maxVelocity2D="2,2" flags="IceBoss">
		<Controller type="AI" strategy="Roam"/>
		<Trigger type="event" event="PlayerAtePowerPellet">
			<SetFlagsOnSelf value="Scared"/>
		</Trigger>
		<Trigger type="event" event="PlayerAteGhost">
			<SetFlagsOnSelf value="!Scared"/>
		</Trigger>	
		<Trigger type="died">
			<SpawnEntityAtSelf value="GreenKey"/>
		</Trigger>
		<Properties>
			<IfBlocked value="turnLeft,turnRight"/>
		</Properties>
		<Appearance size="4,4">
			<BaseImage spriteSheet="basics" spriteCoords="21,14" tint="255,255,255"/>
			<HealthBar type="overheadWhenDamaged"/>
		</Appearance>
	</EntityType>
	
	<EntityType name="IceWarrior" maxVelocity2D="2,2" flags="IceBoss">
		<Controller type="AI" strategy="Roam"/>
		<Trigger type="event" event="PlayerAtePowerPellet">
			<SetFlagsOnSelf value="Scared"/>
		</Trigger>
		<Trigger type="event" event="PlayerAteGhost">
			<SetFlagsOnSelf value="!Scared"/>
		</Trigger>	
		<Trigger type="died">
			<SpawnEntityAtSelf value="YellowKey"/>
		</Trigger>
		<Properties>
			<IfBlocked value="turnLeft,turnRight"/>
		</Properties>
		<Appearance size="4,4">
			<BaseImage spriteSheet="basics" spriteCoords="20,18" tint="180,180,255"/>
			<HealthBar type="overheadWhenDamaged"/>
		</Appearance>
	</EntityType>
	
	<EntityType name="EvilRobot" maxVelocity2D="1,1" flags="RobotBoss">
		<Controller type="AI" strategy="Roam"/>
		<Trigger type="event" event="PlayerAtePowerPellet">
			<SetFlagsOnSelf value="Scared"/>
		</Trigger>
		<Trigger type="event" event="PlayerAteGhost">
			<SetFlagsOnSelf value="!Scared"/>
		</Trigger>	
		<Trigger type="died">
			<SpawnEntityAtSelf value="PinkKey"/>
		</Trigger>
		<Properties>
			<IfBlocked value="turnLeft,turnRight"/>
		</Properties>
		<Appearance size="4,4">
			<BaseImage spriteSheet="basics" spriteCoords="22,14" tint="255,255,255"/>
			<HealthBar type="overheadWhenDamaged"/>
		</Appearance>
	</EntityType>
	
	<EntityType name="GoldDemon" maxVelocity2D="4.5,4.5" flags="XLBoss">
		<Controller type="AI" strategy="Roam"/>
		<Trigger type="event" event="PlayerAtePowerPellet">
			<SetFlagsOnSelf value="Scared"/>
		</Trigger>
		<Trigger type="event" event="PlayerAteGhost">
			<SetFlagsOnSelf value="!Scared"/>
		</Trigger>	
		<Trigger type="died">
			<SpawnEntityAtSelf value="Steak"/>
		</Trigger>
		<Properties>
			<IfBlocked value="turnLeft,turnRight"/>
		</Properties>
		<Appearance size="4,4">
			<BaseImage spriteSheet="basics" spriteCoords="31,13" tint="255,200,0"/>
			<HealthBar type="overheadWhenDamaged"/>
		</Appearance>
	</EntityType>

	<EntityType name="PinkKey">
		<Trigger type="startOverlapWithEntity" ifOtherHasFlags="Player">
			<DamageSelf value="100"/>
			<PlaySound value="Global/Audio/click"/>
			<SetFlagsOnOther value="HasPinkKey"/>
		</Trigger>
		<Properties>
			<IfBlocked value="turnLeft,turnRight"/>
		</Properties>
		<Appearance size="0.70,0.70">
			<BaseImage spriteSheet="basics" spriteCoords="12,27" tint="255,150,150"/>
		</Appearance>
	</EntityType>
	
	<EntityType name="RedKey">
		<Trigger type="startOverlapWithEntity" ifOtherHasFlags="Player">
			<DamageSelf value="100"/>
			<PlaySound value="Global/Audio/click"/>
			<SetFlagsOnOther value="HasRedKey"/>
		</Trigger>
		<Properties>
			<IfBlocked value="turnLeft,turnRight"/>
		</Properties>
		<Appearance size="0.70,0.70">
			<BaseImage spriteSheet="basics" spriteCoords="12,27" tint="255,0,0"/>
		</Appearance>
	</EntityType>
	
	<EntityType name="GreenKey">
		<Trigger type="startOverlapWithEntity" ifOtherHasFlags="Player">
			<DamageSelf value="100"/>
			<PlaySound value="Global/Audio/click"/>
			<SetFlagsOnOther value="HasGreenKey"/>
		</Trigger>
		<Properties>
			<IfBlocked value="turnLeft,turnRight"/>
		</Properties>
		<Appearance size="0.70,0.70">
			<BaseImage spriteSheet="basics" spriteCoords="12,27" tint="0,255,0"/>
		</Appearance>
	</EntityType>
	
	<EntityType name="YellowKey">
		<Trigger type="startOverlapWithEntity" ifOtherHasFlags="Player">
			<DamageSelf value="100"/>
			<PlaySound value="Global/Audio/click"/>
			<SetFlagsOnOther value="HasYellowKey"/>
		</Trigger>
		<Properties>
			<IfBlocked value="turnLeft,turnRight"/>
		</Properties>
		<Appearance size="0.70,0.70">
			<BaseImage spriteSheet="basics" spriteCoords="12,27" tint="255,255,0"/>
		</Appearance>
	</EntityType>
	
	 <EntityType name="Steak" flags="BestThingEvar">
		<Trigger type="startOverlapWithEntity" ifOtherHasFlags="Player">
			<DamageSelf value="100"/>
			<PlaySound value="Global/Audio/click"/>
			<SetFlagsOnOther value="HasSteak"/>
			<FireEvent value="PlayerGainedSteak"/>
		</Trigger>
		<Trigger type="died">
			<SetLargeCenterText value="You Win!"/>
			<SetLargeCenterText2 value="You saved your steak! Nom Nom!"/>
			<GameOver value="true"/>
		</Trigger>
		<Properties>
			<IfBlocked value="turnLeft,turnRight"/>
		</Properties>
		<Appearance size="0.70,0.70">
			<BaseImage spriteSheet="basics" spriteCoords="24,5" tint="255,255,255"/>
		</Appearance>
	</EntityType>

	<EntityType name="Fireball" maxVelocity2D="8.5,8.5" flags="Projectile">
		<Controller type="AI" strategy="Roam"/>
		<Trigger type="startOverlapWithEntity" ifOtherHasFlags="!Player,!Projectile,Bug">
			<DamageOther value="50"/>
			<DamageSelf value="100"/>
		</Trigger>
	    <Trigger type="startOverlapWithEntity" ifOtherHasFlags="!Player,!Projectile,FireBoss">
			<DamageOther value="2"/>
			<DamageSelf value="100"/>
		</Trigger>	
		<Trigger type="startOverlapWithEntity" ifOtherHasFlags="!Player,!Projectile,IceBoss">
			<DamageOther value="10"/>
			<DamageSelf value="100"/>
		</Trigger>	
		<Trigger type="startOverlapWithEntity" ifOtherHasFlags="!Player,!Projectile,RobotBoss">
			<DamageOther value="10"/>
			<DamageSelf value="100"/>
		</Trigger>	
		<Trigger type="startOverlapWithEntity" ifOtherHasFlags="!Player,!Projectile,XLBoss">
			<DamageOther value="1"/>
			<DamageSelf value="100"/>
		</Trigger>	
		  <Trigger type="startOverlapWithEntity" ifOtherHasFlags="!Player,!Projectile,Undead">
			<DamageOther value="20"/>
			<DamageSelf value="100"/>
		</Trigger>	
		<Trigger type="startOverlapWithEntity" ifOtherHasFlags="!Player,!Projectile,Magma">
			<DamageOther value="0"/>
			<DamageSelf value="100"/>
		</Trigger>	
		<Trigger type="startOverlapWithEntity" ifOtherHasFlags="!Player,!Projectile,FrozenSolid">
			<DamageOther value="100"/>
			<DamageSelf value="100"/>
		</Trigger>	
		<Trigger type="startOverlapWithEntity" ifOtherHasFlags="!Player,!Projectile,Alive">
			<DamageOther value="25"/>
			<DamageSelf value="100"/>
		</Trigger>	
		<Properties>
			<IfBlocked value="die"/>
		</Properties>
		<Appearance size="0.15,0.15">
			<BaseImage spriteSheet="basics" spriteCoords="30,0" tint="255,0,0"/>
		</Appearance>
	</EntityType>
	
	<EntityType name="Arrow" maxVelocity2D="10,10" flags="Projectile">
		<Controller type="AI" strategy="Roam"/>
		<Trigger type="startOverlapWithEntity" ifOtherHasFlags="!Player,!Projectile,Bug">
			<DamageOther value="25"/>
			<DamageSelf value="100"/>
		</Trigger>
	    <Trigger type="startOverlapWithEntity" ifOtherHasFlags="!Player,!Projectile,FireBoss">
			<DamageOther value="5"/>
			<DamageSelf value="100"/>
		</Trigger>	
		<Trigger type="startOverlapWithEntity" ifOtherHasFlags="!Player,!Projectile,IceBoss">
			<DamageOther value="2"/>
			<DamageSelf value="100"/>
		</Trigger>	
		<Trigger type="startOverlapWithEntity" ifOtherHasFlags="!Player,!Projectile,RobotBoss">
			<DamageOther value="1"/>
			<DamageSelf value="100"/>
		</Trigger>	
		<Trigger type="startOverlapWithEntity" ifOtherHasFlags="!Player,!Projectile,XLBoss">
			<DamageOther value="1"/>
			<DamageSelf value="100"/>
		</Trigger>	
		  <Trigger type="startOverlapWithEntity" ifOtherHasFlags="!Player,!Projectile,Undead">
			<DamageOther value="20"/>
			<DamageSelf value="100"/>
		</Trigger>	
		<Trigger type="startOverlapWithEntity" ifOtherHasFlags="!Player,!Projectile,Alive">
			<DamageOther value="50"/>
			<DamageSelf value="100"/>
		</Trigger>	
		<Trigger type="startOverlapWithEntity" ifOtherHasFlags="!Player,!Projectile,Magma">
			<DamageOther value="0"/>
			<DamageSelf value="100"/>
		</Trigger>	
		<Trigger type="startOverlapWithEntity" ifOtherHasFlags="!Player,!Projectile,FrozenSolid">
			<DamageOther value="0"/>
			<DamageSelf value="100"/>
		</Trigger>	
		<Properties>
			<IfBlocked value="die"/>
		</Properties>
		<Appearance size="0.50,0.50">
			<BaseImage spriteSheet="basics" spriteCoords="21,2" tint="255,255,255"/>
		</Appearance>
	</EntityType>
	
	<EntityType name="Bubble" maxVelocity2D="7,7" flags="Projectile">
		<Controller type="AI" strategy="Roam"/>
		<Trigger type="startOverlapWithEntity" ifOtherHasFlags="!Player,!Projectile,Bug">
			<DamageOther value="10"/>
			<DamageSelf value="100"/>
		</Trigger>
	    <Trigger type="startOverlapWithEntity" ifOtherHasFlags="!Player,!Projectile,FireBoss">
			<DamageOther value="20"/>
			<DamageSelf value="100"/>
		</Trigger>	
		<Trigger type="startOverlapWithEntity" ifOtherHasFlags="!Player,!Projectile,IceBoss">
			<DamageOther value="0"/>
			<DamageSelf value="100"/>
		</Trigger>	
		<Trigger type="startOverlapWithEntity" ifOtherHasFlags="!Player,!Projectile,RobotBoss">
			<DamageOther value="5"/>
			<DamageSelf value="100"/>
		</Trigger>	
		<Trigger type="startOverlapWithEntity" ifOtherHasFlags="!Player,!Projectile,XLBoss">
			<DamageOther value="1"/>
			<DamageSelf value="100"/>
		</Trigger>	
		  <Trigger type="startOverlapWithEntity" ifOtherHasFlags="!Player,!Projectile,Undead">
			<DamageOther value="20"/>
			<DamageSelf value="100"/>
		</Trigger>	
		<Trigger type="startOverlapWithEntity" ifOtherHasFlags="!Player,!Projectile,Alive">
			<DamageOther value="50"/>
			<DamageSelf value="100"/>
		</Trigger>	
		<Trigger type="startOverlapWithEntity" ifOtherHasFlags="!Player,!Projectile,Magma">
			<DamageOther value="100"/>
			<DamageSelf value="100"/>
		</Trigger>	
		<Trigger type="startOverlapWithEntity" ifOtherHasFlags="!Player,!Projectile,FrozenSolid">
			<DamageOther value="0"/>
			<DamageSelf value="100"/>
		</Trigger>	
		<Properties>
			<IfBlocked value="die"/>
		</Properties>
		<Appearance size="0.50,0.50">
			<BaseImage spriteSheet="basics" spriteCoords="30,0" tint="180,180,255"/>
		</Appearance>
	</EntityType>
	
		<EntityType name="FrozenArrow" maxVelocity2D="11,11" flags="Projectile">
		<Controller type="AI" strategy="Roam"/>
		<Trigger type="startOverlapWithEntity" ifOtherHasFlags="!Player,!Projectile,Bug">
			<DamageOther value="40"/>
			<DamageSelf value="100"/>
		</Trigger>
	    <Trigger type="startOverlapWithEntity" ifOtherHasFlags="!Player,!Projectile,FireBoss">
			<DamageOther value="0"/>
			<DamageSelf value="100"/>
		</Trigger>	
		<Trigger type="startOverlapWithEntity" ifOtherHasFlags="!Player,!Projectile,IceBoss">
			<DamageOther value="0"/>
			<DamageSelf value="100"/>
		</Trigger>	
		<Trigger type="startOverlapWithEntity" ifOtherHasFlags="!Player,!Projectile,RobotBoss">
			<DamageOther value="3"/>
			<DamageSelf value="100"/>
		</Trigger>	
		<Trigger type="startOverlapWithEntity" ifOtherHasFlags="!Player,!Projectile,XLBoss">
			<DamageOther value="3"/>
			<DamageSelf value="100"/>
		</Trigger>	
		  <Trigger type="startOverlapWithEntity" ifOtherHasFlags="!Player,!Projectile,Undead">
			<DamageOther value="15"/>
			<DamageSelf value="100"/>
		</Trigger>	
		<Trigger type="startOverlapWithEntity" ifOtherHasFlags="!Player,!Projectile,Alive">
			<DamageOther value="75"/>
			<DamageSelf value="100"/>
		</Trigger>	
		<Trigger type="startOverlapWithEntity" ifOtherHasFlags="!Player,!Projectile,Magma">
			<DamageOther value="0"/>
			<DamageSelf value="100"/>
		</Trigger>	
		<Trigger type="startOverlapWithEntity" ifOtherHasFlags="!Player,!Projectile,FrozenSolid">
			<DamageOther value="0"/>
			<DamageSelf value="100"/>
		</Trigger>	
		<Properties>
			<IfBlocked value="die"/>
		</Properties>
		<Appearance size="0.45,0.45">
			<BaseImage spriteSheet="basics" spriteCoords="21,2" tint="170,170,255"/>
		</Appearance>
	</EntityType>
	
	<EntityType name="Volt" maxVelocity2D="15,15" flags="Projectile">
		<Controller type="AI" strategy="Roam"/>
		<Trigger type="startOverlapWithEntity" ifOtherHasFlags="!Player,!Projectile,Bug">
			<DamageOther value="50"/>
			<DamageSelf value="100"/>
		</Trigger>
	    <Trigger type="startOverlapWithEntity" ifOtherHasFlags="!Player,!Projectile,FireBoss">
			<DamageOther value="5"/>
			<DamageSelf value="100"/>
		</Trigger>	
		<Trigger type="startOverlapWithEntity" ifOtherHasFlags="!Player,!Projectile,IceBoss">
			<DamageOther value="5"/>
			<DamageSelf value="100"/>
		</Trigger>	
		<Trigger type="startOverlapWithEntity" ifOtherHasFlags="!Player,!Projectile,RobotBoss">
			<DamageOther value="1"/>
			<DamageSelf value="100"/>
		</Trigger>	
		<Trigger type="startOverlapWithEntity" ifOtherHasFlags="!Player,!Projectile,XLBoss">
			<DamageOther value="1"/>
			<DamageSelf value="100"/>
		</Trigger>	
		  <Trigger type="startOverlapWithEntity" ifOtherHasFlags="!Player,!Projectile,Undead">
			<DamageOther value="25"/>
			<DamageSelf value="100"/>
		</Trigger>	
		<Trigger type="startOverlapWithEntity" ifOtherHasFlags="!Player,!Projectile,Alive">
			<DamageOther value="100"/>
			<DamageSelf value="100"/>
		</Trigger>	
		<Trigger type="startOverlapWithEntity" ifOtherHasFlags="!Player,!Projectile,Magma">
			<DamageOther value="0"/>
			<DamageSelf value="100"/>
		</Trigger>	
		<Trigger type="startOverlapWithEntity" ifOtherHasFlags="!Player,!Projectile,FrozenSolid">
			<DamageOther value="0"/>
			<DamageSelf value="100"/>
		</Trigger>	
		<Properties>
			<IfBlocked value="die"/>
		</Properties>
		<Appearance size="0.20,0.20">
			<BaseImage spriteSheet="basics" spriteCoords="30,0" tint="255,255,0"/>
		</Appearance>
	</EntityType>

	<EntityType name="TeleporterDestination1">
	</EntityType>

  <EntityType name="TeleporterDestination2">
  </EntityType>

  <EntityType name="TeleporterDestination3">
  </EntityType>





</EntityTypes>
