﻿<?xml version="1.0" encoding="utf-8"?>

<Game officialName="Sample Maze Game" author="Squirrel Eiserloh">

	<GameLoadScript>
		<Execute>Map Forest</Execute>
	</GameLoadScript>

	<Players>
		<Player1>
			<Controls>
				<Control key="space" action="press" command="FireEvent" commandOptions="shoot1"/>
				<Control key="Z" action="press" command="FireEvent" commandOptions="shoot2"/>
				<Control key="X" action="press" command="FireEvent" commandOptions="shoot3"/>
				<Control key="C" action="press" command="FireEvent" commandOptions="shoot4"/>
				<Control key="V" action="press" command="FireEvent" commandOptions="shoot5"/>
				<Control key="leftArrow" action="hold" command="MoveLeft"/>
				<Control key="rightArrow" action="hold" command="MoveRight"/>
				<Control key="upArrow" action="hold" command="MoveUp"/>
				<Control key="downArrow" action="hold" command="MoveDown"/>
			</Controls>
		</Player1>
		<Player2>
			<Controls>
				<Control key="E" action="press" command="FireEvent" commandOptions="shoot1"/>
				<Control key="F" action="press" command="FireEvent" commandOptions="shoot2"/>
				<Control key="R" action="press" command="FireEvent" commandOptions="shoot3"/>
				<Control key="T" action="press" command="FireEvent" commandOptions="shoot4"/>
				<Control key="G" action="press" command="FireEvent" commandOptions="shoot5"/>
				<Control key="A" action="hold" command="MoveLeft"/>
				<Control key="D" action="hold" command="MoveRight"/>
				<Control key="W" action="hold" command="MoveUp"/>
				<Control key="S" action="hold" command="MoveDown"/>
			</Controls>
		</Player2>
	</Players>
	
</Game>
