﻿<?xml version="1.0" encoding="utf-8"?>
<TileMaterials>

	<TileMaterial name="grass">
		<BaseImage spriteSheet="basics" spriteCoords="18,28"/>
	</TileMaterial>

	<TileMaterial name="dirt">
		<BaseImage spriteSheet="basics" spriteCoords="2,0"/>
	</TileMaterial>
	
	<TileMaterial name="forestTree">
		<BaseImage spriteSheet="basics" spriteCoords="15,0"/>
	</TileMaterial>

	<TileMaterial name="stone">
		<BaseImage spriteSheet="basics" spriteCoords="0,0"/>
	</TileMaterial>

	<TileMaterial name="water">
		<BaseImage spriteSheet="basics" spriteCoords="13,12"/>
	</TileMaterial>

	<TileMaterial name="cloud">
		<BaseImage spriteSheet="basics" spriteCoords="30,0"/>
	</TileMaterial>

	<TileMaterial name="door">
		<TopImage spriteSheet="basics" spriteCoords="3,13" tint="255,255,255"/>
		<Properties>
			<BlocksAllEntities value="false"/>
		</Properties>
	</TileMaterial>
	
	<TileMaterial name="crystals">
		<TopImage spriteSheet="basics" spriteCoords="19,23" tint="255,255,255"/>
	</TileMaterial>
	
	<TileMaterial name="icestone">
		<TopImage spriteSheet="basics" spriteCoords="4,24" tint="0,0,255"/>
	</TileMaterial>
	
	<TileMaterial name="metal">
		<TopImage spriteSheet="basics" spriteCoords="6,1" tint="120,120,120"/>
	</TileMaterial>
	
	<TileMaterial name="bossbrick">
		<TopImage spriteSheet="basics" spriteCoords="3,17" tint="255,0,0"/>
	</TileMaterial>

	<TileMaterial name="lockedDoor">
		<TopImage spriteSheet="basics" spriteCoords="3,13" tint="255,255,255"/>
		<Properties>
			<BlocksAllEntities value="false"/>
			<BlocksEntitiesWithFlags value="!HasKey"/>
		</Properties>
	</TileMaterial>

	<TileMaterial name="lava">
		<BaseImage spriteSheet="basics" spriteCoords="13,14" tint="255,80,255"/>
		<Properties>
			<BlocksAllEntities value="false"/>
		</Properties>
		<Trigger type="startOverlapWithEntity">
			<DamageOther value="100"/>
			<PlaySound value="Global/Audio/reward"/>
		</Trigger>
	</TileMaterial>


	<TileMaterial name="teleportEntrance">
		<TopImage spriteSheet="basics" spriteCoords="9,18"/>
		<Properties>
			<BlocksAllEntities value="false"/>
		</Properties>
	</TileMaterial>

	
	<TileMaterial name="teleporter1">
		<TopImage spriteSheet="basics" spriteCoords="9,18"/>
		<Properties>
			<BlocksAllEntities value="false"/>
		</Properties>
		<Trigger type="startOverlapWithEntity">
			<TeleportOther value="TeleporterDestination1"/>
		</Trigger>
	</TileMaterial>

	
	
	<TileMaterial name="teleporter2">
		<TopImage spriteSheet="basics" spriteCoords="9,18"/>
		<Properties>
			<BlocksAllEntities value="false"/>
		</Properties>
		<Trigger type="startOverlapWithEntity">
			<TeleportOther value="TeleporterDestination2"/>
		</Trigger>
	</TileMaterial>



  <TileMaterial name="teleporterToLevel1">
    <BaseImage spriteSheet="basics" spriteCoords="9,6"/>
    <Properties>
      <BlocksAllEntities value="false"/>
    </Properties>
    <Trigger type="startOverlapWithEntity" ifOtherHasFlags="Player">
      <TeleportOther value="Level1:TeleporterDestination3"/>
    </Trigger>
  </TileMaterial>




  <TileMaterial name="teleporterToLevel2">
		<BaseImage spriteSheet="basics" spriteCoords="9,6"/>
		<Properties>
			<BlocksAllEntities value="false"/>
		</Properties>
		<Trigger type="startOverlapWithEntity" ifOtherHasFlags="Player">
			<TeleportOther value="Level2:TeleporterDestination3"/>
		</Trigger>
	</TileMaterial>
	
	  <TileMaterial name="teleporterToVolcano">
		<BaseImage spriteSheet="basics" spriteCoords="9,6"/>
		<Properties>
			<BlocksAllEntities value="false"/>
		</Properties>
		<Trigger type="startOverlapWithEntity" ifOtherHasFlags="Player">
			<TeleportOther value="Volcano:Start"/>
		</Trigger>
	</TileMaterial>
	
		  <TileMaterial name="teleporterToIce">
		<BaseImage spriteSheet="basics" spriteCoords="9,6"/>
		<Properties>
			<BlocksAllEntities value="false"/>
		</Properties>
		<Trigger type="startOverlapWithEntity" ifOtherHasFlags="Player">
			<TeleportOther value="Ice:Start"/>
		</Trigger>
	</TileMaterial>
	
	  <TileMaterial name="teleporterToFactory">
		<BaseImage spriteSheet="basics" spriteCoords="9,6"/>
		<Properties>
			<BlocksAllEntities value="false"/>
		</Properties>
		<Trigger type="startOverlapWithEntity" ifOtherHasFlags="Player">
			<TeleportOther value="Factory:Start"/>
		</Trigger>
	</TileMaterial>
	
	  <TileMaterial name="teleporterToFinalBoss">
		<BaseImage spriteSheet="basics" spriteCoords="9,6"/>
		<Properties>
			<BlocksAllEntities value="false"/>
		</Properties>
		<Trigger type="startOverlapWithEntity" ifOtherHasFlags="Player">
			<TeleportOther value="FinalBoss:Start"/>
		</Trigger>
	</TileMaterial>
	
	<TileMaterial name="PinkDoor">
		<TopImage spriteSheet="basics" spriteCoords="3,13" tint="255,150,150"/>
		<Properties>
			<BlocksAllEntities value="false"/>
			<BlocksEntitiesWithFlags value="!HasPinkKey"/>
		</Properties>
	</TileMaterial>

	<TileMaterial name="RedDoor">
		<TopImage spriteSheet="basics" spriteCoords="3,13" tint="255,0,0"/>
		<Properties>
			<BlocksAllEntities value="false"/>
			<BlocksEntitiesWithFlags value="!HasRedKey"/>
		</Properties>
	</TileMaterial>
	
	<TileMaterial name="GreenDoor">
		<TopImage spriteSheet="basics" spriteCoords="3,13" tint="0,255,0"/>
		<Properties>
			<BlocksAllEntities value="false"/>
			<BlocksEntitiesWithFlags value="!HasGreenKey"/>
		</Properties>
	</TileMaterial>
	
	<TileMaterial name="YellowDoor">
		<TopImage spriteSheet="basics" spriteCoords="3,13" tint="255,255,0"/>
		<Properties>
			<BlocksAllEntities value="false"/>
			<BlocksEntitiesWithFlags value="!HasYellowKey"/>
		</Properties>
	</TileMaterial>
	
	
	
	
	<TileMaterial name="art_skull">
		<BaseImage spriteSheet="basics" spriteCoords="0,16"/>
	</TileMaterial>

</TileMaterials>
