﻿<?xml version="1.0" encoding="utf-8"?>
<Map numberOfTilesInViewVertically="12" maximumCoordinates="36,24" officialName="Top View Test Map #1" view="top">
	<Tiles>
		<Tile position="34,6" tileMaterial="metal"/>
		<Tile position="34,5" tileMaterial="metal"/>
		<Tile position="34,4" tileMaterial="metal"/>
		<Tile position="33,4" tileMaterial="metal"/>
		<Tile position="32,4" tileMaterial="metal"/>
		<Tile position="31,4" tileMaterial="metal"/>
		<Tile position="30,4" tileMaterial="metal"/>
		<Tile position="30,5" tileMaterial="metal"/>
		<Tile position="29,5" tileMaterial="metal"/>
		<Tile position="28,5" tileMaterial="metal"/>
		<Tile position="27,5" tileMaterial="metal"/>
		<Tile position="26,5" tileMaterial="metal"/>
		<Tile position="26,4" tileMaterial="metal"/>
		<Tile position="26,3" tileMaterial="metal"/>
		<Tile position="26,2" tileMaterial="metal"/>
		<Tile position="25,2" tileMaterial="metal"/>
		<Tile position="24,2" tileMaterial="metal"/>
		<Tile position="23,2" tileMaterial="metal"/>
		<Tile position="22,2" tileMaterial="metal"/>
		<Tile position="21,2" tileMaterial="metal"/>
		<Tile position="20,2" tileMaterial="metal"/>
		<Tile position="19,2" tileMaterial="metal"/>
		<Tile position="18,2" tileMaterial="metal"/>
		<Tile position="17,2" tileMaterial="metal"/>
		<Tile position="16,2" tileMaterial="metal"/>
		<Tile position="15,2" tileMaterial="metal"/>
		<Tile position="14,2" tileMaterial="metal"/>
		<Tile position="13,2" tileMaterial="metal"/>
		<Tile position="12,2" tileMaterial="metal"/>
		<Tile position="11,2" tileMaterial="metal"/>
		<Tile position="10,2" tileMaterial="metal"/>
		<Tile position="9,2" tileMaterial="metal"/>
		<Tile position="8,2" tileMaterial="metal"/>
		<Tile position="7,2" tileMaterial="metal"/>
		<Tile position="6,2" tileMaterial="metal"/>
		<Tile position="6,3" tileMaterial="metal"/>
		<Tile position="6,4" tileMaterial="metal"/>
		<Tile position="6,5" tileMaterial="metal"/>
		<Tile position="6,6" tileMaterial="metal"/>
		<Tile position="6,7" tileMaterial="metal"/>
		<Tile position="6,8" tileMaterial="metal"/>
		<Tile position="6,9" tileMaterial="metal"/>
		<Tile position="6,10" tileMaterial="metal"/>
		<Tile position="6,11" tileMaterial="metal"/>
		<Tile position="7,11" tileMaterial="metal"/>
		<Tile position="8,11" tileMaterial="metal"/>
		<Tile position="9,11" tileMaterial="metal"/>
		<Tile position="10,11" tileMaterial="metal"/>
		<Tile position="10,12" tileMaterial="metal"/>
		<Tile position="10,13" tileMaterial="metal"/>
		<Tile position="11,13" tileMaterial="metal"/>
		<Tile position="12,13" tileMaterial="metal"/>
		<Tile position="12,12" tileMaterial="metal"/>
		<Tile position="12,11" tileMaterial="metal"/>
		<Tile position="13,11" tileMaterial="metal"/>
		<Tile position="14,11" tileMaterial="metal"/>
		<Tile position="15,11" tileMaterial="metal"/>
		<Tile position="15,10" tileMaterial="metal"/>
		<Tile position="15,9" tileMaterial="metal"/>
		<Tile position="15,8" tileMaterial="metal"/>
		<Tile position="15,7" tileMaterial="metal"/>
		<Tile position="15,6" tileMaterial="metal"/>
		<Tile position="15,5" tileMaterial="metal"/>
		<Tile position="15,3" tileMaterial="metal"/>
		<Tile position="15,12" tileMaterial="metal"/>
		<Tile position="15,13" tileMaterial="metal"/>
		<Tile position="15,14" tileMaterial="metal"/>
		<Tile position="15,15" tileMaterial="metal"/>
		<Tile position="15,16" tileMaterial="metal"/>
		<Tile position="15,17" tileMaterial="metal"/>
		<Tile position="14,17" tileMaterial="metal"/>
		<Tile position="13,17" tileMaterial="metal"/>
		<Tile position="12,17" tileMaterial="metal"/>
		<Tile position="11,17" tileMaterial="metal"/>
		<Tile position="10,17" tileMaterial="metal"/>
		<Tile position="10,18" tileMaterial="metal"/>
		<Tile position="10,19" tileMaterial="metal"/>
		<Tile position="10,20" tileMaterial="metal"/>
		<Tile position="10,21" tileMaterial="metal"/>
		<Tile position="9,21" tileMaterial="metal"/>
		<Tile position="8,21" tileMaterial="metal"/>
		<Tile position="7,21" tileMaterial="metal"/>
		<Tile position="6,21" tileMaterial="metal"/>
		<Tile position="5,21" tileMaterial="metal"/>
		<Tile position="5,22" tileMaterial="metal"/>
		<Tile position="5,23" tileMaterial="metal"/>
		<Tile position="6,23" tileMaterial="metal"/>
		<Tile position="7,23" tileMaterial="metal"/>
		<Tile position="8,23" tileMaterial="metal"/>
		<Tile position="9,23" tileMaterial="metal"/>
		<Tile position="10,23" tileMaterial="metal"/>
		<Tile position="11,23" tileMaterial="metal"/>
		<Tile position="12,23" tileMaterial="metal"/>
		<Tile position="13,23" tileMaterial="metal"/>
		<Tile position="14,23" tileMaterial="metal"/>
		<Tile position="15,23" tileMaterial="metal"/>
		<Tile position="16,23" tileMaterial="metal"/>
		<Tile position="17,23" tileMaterial="metal"/>
		<Tile position="18,23" tileMaterial="metal"/>
		<Tile position="19,23" tileMaterial="metal"/>
		<Tile position="20,23" tileMaterial="metal"/>
		<Tile position="21,23" tileMaterial="metal"/>
		<Tile position="22,23" tileMaterial="metal"/>
		<Tile position="23,23" tileMaterial="metal"/>
		<Tile position="24,23" tileMaterial="metal"/>
		<Tile position="24,22" tileMaterial="metal"/>
		<Tile position="24,21" tileMaterial="metal"/>
		<Tile position="23,21" tileMaterial="metal"/>
		<Tile position="22,21" tileMaterial="metal"/>
		<Tile position="21,21" tileMaterial="metal"/>
		<Tile position="20,21" tileMaterial="metal"/>
		<Tile position="19,21" tileMaterial="metal"/>
		<Tile position="18,21" tileMaterial="metal"/>
		<Tile position="17,21" tileMaterial="metal"/>
		<Tile position="16,21" tileMaterial="metal"/>
		<Tile position="15,21" tileMaterial="metal"/>
		<Tile position="14,21" tileMaterial="metal"/>
		<Tile position="13,21" tileMaterial="metal"/>
		<Tile position="12,21" tileMaterial="metal"/>
		<Tile position="12,19" tileMaterial="metal"/>
		<Tile position="13,19" tileMaterial="metal"/>
		<Tile position="14,19" tileMaterial="metal"/>
		<Tile position="15,19" tileMaterial="metal"/>
		<Tile position="15,20" tileMaterial="metal"/>
		<Tile position="16,20" tileMaterial="metal"/>
		<Tile position="17,20" tileMaterial="metal"/>
		<Tile position="18,20" tileMaterial="metal"/>
		<Tile position="19,20" tileMaterial="metal"/>
		<Tile position="20,20" tileMaterial="metal"/>
		<Tile position="21,20" tileMaterial="metal"/>
		<Tile position="22,20" tileMaterial="metal"/>
		<Tile position="23,20" tileMaterial="metal"/>
		<Tile position="24,20" tileMaterial="metal"/>
		<Tile position="25,20" tileMaterial="metal"/>
		<Tile position="26,20" tileMaterial="metal"/>
		<Tile position="27,20" tileMaterial="metal"/>
		<Tile position="28,20" tileMaterial="metal"/>
		<Tile position="29,20" tileMaterial="metal"/>
		<Tile position="30,20" tileMaterial="metal"/>
		<Tile position="31,20" tileMaterial="metal"/>
		<Tile position="32,20" tileMaterial="metal"/>
		<Tile position="33,20" tileMaterial="metal"/>
		<Tile position="33,21" tileMaterial="metal"/>
		<Tile position="33,22" tileMaterial="metal"/>
		<Tile position="34,22" tileMaterial="metal"/>
		<Tile position="35,22" tileMaterial="metal"/>
		<Tile position="35,21" tileMaterial="metal"/>
		<Tile position="35,20" tileMaterial="metal"/>
		<Tile position="35,19" tileMaterial="metal"/>
		<Tile position="35,18" tileMaterial="metal"/>
		<Tile position="35,17" tileMaterial="metal"/>
		<Tile position="34,17" tileMaterial="metal"/>
		<Tile position="33,17" tileMaterial="metal"/>
		<Tile position="32,17" tileMaterial="metal"/>
		<Tile position="31,17" tileMaterial="metal"/>
		<Tile position="31,16" tileMaterial="metal"/>
		<Tile position="31,15" tileMaterial="metal"/>
		<Tile position="31,14" tileMaterial="metal"/>
		<Tile position="31,13" tileMaterial="metal"/>
		<Tile position="31,12" tileMaterial="metal"/>
		<Tile position="30,12" tileMaterial="metal"/>
		<Tile position="29,12" tileMaterial="metal"/>
		<Tile position="28,12" tileMaterial="metal"/>
		<Tile position="27,12" tileMaterial="metal"/>
		<Tile position="26,12" tileMaterial="metal"/>
		<Tile position="26,14" tileMaterial="metal"/>
		<Tile position="26,15" tileMaterial="metal"/>
		<Tile position="26,16" tileMaterial="metal"/>
		<Tile position="26,17" tileMaterial="metal"/>
		<Tile position="26,18" tileMaterial="metal"/>
		<Tile position="26,19" tileMaterial="metal"/>
		<Tile position="26,11" tileMaterial="metal"/>
		<Tile position="26,10" tileMaterial="metal"/>
		<Tile position="26,9" tileMaterial="metal"/>
		<Tile position="26,8" tileMaterial="metal"/>
		<Tile position="26,7" tileMaterial="metal"/>
		<Tile position="27,7" tileMaterial="metal"/>
		<Tile position="28,7" tileMaterial="metal"/>
		<Tile position="29,7" tileMaterial="metal"/>
		<Tile position="30,7" tileMaterial="metal"/>
		<Tile position="30,8" tileMaterial="metal"/>
		<Tile position="31,8" tileMaterial="metal"/>
		<Tile position="32,8" tileMaterial="metal"/>
		<Tile position="33,8" tileMaterial="metal"/>
		<Tile position="34,8" tileMaterial="metal"/>
		<Tile position="34,7" tileMaterial="metal"/>
		<Tile position="26,13" tileMaterial="GreenDoor"/>
		<Tile position="10,22" tileMaterial="YellowDoor"/>
		<Tile position="15,4" tileMaterial="RedDoor"/>
		<Tile position="11,11" tileMaterial="PinkDoor"/>
		<Tile position="11,12" tileMaterial="teleportertoFinalBoss"/>
		
		</Tiles>

	<CommandsOnLoad>
		<LoadSound value="Global/Audio/reward"/>
		<LoadSound value="Global/Audio/click"/>
	</CommandsOnLoad>
	
	<Entities>
		<Entity center="32,6" entityType="Hero"/>
		<Entity center="19,10" entityType="LightningWarrior"/>
		<Entity center="24,13" entityType="LightningWarrior"/>
		<Entity center="14,3" entityType="LightningWarrior"/>
		<Entity center="7,10" entityType="LightningWarrior"/>
		<Entity center="28,16" entityType="LightningWarrior"/>
		<Entity center="29,16" entityType="LightningWarrior"/>
		<Entity center="14,22" entityType="Skeleton"/>
		<Entity center="15,22" entityType="Skeleton"/>
		<Entity center="19,22" entityType="Spider"/>
		<Entity center="8,22" entityType="Spider"/>
		<Entity center="14,10" entityType="Spider"/>
		<Entity center="7,3" entityType="Spider"/>
		<Entity center="10,7" entityType="EvilRobot"/>
		<Entity center="34,21" entityType="RedKey"/>
		<Entity center="23,22" entityType="YellowKey"/>
		<Entity center="6,22" entityType="GreenKey"/>
		<Entity center="14,20" entityType="LightningRod"/>

	
  </Entities>
	
</Map>
