﻿<?xml version="1.0" encoding="utf-8"?>
<Map numberOfTilesInViewVertically="10" maximumCoordinates="10,10" officialName="Top View Test Map #1" view="top">
	<Tiles>
		<Tile position="0,0" tileMaterial="bossbrick"/>
		<Tile position="0,1" tileMaterial="bossbrick"/>
		<Tile position="0,2" tileMaterial="bossbrick"/>
		<Tile position="0,3" tileMaterial="bossbrick"/>
		<Tile position="0,4" tileMaterial="bossbrick"/>
		<Tile position="0,5" tileMaterial="bossbrick"/>
		<Tile position="0,6" tileMaterial="bossbrick"/>
		<Tile position="0,7" tileMaterial="bossbrick"/>
		<Tile position="0,8" tileMaterial="bossbrick"/>
		<Tile position="0,9" tileMaterial="bossbrick"/>
		<Tile position="0,10" tileMaterial="bossbrick"/>
		<Tile position="1,10" tileMaterial="bossbrick"/>
		<Tile position="2,10" tileMaterial="bossbrick"/>
		<Tile position="3,10" tileMaterial="bossbrick"/>
		<Tile position="4,10" tileMaterial="bossbrick"/>
		<Tile position="5,10" tileMaterial="bossbrick"/>
		<Tile position="6,10" tileMaterial="bossbrick"/>
		<Tile position="7,10" tileMaterial="bossbrick"/>
		<Tile position="8,10" tileMaterial="bossbrick"/>
		<Tile position="9,10" tileMaterial="bossbrick"/>
		<Tile position="10,10" tileMaterial="bossbrick"/>
		<Tile position="10,9" tileMaterial="bossbrick"/>
		<Tile position="10,8" tileMaterial="bossbrick"/>
		<Tile position="10,7" tileMaterial="bossbrick"/>
		<Tile position="10,6" tileMaterial="bossbrick"/>
		<Tile position="10,5" tileMaterial="bossbrick"/>
		<Tile position="10,4" tileMaterial="bossbrick"/>
		<Tile position="10,3" tileMaterial="bossbrick"/>
		<Tile position="10,2" tileMaterial="bossbrick"/>
		<Tile position="10,1" tileMaterial="bossbrick"/>
		<Tile position="10,0" tileMaterial="bossbrick"/>
		<Tile position="9,0" tileMaterial="bossbrick"/>
		<Tile position="8,0" tileMaterial="bossbrick"/>
		<Tile position="7,0" tileMaterial="bossbrick"/>
		<Tile position="6,0" tileMaterial="bossbrick"/>
		<Tile position="5,0" tileMaterial="bossbrick"/>
		<Tile position="4,0" tileMaterial="bossbrick"/>
		<Tile position="3,0" tileMaterial="bossbrick"/>
		<Tile position="2,0" tileMaterial="bossbrick"/>
		<Tile position="1,0" tileMaterial="bossbrick"/>
	
	</Tiles>

	<CommandsOnLoad>
		<LoadSound value="Global/Audio/reward"/>
		<LoadSound value="Global/Audio/click"/>
	</CommandsOnLoad>
	
	<Entities>
		<Entity center="1,1" entityType="Hero"/>
		<Entity center="6,6" entityType="GoldDemon"/>
	</Entities>

</Map>
