﻿<?xml version="1.0" encoding="utf-8"?>
<Map numberOfTilesInViewVertically="12" maximumCoordinates="36,24" officialName="Top View Test Map #1" view="top">
	<Tiles>
		<Tile position="0,0" tileMaterial="grass"/>
		<Tile position="0,1" tileMaterial="grass"/>
		<Tile position="0,2" tileMaterial="grass"/>
		<Tile position="0,3" tileMaterial="grass"/>
		<Tile position="0,4" tileMaterial="grass"/>
		<Tile position="1,0" tileMaterial="grass"/>
		<Tile position="2,0" tileMaterial="grass"/>
		<Tile position="3,0" tileMaterial="grass"/>
		<Tile position="4,0" tileMaterial="grass"/>
		<Tile position="4,1" tileMaterial="grass"/>
		<Tile position="1,4" tileMaterial="grass"/>
		<Tile position="3,4" tileMaterial="grass"/>
		<Tile position="4,4" tileMaterial="grass"/>
		<Tile position="4,3" tileMaterial="grass"/>
		<Tile position="1,5" tileMaterial="grass"/>
		<Tile position="1,6" tileMaterial="grass"/>
		<Tile position="1,7" tileMaterial="grass"/>
		<Tile position="0,7" tileMaterial="grass"/>
		<Tile position="0,8" tileMaterial="grass"/>
		<Tile position="0,9" tileMaterial="grass"/>
		<Tile position="0,10" tileMaterial="grass"/>
		<Tile position="0,11" tileMaterial="grass"/>
		<Tile position="1,11" tileMaterial="grass"/>
		<Tile position="2,11" tileMaterial="grass"/>
		<Tile position="3,11" tileMaterial="grass"/>
		<Tile position="4,11" tileMaterial="grass"/>
		<Tile position="4,10" tileMaterial="grass"/>
		<Tile position="4,9" tileMaterial="grass"/>
		<Tile position="4,8" tileMaterial="grass"/>
		<Tile position="4,7" tileMaterial="grass"/>
		<Tile position="3,7" tileMaterial="grass"/>
		<Tile position="3,6" tileMaterial="grass"/>
		<Tile position="3,5" tileMaterial="grass"/>
		<Tile position="7,16" tileMaterial="RedDoor"/>
		<Tile position="20,5" tileMaterial="PinkDoor"/>
		<Tile position="5,1" tileMaterial="grass"/>
		<Tile position="5,3" tileMaterial="grass"/>
		<Tile position="6,3" tileMaterial="grass"/>
		<Tile position="6,1" tileMaterial="grass"/>
		<Tile position="7,1" tileMaterial="grass"/>
		<Tile position="7,0" tileMaterial="grass"/>
		<Tile position="8,0" tileMaterial="grass"/>
		<Tile position="9,0" tileMaterial="grass"/>
		<Tile position="10,0" tileMaterial="grass"/>
		<Tile position="11,0" tileMaterial="grass"/>
		<Tile position="12,0" tileMaterial="grass"/>
		<Tile position="13,0" tileMaterial="grass"/>
		<Tile position="14,0" tileMaterial="grass"/>
		<Tile position="15,0" tileMaterial="grass"/>
		<Tile position="16,0" tileMaterial="grass"/>
		<Tile position="17,0" tileMaterial="grass"/>
		<Tile position="18,0" tileMaterial="grass"/>
		<Tile position="19,0" tileMaterial="grass"/>
		<Tile position="20,0" tileMaterial="grass"/>
		<Tile position="20,1" tileMaterial="grass"/>
		<Tile position="20,2" tileMaterial="grass"/>
		<Tile position="20,3" tileMaterial="grass"/>
		<Tile position="20,4" tileMaterial="grass"/>
		<Tile position="21,4" tileMaterial="grass"/>
		<Tile position="22,4" tileMaterial="grass"/>
		<Tile position="23,4" tileMaterial="grass"/>
		<Tile position="24,4" tileMaterial="grass"/>
		<Tile position="24,3" tileMaterial="grass"/>
		<Tile position="24,2" tileMaterial="grass"/>
		<Tile position="24,1" tileMaterial="grass"/>
		<Tile position="24,0" tileMaterial="grass"/>
		<Tile position="25,0" tileMaterial="grass"/>
		<Tile position="26,0" tileMaterial="grass"/>
		<Tile position="27,0" tileMaterial="grass"/>
		<Tile position="28,0" tileMaterial="grass"/>
		<Tile position="29,0" tileMaterial="grass"/>
		<Tile position="30,0" tileMaterial="grass"/>
		<Tile position="31,0" tileMaterial="grass"/>
		<Tile position="32,0" tileMaterial="grass"/>
		<Tile position="32,1" tileMaterial="grass"/>
		<Tile position="32,2" tileMaterial="grass"/>
		<Tile position="32,3" tileMaterial="grass"/>
		<Tile position="32,4" tileMaterial="grass"/>
		<Tile position="32,5" tileMaterial="grass"/>
		<Tile position="32,6" tileMaterial="grass"/>
		<Tile position="32,7" tileMaterial="grass"/>
		<Tile position="32,8" tileMaterial="grass"/>
		<Tile position="32,9" tileMaterial="grass"/>
		<Tile position="32,10" tileMaterial="grass"/>
		<Tile position="32,11" tileMaterial="grass"/>
		<Tile position="32,12" tileMaterial="grass"/>
		<Tile position="32,13" tileMaterial="grass"/>
		<Tile position="32,14" tileMaterial="grass"/>
		<Tile position="31,14" tileMaterial="grass"/>
		<Tile position="31,15" tileMaterial="grass"/>
		<Tile position="30,15" tileMaterial="grass"/>
		<Tile position="30,16" tileMaterial="grass"/>
		<Tile position="29,16" tileMaterial="grass"/>
		<Tile position="29,17" tileMaterial="grass"/>
		<Tile position="29,18" tileMaterial="grass"/>
		<Tile position="28,18" tileMaterial="grass"/>
		<Tile position="27,18" tileMaterial="grass"/>
		<Tile position="27,17" tileMaterial="grass"/>
		<Tile position="27,16" tileMaterial="grass"/>
		<Tile position="26,16" tileMaterial="grass"/>
		<Tile position="26,15" tileMaterial="grass"/>
		<Tile position="25,15" tileMaterial="grass"/>
		<Tile position="25,14" tileMaterial="grass"/>
		<Tile position="24,14" tileMaterial="grass"/>
		<Tile position="24,13" tileMaterial="grass"/>
		<Tile position="24,12" tileMaterial="grass"/>
		<Tile position="24,11" tileMaterial="grass"/>
		<Tile position="24,10" tileMaterial="grass"/>
		<Tile position="24,9" tileMaterial="grass"/>
		<Tile position="24,8" tileMaterial="grass"/>
		<Tile position="24,7" tileMaterial="grass"/>
		<Tile position="24,6" tileMaterial="grass"/>
		<Tile position="23,6" tileMaterial="grass"/>
		<Tile position="22,6" tileMaterial="grass"/>
		<Tile position="21,6" tileMaterial="grass"/>
		<Tile position="20,6" tileMaterial="grass"/>
		<Tile position="20,7" tileMaterial="grass"/>
		<Tile position="20,8" tileMaterial="grass"/>
		<Tile position="20,9" tileMaterial="grass"/>
		<Tile position="20,10" tileMaterial="grass"/>
		<Tile position="20,11" tileMaterial="grass"/>
		<Tile position="20,12" tileMaterial="grass"/>
		<Tile position="21,12" tileMaterial="grass"/>
		<Tile position="22,12" tileMaterial="grass"/>
		<Tile position="22,13" tileMaterial="grass"/>
		<Tile position="22,14" tileMaterial="grass"/>
		<Tile position="22,15" tileMaterial="grass"/>
		<Tile position="22,16" tileMaterial="grass"/>
		<Tile position="22,17" tileMaterial="grass"/>
		<Tile position="22,18" tileMaterial="grass"/>
		<Tile position="22,19" tileMaterial="grass"/>
		<Tile position="22,20" tileMaterial="grass"/>
		<Tile position="21,20" tileMaterial="grass"/>
		<Tile position="20,20" tileMaterial="grass"/>
		<Tile position="20,19" tileMaterial="grass"/>
		<Tile position="20,18" tileMaterial="grass"/>
		<Tile position="20,17" tileMaterial="grass"/>
		<Tile position="20,16" tileMaterial="grass"/>
		<Tile position="20,15" tileMaterial="grass"/>
		<Tile position="20,14" tileMaterial="grass"/>
		<Tile position="19,20" tileMaterial="grass"/>
		<Tile position="18,20" tileMaterial="grass"/>
		<Tile position="17,20" tileMaterial="grass"/>
		<Tile position="16,20" tileMaterial="grass"/>
		<Tile position="15,20" tileMaterial="grass"/>
		<Tile position="14,20" tileMaterial="grass"/>
		<Tile position="13,20" tileMaterial="grass"/>
		<Tile position="12,20" tileMaterial="grass"/>
		<Tile position="11,20" tileMaterial="grass"/>
		<Tile position="10,20" tileMaterial="grass"/>
		<Tile position="9,20" tileMaterial="grass"/>
		<Tile position="8,20" tileMaterial="grass"/>
		<Tile position="7,20" tileMaterial="grass"/>
		<Tile position="7,19" tileMaterial="grass"/>
		<Tile position="7,18" tileMaterial="grass"/>
		<Tile position="7,17" tileMaterial="grass"/>
		<Tile position="6,17" tileMaterial="grass"/>
		<Tile position="5,17" tileMaterial="grass"/>
		<Tile position="4,17" tileMaterial="grass"/>
		<Tile position="3,17" tileMaterial="grass"/>
		<Tile position="3,18" tileMaterial="grass"/>
		<Tile position="3,19" tileMaterial="grass"/>
		<Tile position="2,19" tileMaterial="grass"/>
		<Tile position="1,19" tileMaterial="grass"/>
		<Tile position="0,19" tileMaterial="grass"/>
		<Tile position="0,18" tileMaterial="grass"/>
		<Tile position="0,17" tileMaterial="grass"/>
		<Tile position="0,16" tileMaterial="grass"/>
		<Tile position="0,15" tileMaterial="grass"/>
		<Tile position="0,14" tileMaterial="grass"/>
		<Tile position="0,13" tileMaterial="grass"/>
		<Tile position="1,13" tileMaterial="grass"/>
		<Tile position="2,13" tileMaterial="grass"/>
		<Tile position="3,13" tileMaterial="grass"/>
		<Tile position="3,14" tileMaterial="grass"/>
		<Tile position="3,15" tileMaterial="grass"/>
		<Tile position="4,15" tileMaterial="grass"/>
		<Tile position="5,15" tileMaterial="grass"/>
		<Tile position="6,15" tileMaterial="grass"/>
		<Tile position="7,15" tileMaterial="grass"/>
		<Tile position="7,14" tileMaterial="grass"/>
		<Tile position="7,13" tileMaterial="grass"/>
		<Tile position="7,12" tileMaterial="grass"/>
		<Tile position="7,11" tileMaterial="grass"/>
		<Tile position="7,10" tileMaterial="grass"/>
		<Tile position="7,9" tileMaterial="grass"/>
		<Tile position="7,8" tileMaterial="grass"/>
		<Tile position="7,7" tileMaterial="grass"/>
		<Tile position="7,6" tileMaterial="grass"/>
		<Tile position="7,5" tileMaterial="grass"/>
		<Tile position="7,4" tileMaterial="grass"/>
		<Tile position="7,3" tileMaterial="grass"/>
		<Tile position="11,2" tileMaterial="forestTree"/>
		<Tile position="12,3" tileMaterial="forestTree"/>
		<Tile position="15,3" tileMaterial="forestTree"/>
		<Tile position="13,11" tileMaterial="forestTree"/>
		<Tile position="11,15" tileMaterial="forestTree"/>
		<Tile position="12,15" tileMaterial="forestTree"/>
		<Tile position="13,15" tileMaterial="forestTree"/>
		<Tile position="14,15" tileMaterial="forestTree"/>
		<Tile position="15,15" tileMaterial="forestTree"/>
		<Tile position="16,15" tileMaterial="forestTree"/>
		<Tile position="16,16" tileMaterial="forestTree"/>
		<Tile position="16,17" tileMaterial="forestTree"/>
		<Tile position="10,18" tileMaterial="forestTree"/>
		<Tile position="29,10" tileMaterial="forestTree"/>
		<Tile position="28,16" tileMaterial="GreenDoor"/>
		<Tile position="28,17" tileMaterial="teleportertoVolcano"/>
		
		</Tiles>

	<CommandsOnLoad>
		<LoadSound value="Global/Audio/reward"/>
		<LoadSound value="Global/Audio/click"/>
	</CommandsOnLoad>
	
	<Entities>
		<Entity center="2,2" entityType="Hero"/>
		
	

		
	<Entity center="2,9" entityType="FireWand"/>
	<Entity center="1,14" entityType="Bow"/>
	<Entity center="21,19" entityType="PinkKey"/>
	
	
	<Entity center="10,6" entityType="Skeleton"/>
	<Entity center="26,10" entityType="Skeleton"/>
	<Entity center="29,10" entityType="Spider"/>
	<Entity center="2,18" entityType="Spider"/>
	<Entity center="21,15" entityType="Spider"/>
	<Entity center="27,5" entityType="BossDemon"/>
	<Entity center="16,11" entityType="EvilBunny"/>

  </Entities>
	
</Map>
