﻿<?xml version="1.0" encoding="utf-8" ?>
<Map numberOfTilesInViewVertically="12" maximumCoordinates="36,24" officialName="Top View Test Map #1"
	view="top">
	<Tiles>
		<Tile position="0,3" tileMaterial="crystals" />
		<Tile position="1,3" tileMaterial="crystals" />
		<Tile position="2,3" tileMaterial="crystals" />
		<Tile position="3,3" tileMaterial="crystals" />
		<Tile position="4,3" tileMaterial="crystals" />
		<Tile position="5,3" tileMaterial="crystals" />
		<Tile position="6,3" tileMaterial="crystals" />
		<Tile position="7,3" tileMaterial="crystals" />
		<Tile position="7,4" tileMaterial="crystals" />
		<Tile position="8,4" tileMaterial="crystals" />
		<Tile position="9,4" tileMaterial="crystals" />
		<Tile position="10,4" tileMaterial="crystals" />
		<Tile position="11,4" tileMaterial="crystals" />
		<Tile position="11,3" tileMaterial="crystals" />
		<Tile position="11,2" tileMaterial="crystals" />
		<Tile position="11,1" tileMaterial="crystals" />
		<Tile position="12,1" tileMaterial="crystals" />
		<Tile position="13,1" tileMaterial="crystals" />
		<Tile position="14,1" tileMaterial="crystals" />
		<Tile position="15,1" tileMaterial="crystals" />
		<Tile position="16,1" tileMaterial="crystals" />
		<Tile position="17,1" tileMaterial="crystals" />
		<Tile position="18,1" tileMaterial="crystals" />
		<Tile position="19,1" tileMaterial="crystals" />
		<Tile position="20,1" tileMaterial="crystals" />
		<Tile position="21,1" tileMaterial="crystals" />
		<Tile position="22,1" tileMaterial="crystals" />
		<Tile position="23,1" tileMaterial="crystals" />
		<Tile position="24,1" tileMaterial="crystals" />
		<Tile position="25,1" tileMaterial="crystals" />
		<Tile position="25,2" tileMaterial="crystals" />
		<Tile position="25,3" tileMaterial="crystals" />
		<Tile position="25,4" tileMaterial="crystals" />
		<Tile position="26,4" tileMaterial="crystals" />
		<Tile position="27,4" tileMaterial="crystals" />
		<Tile position="28,4" tileMaterial="crystals" />
		<Tile position="29,4" tileMaterial="crystals" />
		<Tile position="30,4" tileMaterial="crystals" />
		<Tile position="31,4" tileMaterial="crystals" />
		<Tile position="31,5" tileMaterial="crystals" />
		<Tile position="31,6" tileMaterial="crystals" />
		<Tile position="30,6" tileMaterial="crystals" />
		<Tile position="29,6" tileMaterial="crystals" />
		<Tile position="28,6" tileMaterial="crystals" />
		<Tile position="27,6" tileMaterial="crystals" />
		<Tile position="26,6" tileMaterial="crystals" />
		<Tile position="25,6" tileMaterial="crystals" />
		<Tile position="25,7" tileMaterial="crystals" />
		<Tile position="25,8" tileMaterial="crystals" />
		<Tile position="25,9" tileMaterial="crystals" />
		<Tile position="25,10" tileMaterial="crystals" />
		<Tile position="25,11" tileMaterial="crystals" />
		<Tile position="25,12" tileMaterial="crystals" />
		<Tile position="25,13" tileMaterial="crystals" />
		<Tile position="25,14" tileMaterial="crystals" />
		<Tile position="26,14" tileMaterial="PinkDoor" />
		<Tile position="32,14" tileMaterial="RedDoor" />
		<Tile position="35,14" tileMaterial="YellowDoor" />
		<Tile position="25,21" tileMaterial="GreenDoor" />
		<Tile position="27,14" tileMaterial="crystals" />
		<Tile position="28,14" tileMaterial="crystals" />
		<Tile position="29,14" tileMaterial="crystals" />
		<Tile position="29,13" tileMaterial="crystals" />
		<Tile position="29,12" tileMaterial="crystals" />
		<Tile position="29,11" tileMaterial="crystals" />
		<Tile position="29,10" tileMaterial="crystals" />
		<Tile position="29,9" tileMaterial="crystals" />
		<Tile position="29,8" tileMaterial="crystals" />
		<Tile position="29,7" tileMaterial="crystals" />
		<Tile position="30,14" tileMaterial="crystals" />
		<Tile position="31,14" tileMaterial="crystals" />
		<Tile position="32,6" tileMaterial="crystals" />
		<Tile position="33,6" tileMaterial="crystals" />
		<Tile position="34,6" tileMaterial="crystals" />
		<Tile position="35,6" tileMaterial="crystals" />
		<Tile position="36,6" tileMaterial="crystals" />
		<Tile position="36,7" tileMaterial="crystals" />
		<Tile position="36,8" tileMaterial="crystals" />
		<Tile position="36,9" tileMaterial="crystals" />
		<Tile position="36,10" tileMaterial="crystals" />
		<Tile position="36,11" tileMaterial="crystals" />
		<Tile position="36,12" tileMaterial="crystals" />
		<Tile position="36,13" tileMaterial="crystals" />
		<Tile position="36,14" tileMaterial="crystals" />
		<Tile position="36,15" tileMaterial="crystals" />
		<Tile position="36,16" tileMaterial="crystals" />
		<Tile position="36,17" tileMaterial="crystals" />
		<Tile position="36,18" tileMaterial="crystals" />
		<Tile position="36,19" tileMaterial="crystals" />
		<Tile position="36,20" tileMaterial="crystals" />
		<Tile position="36,21" tileMaterial="crystals" />
		<Tile position="36,22" tileMaterial="crystals" />
		<Tile position="36,23" tileMaterial="crystals" />
		<Tile position="36,24" tileMaterial="crystals" />
		<Tile position="35,24" tileMaterial="crystals" />
		<Tile position="34,24" tileMaterial="crystals" />
		<Tile position="33,24" tileMaterial="crystals" />
		<Tile position="32,24" tileMaterial="crystals" />
		<Tile position="31,24" tileMaterial="crystals" />
		<Tile position="30,24" tileMaterial="crystals" />
		<Tile position="29,24" tileMaterial="crystals" />
		<Tile position="28,24" tileMaterial="crystals" />
		<Tile position="27,24" tileMaterial="crystals" />
		<Tile position="26,24" tileMaterial="crystals" />
		<Tile position="25,24" tileMaterial="crystals" />
		<Tile position="25,23" tileMaterial="crystals" />
		<Tile position="25,22" tileMaterial="crystals" />
		<Tile position="24,23" tileMaterial="crystals" />
		<Tile position="24,22" tileMaterial="crystals" />
		<Tile position="23,22" tileMaterial="crystals" />
		<Tile position="23,21" tileMaterial="crystals" />
		<Tile position="23,20" tileMaterial="crystals" />
		<Tile position="24,20" tileMaterial="crystals" />
		<Tile position="25,20" tileMaterial="crystals" />
		<Tile position="24,19" tileMaterial="crystals" />
		<Tile position="25,19" tileMaterial="crystals" />
		<Tile position="25,18" tileMaterial="crystals" />
		<Tile position="26,18" tileMaterial="crystals" />
		<Tile position="27,18" tileMaterial="crystals" />
		<Tile position="28,18" tileMaterial="crystals" />
		<Tile position="29,18" tileMaterial="crystals" />
		<Tile position="30,18" tileMaterial="crystals" />
		<Tile position="31,18" tileMaterial="crystals" />
		<Tile position="32,18" tileMaterial="crystals" />
		<Tile position="33,18" tileMaterial="crystals" />
		<Tile position="34,18" tileMaterial="crystals" />
		<Tile position="34,17" tileMaterial="crystals" />
		<Tile position="34,16" tileMaterial="crystals" />
		<Tile position="34,15" tileMaterial="crystals" />
		<Tile position="34,14" tileMaterial="crystals" />
		<Tile position="33,14" tileMaterial="crystals" />
		<Tile position="33,16" tileMaterial="crystals" />
		<Tile position="32,16" tileMaterial="crystals" />
		<Tile position="31,16" tileMaterial="crystals" />
		<Tile position="30,16" tileMaterial="crystals" />
		<Tile position="29,16" tileMaterial="crystals" />
		<Tile position="28,16" tileMaterial="crystals" />
		<Tile position="27,16" tileMaterial="crystals" />
		<Tile position="26,16" tileMaterial="crystals" />
		<Tile position="25,16" tileMaterial="crystals" />
		<Tile position="24,16" tileMaterial="crystals" />
		<Tile position="23,16" tileMaterial="crystals" />
		<Tile position="22,16" tileMaterial="crystals" />
		<Tile position="21,16" tileMaterial="crystals" />
		<Tile position="20,16" tileMaterial="crystals" />
		<Tile position="19,16" tileMaterial="crystals" />
		<Tile position="18,16" tileMaterial="crystals" />
		<Tile position="18,17" tileMaterial="crystals" />
		<Tile position="18,18" tileMaterial="crystals" />
		<Tile position="18,19" tileMaterial="crystals" />
		<Tile position="18,20" tileMaterial="crystals" />
		<Tile position="17,20" tileMaterial="crystals" />
		<Tile position="16,20" tileMaterial="crystals" />
		<Tile position="15,20" tileMaterial="crystals" />
		<Tile position="14,20" tileMaterial="crystals" />
		<Tile position="13,20" tileMaterial="crystals" />
		<Tile position="12,20" tileMaterial="crystals" />
		<Tile position="11,20" tileMaterial="crystals" />
		<Tile position="10,20" tileMaterial="crystals" />
		<Tile position="10,19" tileMaterial="crystals" />
		<Tile position="10,18" tileMaterial="crystals" />
		<Tile position="10,17" tileMaterial="crystals" />
		<Tile position="10,16" tileMaterial="crystals" />
		<Tile position="10,15" tileMaterial="crystals" />
		<Tile position="10,14" tileMaterial="crystals" />
		<Tile position="10,13" tileMaterial="crystals" />
		<Tile position="11,13" tileMaterial="crystals" />
		<Tile position="12,13" tileMaterial="crystals" />
		<Tile position="13,13" tileMaterial="crystals" />
		<Tile position="14,13" tileMaterial="crystals" />
		<Tile position="15,13" tileMaterial="crystals" />
		<Tile position="16,13" tileMaterial="crystals" />
		<Tile position="17,13" tileMaterial="crystals" />
		<Tile position="18,13" tileMaterial="crystals" />
		<Tile position="18,14" tileMaterial="crystals" />
		<Tile position="19,14" tileMaterial="crystals" />
		<Tile position="20,14" tileMaterial="crystals" />
		<Tile position="21,14" tileMaterial="crystals" />
		<Tile position="21,13" tileMaterial="crystals" />
		<Tile position="21,12" tileMaterial="crystals" />
		<Tile position="21,11" tileMaterial="crystals" />
		<Tile position="20,11" tileMaterial="crystals" />
		<Tile position="19,11" tileMaterial="crystals" />
		<Tile position="18,11" tileMaterial="crystals" />
		<Tile position="17,11" tileMaterial="crystals" />
		<Tile position="16,11" tileMaterial="crystals" />
		<Tile position="15,11" tileMaterial="crystals" />
		<Tile position="14,11" tileMaterial="crystals" />
		<Tile position="13,11" tileMaterial="crystals" />
		<Tile position="12,11" tileMaterial="crystals" />
		<Tile position="11,11" tileMaterial="crystals" />
		<Tile position="10,11" tileMaterial="crystals" />
		<Tile position="10,10" tileMaterial="crystals" />
		<Tile position="10,9" tileMaterial="crystals" />
		<Tile position="10,8" tileMaterial="crystals" />
		<Tile position="10,7" tileMaterial="crystals" />
		<Tile position="9,7" tileMaterial="crystals" />
		<Tile position="8,7" tileMaterial="crystals" />
		<Tile position="7,7" tileMaterial="crystals" />
		<Tile position="7,8" tileMaterial="crystals" />
		<Tile position="6,8" tileMaterial="crystals" />
		<Tile position="5,8" tileMaterial="crystals" />
		<Tile position="4,8" tileMaterial="crystals" />
		<Tile position="3,8" tileMaterial="crystals" />
		<Tile position="2,8" tileMaterial="crystals" />
		<Tile position="1,8" tileMaterial="crystals" />
		<Tile position="0,8" tileMaterial="crystals" />
		<Tile position="0,7" tileMaterial="crystals" />
		<Tile position="0,6" tileMaterial="crystals" />
		<Tile position="0,5" tileMaterial="crystals" />
		<Tile position="0,4" tileMaterial="crystals" />
		<Tile position="12,5" tileMaterial="icestone" />
		<Tile position="12,6" tileMaterial="icestone" />
		<Tile position="14,3" tileMaterial="icestone" />
		<Tile position="15,3" tileMaterial="icestone" />
		<Tile position="16,2" tileMaterial="icestone" />
		<Tile position="24,6" tileMaterial="icestone" />
		<Tile position="23,11" tileMaterial="icestone" />
		<Tile position="17,7" tileMaterial="icestone" />
		<Tile position="16,16" tileMaterial="icestone" />
		<Tile position="16,14" tileMaterial="icestone" />
		<Tile position="12,15" tileMaterial="icestone" />
		<Tile position="13,17" tileMaterial="icestone" />
		<Tile position="15,18" tileMaterial="icestone" />
		<Tile position="15,19" tileMaterial="icestone" />
		<Tile position="11,17" tileMaterial="icestone" />
		<Tile position="13,17" tileMaterial="icestone" />
		<Tile position="26,11" tileMaterial="icestone" />
		<Tile position="27,11" tileMaterial="icestone" />
		<Tile position="27,9" tileMaterial="icestone" />
		<Tile position="28,8" tileMaterial="icestone" />
		<Tile position="24,21" tileMaterial="teleporterToFactory" />
		
	</Tiles>
	<CommandsOnLoad>
		<LoadSound value="Global/Audio/reward" />
		<LoadSound value="Global/Audio/click" />
	</CommandsOnLoad>
	<Entities>
		<Entity center="2,5" entityType="Hero" />
		<Entity center="30,5" entityType="IceQuiver" />
		<Entity center="15,2" entityType="Skeleton" />
		<Entity center="26,12" entityType="Skeleton" />
		<Entity center="28,12" entityType="Skeleton" />
		<Entity center="35,10" entityType="Skeleton" />
		<Entity center="19,4" entityType="Spider" />
		<Entity center="30,7" entityType="Spider" />
		<Entity center="13,14" entityType="Spider" />
		<Entity center="32,10" entityType="IceWarrior" />
		<Entity center="29,22" entityType="IceWizard" />
		<Entity center="12,18" entityType="PinkKey" />
		<Entity center="28,7" entityType="RedKey" />
		<Entity center="26,10" entityType="DryIce" />
		<Entity center="28,10" entityType="DryIce" />
		<Entity center="28,9" entityType="DryIce" />
		<Entity center="26,8" entityType="DryIce" />
		<Entity center="7,6" entityType="DryIce" />
		<Entity center="7,5" entityType="DryIce" />
	</Entities>
</Map>
