﻿<?xml version="1.0" encoding="utf-8"?>
<Map numberOfTilesInViewVertically="12" maximumCoordinates="36,24" officialName="Top View Test Map #1" view="top">
	<Tiles>
		<Tile position="16,0" tileMaterial="stone"/>
		<Tile position="15,0" tileMaterial="stone"/>
		<Tile position="14,0" tileMaterial="stone"/>
		<Tile position="14,1" tileMaterial="stone"/>
		<Tile position="14,2" tileMaterial="stone"/>
		<Tile position="14,3" tileMaterial="stone"/>
		<Tile position="14,4" tileMaterial="stone"/>
		<Tile position="15,4" tileMaterial="stone"/>
		<Tile position="15,5" tileMaterial="stone"/>
		<Tile position="15,6" tileMaterial="stone"/>
		<Tile position="14,6" tileMaterial="stone"/>
		<Tile position="13,6" tileMaterial="stone"/>
		<Tile position="12,6" tileMaterial="stone"/>
		<Tile position="11,6" tileMaterial="stone"/>
		<Tile position="10,6" tileMaterial="stone"/>
		<Tile position="9,6" tileMaterial="stone"/>
		<Tile position="8,6" tileMaterial="stone"/>
		<Tile position="8,5" tileMaterial="stone"/>
		<Tile position="8,3" tileMaterial="stone"/>
		<Tile position="7,3" tileMaterial="stone"/>
		<Tile position="6,3" tileMaterial="stone"/>
		<Tile position="5,3" tileMaterial="stone"/>
		<Tile position="4,3" tileMaterial="stone"/>
		<Tile position="4,4" tileMaterial="stone"/>
		<Tile position="3,4" tileMaterial="stone"/>
		<Tile position="2,4" tileMaterial="stone"/>
		<Tile position="4,2" tileMaterial="stone"/>
		<Tile position="4,1" tileMaterial="stone"/>
		<Tile position="5,1" tileMaterial="stone"/>
		<Tile position="6,1" tileMaterial="stone"/>
		<Tile position="7,1" tileMaterial="stone"/>
		<Tile position="8,1" tileMaterial="stone"/>
		<Tile position="9,1" tileMaterial="stone"/>
		<Tile position="10,1" tileMaterial="stone"/>
		<Tile position="10,2" tileMaterial="stone"/>
		<Tile position="10,3" tileMaterial="stone"/>
		<Tile position="10,4" tileMaterial="stone"/>
		<Tile position="11,4" tileMaterial="stone"/>
		<Tile position="12,4" tileMaterial="stone"/>
		<Tile position="12,3" tileMaterial="stone"/>
		<Tile position="12,2" tileMaterial="stone"/>
		<Tile position="12,1" tileMaterial="stone"/>
		<Tile position="3,2" tileMaterial="stone"/>
		<Tile position="2,2" tileMaterial="stone"/>
		<Tile position="1,2" tileMaterial="stone"/>
		<Tile position="0,2" tileMaterial="stone"/>
		<Tile position="0,1" tileMaterial="stone"/>
		<Tile position="0,0" tileMaterial="stone"/>
		<Tile position="1,0" tileMaterial="stone"/>
		<Tile position="2,0" tileMaterial="stone"/>
		<Tile position="0,3" tileMaterial="stone"/>
		<Tile position="0,4" tileMaterial="stone"/>
		<Tile position="0,5" tileMaterial="stone"/>
		<Tile position="0,6" tileMaterial="stone"/>
		<Tile position="1,6" tileMaterial="stone"/>
		<Tile position="2,6" tileMaterial="stone"/>
		<Tile position="3,6" tileMaterial="stone"/>
		<Tile position="4,6" tileMaterial="stone"/>
		<Tile position="5,6" tileMaterial="stone"/>
		<Tile position="6,6" tileMaterial="stone"/>
		<Tile position="6,5" tileMaterial="stone"/>
		<Tile position="6,7" tileMaterial="stone"/>
		<Tile position="6,8" tileMaterial="stone"/>
		<Tile position="6,9" tileMaterial="stone"/>
		<Tile position="6,10" tileMaterial="stone"/>
		<Tile position="6,11" tileMaterial="stone"/>
		<Tile position="6,12" tileMaterial="stone"/>
		<Tile position="6,13" tileMaterial="stone"/>
		<Tile position="6,14" tileMaterial="stone"/>
		<Tile position="6,15" tileMaterial="stone"/>
		<Tile position="6,16" tileMaterial="stone"/>
		<Tile position="6,17" tileMaterial="stone"/>
		<Tile position="6,18" tileMaterial="stone"/>
		<Tile position="6,19" tileMaterial="stone"/>
		<Tile position="7,19" tileMaterial="stone"/>
		<Tile position="8,19" tileMaterial="stone"/>
		<Tile position="8,20" tileMaterial="stone"/>
		<Tile position="8,21" tileMaterial="stone"/>
		<Tile position="6,13" tileMaterial="stone"/>
		<Tile position="5,13" tileMaterial="stone"/>
		<Tile position="4,13" tileMaterial="stone"/>
		<Tile position="3,13" tileMaterial="stone"/>
		<Tile position="2,13" tileMaterial="stone"/>
		<Tile position="1,13" tileMaterial="stone"/>
		<Tile position="1,14" tileMaterial="stone"/>
		<Tile position="1,15" tileMaterial="stone"/>
		<Tile position="1,16" tileMaterial="stone"/>
		<Tile position="1,17" tileMaterial="stone"/>
		<Tile position="1,18" tileMaterial="stone"/>
		<Tile position="1,19" tileMaterial="stone"/>
		<Tile position="1,20" tileMaterial="stone"/>
		<Tile position="1,21" tileMaterial="stone"/>
		<Tile position="1,22" tileMaterial="stone"/>
		<Tile position="1,23" tileMaterial="stone"/>
		<Tile position="2,23" tileMaterial="stone"/>
		<Tile position="3,23" tileMaterial="stone"/>
		<Tile position="4,23" tileMaterial="stone"/>
		<Tile position="5,23" tileMaterial="stone"/>
		<Tile position="6,23" tileMaterial="stone"/>
		<Tile position="7,23" tileMaterial="stone"/>
		<Tile position="8,23" tileMaterial="stone"/>
		<Tile position="9,23" tileMaterial="stone"/>
		<Tile position="10,23" tileMaterial="stone"/>
		<Tile position="10,22" tileMaterial="stone"/>
		<Tile position="10,21" tileMaterial="stone"/>
		<Tile position="10,20" tileMaterial="stone"/>
		<Tile position="10,19" tileMaterial="stone"/>
		<Tile position="11,19" tileMaterial="stone"/>
		<Tile position="12,19" tileMaterial="stone"/>
		<Tile position="13,19" tileMaterial="stone"/>
		<Tile position="14,19" tileMaterial="stone"/>
		<Tile position="15,19" tileMaterial="stone"/>
		<Tile position="16,19" tileMaterial="stone"/>
		<Tile position="17,19" tileMaterial="stone"/>
		<Tile position="18,19" tileMaterial="stone"/>
		<Tile position="19,19" tileMaterial="stone"/>
		<Tile position="20,19" tileMaterial="stone"/>
		<Tile position="21,19" tileMaterial="stone"/>
		<Tile position="22,19" tileMaterial="stone"/>
		<Tile position="23,19" tileMaterial="stone"/>
		<Tile position="24,19" tileMaterial="stone"/>
		<Tile position="25,19" tileMaterial="stone"/>
		<Tile position="25,18" tileMaterial="stone"/>
		<Tile position="25,17" tileMaterial="stone"/>
		<Tile position="25,16" tileMaterial="stone"/>
		<Tile position="25,15" tileMaterial="stone"/>
		<Tile position="25,14" tileMaterial="stone"/>
		<Tile position="25,13" tileMaterial="stone"/>
		<Tile position="25,12" tileMaterial="stone"/>
		<Tile position="25,11" tileMaterial="stone"/>
		<Tile position="25,10" tileMaterial="stone"/>
		<Tile position="25,9" tileMaterial="stone"/>
		<Tile position="25,8" tileMaterial="stone"/>
		<Tile position="25,7" tileMaterial="stone"/>
		<Tile position="25,6" tileMaterial="stone"/>
		<Tile position="24,6" tileMaterial="stone"/>
		<Tile position="26,6" tileMaterial="stone"/>
		<Tile position="27,6" tileMaterial="stone"/>
		<Tile position="28,6" tileMaterial="stone"/>
		<Tile position="29,6" tileMaterial="stone"/>
		<Tile position="30,6" tileMaterial="stone"/>
		<Tile position="31,6" tileMaterial="stone"/>
		<Tile position="32,6" tileMaterial="stone"/>
		<Tile position="33,6" tileMaterial="stone"/>
		<Tile position="33,5" tileMaterial="stone"/>
		<Tile position="34,5" tileMaterial="stone"/>
		<Tile position="34,4" tileMaterial="stone"/>
		<Tile position="35,4" tileMaterial="stone"/>
		<Tile position="36,4" tileMaterial="stone"/>
		<Tile position="36,3" tileMaterial="stone"/>
		<Tile position="36,2" tileMaterial="stone"/>
		<Tile position="35,2" tileMaterial="stone"/>
		<Tile position="34,2" tileMaterial="stone"/>
		<Tile position="34,1" tileMaterial="stone"/>
		<Tile position="33,1" tileMaterial="stone"/>
		<Tile position="33,0" tileMaterial="stone"/>
		<Tile position="32,0" tileMaterial="stone"/>
		<Tile position="31,0" tileMaterial="stone"/>
		<Tile position="30,0" tileMaterial="stone"/>
		<Tile position="29,0" tileMaterial="stone"/>
		<Tile position="28,0" tileMaterial="stone"/>
		<Tile position="27,0" tileMaterial="stone"/>
		<Tile position="26,0" tileMaterial="stone"/>
		<Tile position="25,0" tileMaterial="stone"/>
		<Tile position="24,0" tileMaterial="stone"/>
		<Tile position="23,0" tileMaterial="stone"/>
		<Tile position="22,0" tileMaterial="stone"/>
		<Tile position="21,0" tileMaterial="stone"/>
		<Tile position="20,0" tileMaterial="stone"/>
		<Tile position="20,1" tileMaterial="stone"/>
		<Tile position="20,2" tileMaterial="stone"/>
		<Tile position="20,3" tileMaterial="stone"/>
		<Tile position="20,4" tileMaterial="stone"/>
		<Tile position="20,5" tileMaterial="stone"/>
		<Tile position="20,6" tileMaterial="stone"/>
		<Tile position="21,6" tileMaterial="stone"/>
		<Tile position="22,6" tileMaterial="stone"/>
		<Tile position="19,6" tileMaterial="stone"/>
		<Tile position="18,6" tileMaterial="stone"/>
		<Tile position="17,6" tileMaterial="stone"/>
		<Tile position="17,5" tileMaterial="stone"/>
		<Tile position="17,4" tileMaterial="stone"/>
		<Tile position="18,4" tileMaterial="stone"/>
		<Tile position="18,3" tileMaterial="stone"/>
		<Tile position="18,2" tileMaterial="stone"/>
		<Tile position="18,1" tileMaterial="stone"/>
		<Tile position="18,0" tileMaterial="stone"/>
		<Tile position="17,0" tileMaterial="stone"/>
		<Tile position="9,19" tileMaterial="PinkDoor"/>
		<Tile position="23,6" tileMaterial="RedDoor"/>
		<Tile position="34,3" tileMaterial="GreenDoor"/>
		<Tile position="35,3" tileMaterial="teleporterToIce"/>
		
		
	</Tiles>

	<CommandsOnLoad>
		<LoadSound value="Global/Audio/reward"/>
		<LoadSound value="Global/Audio/click"/>
	</CommandsOnLoad>
	
	<Entities>
		<Entity center="16,2" entityType="Hero"/>
		<Entity center="1,1" entityType="BubbleWand"/>
		<Entity center="5,14" entityType="RedKey"/>
		<Entity center="3,3" entityType="PinkKey"/>
		<Entity center="14,5" entityType="Apple"/>
		<Entity center="15,13" entityType="Apple"/>
		<Entity center="16,13" entityType="Apple"/>
		<Entity center="24,3" entityType="BossMoblin"/>
		<Entity center="2,19" entityType="Spider"/>
		<Entity center="3,19" entityType="Spider"/>
		<Entity center="4,19" entityType="Spider"/>
		<Entity center="5,19" entityType="Spider"/>
		<Entity center="5,2" entityType="Spider"/>
		<Entity center="30,4" entityType="Spider"/>
		<Entity center="11,1" entityType="Magma"/>
		<Entity center="11,2" entityType="Magma"/>
		<Entity center="11,3" entityType="Magma"/>
		<Entity center="27,2" entityType="Magma"/>
		<Entity center="30,3" entityType="Magma"/>
		<Entity center="27,5" entityType="Magma"/>
		<Entity center="28,5" entityType="Magma"/>
		<Entity center="29,5" entityType="Magma"/>
		<Entity center="15,9" entityType="Magma"/>
		<Entity center="14,9" entityType="Magma"/>
		<Entity center="13,9" entityType="Magma"/>
		<Entity center="12,9" entityType="Magma"/>
		<Entity center="12,10" entityType="Magma"/>
		<Entity center="12,11" entityType="Magma"/>
		<Entity center="12,12" entityType="Magma"/>
		<Entity center="12,13" entityType="Magma"/>
		<Entity center="12,14" entityType="Magma"/>
		<Entity center="12,15" entityType="Magma"/>
		<Entity center="12,16" entityType="Magma"/>
		<Entity center="12,17" entityType="Magma"/>
		<Entity center="13,17" entityType="Magma"/>
		<Entity center="14,17" entityType="Magma"/>
		<Entity center="15,17" entityType="Magma"/>
		<Entity center="16,17" entityType="Magma"/>
		<Entity center="17,17" entityType="Magma"/>
		<Entity center="18,17" entityType="Magma"/>
		<Entity center="18,16" entityType="Magma"/>
		<Entity center="18,15" entityType="Magma"/>
		<Entity center="18,14" entityType="Magma"/>
		<Entity center="18,13" entityType="Magma"/>
		<Entity center="18,12" entityType="Magma"/>
		<Entity center="17,12" entityType="Magma"/>
		<Entity center="16,12" entityType="Magma"/>
		<Entity center="15,12" entityType="Magma"/>
		<Entity center="14,12" entityType="Magma"/>
		<Entity center="14,13" entityType="Magma"/>
		<Entity center="14,14" entityType="Magma"/>
		<Entity center="14,15" entityType="Magma"/>
		<Entity center="15,15" entityType="Magma"/>
		<Entity center="16,15" entityType="Magma"/>
		<Entity center="15,14" entityType="Magma"/>
		<Entity center="16,14" entityType="Magma"/>
		<Entity center="14,11" entityType="Magma"/>
		<Entity center="15,11" entityType="Magma"/>
		<Entity center="16,11" entityType="Magma"/>
		<Entity center="17,11" entityType="Magma"/>
		<Entity center="17,10" entityType="Magma"/>
		<Entity center="17,9" entityType="Magma"/>
		<Entity center="17,8" entityType="Magma"/>
		<Entity center="17,7" entityType="Magma"/>
		<Entity center="11,9" entityType="Magma"/>
		<Entity center="10,9" entityType="Magma"/>
		<Entity center="9,9" entityType="Magma"/>
		<Entity center="8,9" entityType="Magma"/>
		<Entity center="7,9" entityType="Magma"/>
		<Entity center="8,10" entityType="Magma"/>
		<Entity center="7,8" entityType="Magma"/>
		
	</Entities>
	
</Map>
