﻿<?xml version="1.0" encoding="utf-8"?>
<Map numberOfTilesInViewVertically=" 5" maximumCoordinates="40,40" officialName="Zoo Start Room" view="top" backgroundTint="10,10,40">
	<Tiles>
		<!-- This is the left wall -->
		<Tile position="0,0" tileMaterial="cobblestone"/>
		<Tile position="0,1" tileMaterial="cobblestone"/>
		<Tile position="0,2" tileMaterial="cobblestone"/>
		<Tile position="0,3" tileMaterial="cobblestone"/>
		<Tile position="0,4" tileMaterial="cobblestone"/>
		

		<!-- This is the right wall -->
		<Tile position="15,0" tileMaterial="cobblestone"/>
		<Tile position="15,1" tileMaterial="cobblestone"/>
		<Tile position="15,2" tileMaterial="cobblestone"/>
		<Tile position="15,3" tileMaterial="cobblestone"/>
		<Tile position="15,4" tileMaterial="cobblestone"/>
		
		<!-- This is the top wall -->
		<Tile position="1,0" tileMaterial="cobblestone"/>
		<Tile position="2,0" tileMaterial="cobblestone"/>
		<Tile position="3,0" tileMaterial="cobblestone"/>
		<Tile position="4,0" tileMaterial="cobblestone"/>
		<Tile position="5,0" tileMaterial="cobblestone"/>
		<Tile position="6,0" tileMaterial="cobblestone"/>
		<Tile position="7,0" tileMaterial="cobblestone"/>
		<Tile position="8,0" tileMaterial="cobblestone"/>
		<Tile position="9,0" tileMaterial="cobblestone"/>
		<Tile position="10,0" tileMaterial="cobblestone"/>
		<Tile position="11,0" tileMaterial="cobblestone"/>
		<Tile position="12,0" tileMaterial="cobblestone"/>
		<Tile position="13,0" tileMaterial="cobblestone"/>
		<Tile position="14,0" tileMaterial="cobblestone"/>
        <!-- this is the bottom wall-->
		<Tile position="1,4" tileMaterial="cobblestone"/>
	  	<Tile position="2,4" tileMaterial="cobblestone"/>
	    <Tile position="3,4" tileMaterial="cobblestone"/>
	    <Tile position="4,4" tileMaterial="cobblestone"/>
	    <Tile position="5,4" tileMaterial="cobblestone"/>
	    <Tile position="5,3" tileMaterial="cobblestone"/>
	    <Tile position="5,1" tileMaterial="cobblestone"/>
	    <Tile position="6,4" tileMaterial="cobblestone"/>
	    <Tile position="7,4" tileMaterial="cobblestone"/>
	    <Tile position="8,4" tileMaterial="cobblestone"/>
		<Tile position="9,4" tileMaterial="cobblestone"/>
		<Tile position="10,4" tileMaterial="cobblestone"/>
		<Tile position="11,4" tileMaterial="cobblestone"/>
		<Tile position="12,4" tileMaterial="cobblestone"/>
		<Tile position="13,4" tileMaterial="cobblestone"/>
	    <Tile position="13,3" tileMaterial="cobblestone"/>
		<Tile position="13,2" tileMaterial="door green lock"/>
		<Tile position="13,1" tileMaterial="cobblestone"/>
		<Tile position="13,5" tileMaterial="cobblestone"/>
		<Tile position="13,6" tileMaterial="cobblestone"/>
		<Tile position="13,7" tileMaterial="cobblestone"/>
		<Tile position="15,5" tileMaterial="cobblestone"/>
		<Tile position="15,6" tileMaterial="cobblestone"/>
		<Tile position="15,7" tileMaterial="cobblestone"/>
		<Tile position="15,8" tileMaterial="cobblestone"/>
		<Tile position="15,9" tileMaterial="cobblestone"/>
		<Tile position="21,19" tileMaterial="cobblestone"/>
		<Tile position="21,20" tileMaterial="cobblestone"/>
		<Tile position="21,21" tileMaterial="cobblestone"/>
		<Tile position="20,21" tileMaterial="cobblestone"/>
		<Tile position="21,18" tileMaterial="cobblestone"/>
		<Tile position="2,18" tileMaterial="cobblestone"/>
		<Tile position="21,17" tileMaterial="cobblestone"/>
		<Tile position="20,17"tileMaterial="cobblestone"/>
		<Tile position="19,17"tileMaterial="cobblestone"/>
		<Tile position="18,17" tileMaterial="cobblestone"/>
		<Tile position="17,17" tileMaterial="cobblestone"/>
		<Tile position="16,17" tileMaterial="cobblestone"/>
		<Tile position="15,17" tileMaterial="cobblestone"/>
		<Tile position="19,21" tileMaterial="cobblestone"/>
			<Tile position="18,21" tileMaterial="cobblestone"/>
				<Tile position="17,21" tileMaterial="cobblestone"/>
			<Tile position="16,21" tileMaterial="cobblestone"/>
			<Tile position="15,21" tileMaterial="cobblestone"/>
				<Tile position="14,21" tileMaterial="cobblestone"/>
				<Tile position="14,20" tileMaterial="cobblestone"/>
			<Tile position="14,19" tileMaterial="ldr"/>
			<Tile position="14,18" tileMaterial="cobblestone"/>
			<Tile position="14,17" tileMaterial="cobblestone"/>
			<Tile position="14,16" tileMaterial="cobblestone"/>
			<Tile position="14,15" tileMaterial="cobblestone"/>
			<Tile position="13,21" tileMaterial="water"/>
			<Tile position="12,21" tileMaterial="water"/>
			<Tile position="11,21" tileMaterial="water"/>
						<Tile position="11,21" tileMaterial="water"/>
			<Tile position="10,21" tileMaterial="water"/>
			<Tile position="9,21" tileMaterial="water"/>
			<Tile position="8,21" tileMaterial="water"/>
			<Tile position="8,20" tileMaterial="water"/>
		<Tile position="8,20" tileMaterial="water"/>
	<Tile position="8,20" tileMaterial="water"/>
<Tile position="8,19" tileMaterial="water"/>
<Tile position="8,18" tileMaterial="water"/>
<Tile position="8,17" tileMaterial="water"/>
<Tile position="8,16" tileMaterial="water"/>
<Tile position="8,15" tileMaterial="cobblestone"/>
<Tile position="8,20" tileMaterial="water"/>
<Tile position="10,15" tileMaterial="cobblestone"/>
<Tile position="11,15" tileMaterial="cobblestone"/>
<Tile position="12,15" tileMaterial="cobblestone"/>
<Tile position="13,15" tileMaterial="cobblestone"/>
<Tile position="14,15" tileMaterial="cobblestone"/>
<Tile position="15,15" tileMaterial="cobblestone"/>
<Tile position="9,15" tileMaterial="cobblestone"/>
<Tile position="9,15" tileMaterial="cobblestone"/>
<Tile position="7,15" tileMaterial="cobblestone"/>
<Tile position="7,16" tileMaterial="cobblestone"/>
<Tile position="7,17" tileMaterial="cobblestone"/>
<Tile position="7,18" tileMaterial="cobblestone"/>
<Tile position="7,19" tileMaterial="lockeddoorgold"/>
<Tile position="7,20" tileMaterial="cobblestone"/>
<Tile position="7,21" tileMaterial="cobblestone"/>
<Tile position="7,22" tileMaterial="cobblestone"/>
<Tile position="8,22" tileMaterial="cobblestone"/>
<Tile position="9,22" tileMaterial="cobblestone"/>
<Tile position="10,22" tileMaterial="cobblestone"/>
<Tile position="11,22" tileMaterial="cobblestone"/>
<Tile position="12,22" tileMaterial="cobblestone"/>
<Tile position="13,22" tileMaterial="cobblestone"/>
<Tile position="9,16" tileMaterial="water"/>
<Tile position="9,17" tileMaterial="water"/>
<Tile position="9,18" tileMaterial="water"/>
<Tile position="9,19" tileMaterial="water"/>
<Tile position="9,20" tileMaterial="water"/>
<Tile position="9,21" tileMaterial="water"/>
<Tile position="10,16" tileMaterial="water"/>
<Tile position="10,17" tileMaterial="water"/>
<Tile position="10,18" tileMaterial="water"/>
<Tile position="10,19" tileMaterial="water"/>
<Tile position="10,20" tileMaterial="water"/>
<Tile position="11,16" tileMaterial="water"/>
<Tile position="11,17" tileMaterial="water"/>
<Tile position="11,18" tileMaterial="water"/>
<Tile position="11,19" tileMaterial="water"/>
<Tile position="11,20" tileMaterial="water"/>
<Tile position="12,16" tileMaterial="water"/>
<Tile position="12,17" tileMaterial="water"/>
<Tile position="12,18" tileMaterial="water"/>
<Tile position="12,19" tileMaterial="water"/>
<Tile position="13,16" tileMaterial="water"/>
<Tile position="13,17" tileMaterial="water"/>
<Tile position="13,18" tileMaterial="water"/>
<Tile position="13,19" tileMaterial="water"/>
<Tile position="13,20" tileMaterial="water"/>
<Tile position="12,20" tileMaterial="water"/>
<Tile position="6,19" tileMaterial="door green lock"/>
<Tile position="6,20" tileMaterial="cobblestone"/>
<Tile position="6,18" tileMaterial="cobblestone"/>
<Tile position="5,20" tileMaterial="cobblestone"/>
<Tile position="5,18" tileMaterial="cobblestone"/>
		<Tile position="5,2" tileMaterial="LockBehindYouDoor"/>
<Tile position="5,19" tileMaterial="lockedDoorRed"/>




			</Tiles>

	<CommandsOnLoad>
		<LoadSound value="Global/Audio/click"/>
		<LoadSound value="Global/Audio/cymbal"/>
		<LoadSound value="Global/Audio/digital1"/>
		<LoadSound value="Global/Audio/digital2"/>
		<LoadSound value="Global/Audio/digital3"/>
		<LoadSound value="Global/Audio/digital4"/>
		<LoadSound value="Global/Audio/digital5"/>
		<LoadSound value="Global/Audio/eagle"/>
		<LoadSound value="Global/Audio/electric-breath"/>
		<LoadSound value="Global/Audio/electric-purr"/>
		<LoadSound value="Global/Audio/energy"/>
		<LoadSound value="Global/Audio/fwup"/>
		<LoadSound value="Global/Audio/gong"/>
		<LoadSound value="Global/Audio/mystery1"/>
		<LoadSound value="Global/Audio/mystery2"/>
		<LoadSound value="Global/Audio/mystery3"/>
		<LoadSound value="Global/Audio/quick-electric-jazz"/>
		<LoadSound value="Global/Audio/reward"/>
		<LoadSound value="Global/Audio/soft-zap"/>
		<LoadSound value="Global/Audio/umph"/>
		<LoadSound value="Global/Audio/whirp"/>
		
		<!--
		<LoadSound value="Global/Audio/electric-chirp"/>
		<LoadSound value="Global/Audio/electric-gong"/>
		<LoadSound value="Global/Audio/large-bird"/>
		<LoadSound value="Global/Audio/mellow-electric-jazz"/>
		<LoadSound value="Global/Audio/owl"/>
		<LoadSound value="Global/Audio/revelation"/>
		<LoadSound value="Global/Audio/small-birds"/>
		<LoadSound value="Global/Audio/strange-bird"/>
		<LoadSound value="Global/Audio/swipe"/>
		<LoadSound value="Global/Audio/victory"/>
		<LoadSound value="Global/Audio/whale1"/>
		<LoadSound value="Global/Audio/whale2"/>
		<LoadSound value="Global/Audio/wolves"/>
		<LoadSound value="Global/Audio/woodpecker"/>
		-->
	</CommandsOnLoad>
	
	<Entities>
		<!-- Actors -->
		<Entity center="1,1" entityType="Hero"/>
        <Entity center="15,20" entityType="Boss 3"/>
		<Entity center="1,3" entityType="mrd"/>
		<!-- Items -->
		<Entity center="5.6,2" entityType="BulletKiller"/>
		<Entity center="2,2" entityType="mace"/>
        <Entity center="12,3" entityType="Boss 2"/>
		<Entity center="12,3" entityType="Boss 1"/>
		<Entity center="6,2" entityType="LockTheDoorEntity"/>
		<Entity center="14,7" entityType="teleporter"/>
		 <Entity center="8,21" entityType="water Boss"/>
		 <Entity center="13,16" entityType="water Boss 2"/> 
		  <Entity center="13,16" entityType="water Boss 3"/>
		  <Entity center="4,19" entityType="teleporter2"/>
		<Entity center="14,6" entityType="LargeHeart"/>
			<Entity center="4,19" entityType="LargeHeart"/>
		<Entity center="13,19" entityType="TheWaterGun"/>
		<Entity center="13.4,18" entityType="BulletKiller"/>
	    <Entity center="14.4,7" entityType="BulletKiller2"/>
	</Entities>
</Map>   
