﻿<?xml version="1.0" encoding="utf-8"?>
<Map numberOfTilesInViewVertically="5" maximumCoordinates="40,40" officialName="Zoo Start Room" view="top" backgroundTint="10,10,40">
	<Tiles>
		<!-- This is the left wall -->
		<Tile position="0,3" tileMaterial="cobblestone"/>
<Tile position="0,4" tileMaterial="cobblestone"/>
<Tile position="0,5" tileMaterial="cobblestone"/>
<Tile position="0,6" tileMaterial="cobblestone"/>
<Tile position="0,7" tileMaterial="cobblestone"/>
		<!-- This is the right wall -->
		
		<!-- This is the top wall -->
		
	
        <!-- this is the bottom wall-->
	<Tile position="1,7" tileMaterial="cobblestone"/>
		<Tile position="2,7" tileMaterial="cobblestone"/>
			<Tile position="3,7" tileMaterial="cobblestone"/>
			<Tile position="4,7" tileMaterial="cobblestone"/>
			<Tile position="5,7" tileMaterial="cobblestone"/>
			<Tile position="6,7" tileMaterial="cobblestone"/>
			<Tile position="7,7" tileMaterial="cobblestone"/>
			<Tile position="1,3" tileMaterial="cobblestone"/>
		<Tile position="2,3" tileMaterial="cobblestone"/>
		<Tile position="3,3" tileMaterial="cobblestone"/>
		<Tile position="4,3" tileMaterial="cobblestone"/>
		<Tile position="5,3" tileMaterial="cobblestone"/>
		<Tile position="6,3" tileMaterial="cobblestone"/>
		<Tile position="7,3" tileMaterial="cobblestone"/>
	</Tiles>
	
	<Entities>
		<!-- Actors -->
		<Entity center="3,4" entityType="Hero"/>
		<!-- Items -->
		<Entity center="3,4" entityType="mrd2"/>
		<Entity center="8,5" entityType="GiantLavaBlob"/>
	</Entities>
	
</Map>   