c<?xml version="1.0" encoding="utf-8"?>
<Map numberOfTilesInViewVertically="8" maximumCoordinates="40,40" officialName="Zoo Start Room" view="top" backgroundTint="60,60,60">
	<Tiles>
        <!-- This is the left wall -->
        <Tile position="0,0" tileMaterial="Corner"/>
        <Tile position="0,1" tileMaterial="Cobblestone2"/>
        <Tile position="0,2" tileMaterial="Cobblestone2"/>
        <Tile position="0,3" tileMaterial="Cobblestone2"/>
        <Tile position="0,4" tileMaterial="Cobblestone2"/>
        <Tile position="0,5" tileMaterial="Cobblestone2"/>
        <Tile position="0,6" tileMaterial="Cobblestone2"/>
        <Tile position="0,7" tileMaterial="Corner"/>

         
         
         
         
        <!-- This is the right wall -->
         <Tile position="10,0" tileMaterial="Corner"/>
        <Tile position="10,1" tileMaterial="Cobblestone2"/>
        <Tile position="10,2" tileMaterial="Cobblestone2"/>
        <Tile position="10,3" tileMaterial="Cobblestone2"/>
        <Tile position="10,4" tileMaterial="Cobblestone2"/>
        <Tile position="10,5" tileMaterial="Cobblestone2"/>
        <Tile position="10,6" tileMaterial="Cobblestone2"/>
        <Tile position="10,7" tileMaterial="corner"/>
        
        
        
        <!-- This is the top wall -->
        <Tile position="1,0" tileMaterial="Cobblestone1"/>
        <Tile position="2,0" tileMaterial="Cobblestone1"/>
        <Tile position="3,0" tileMaterial="Cobblestone1"/>
        <Tile position="4,0" tileMaterial="Cobblestone1"/>
        <Tile position="5,0" tileMaterial="Cobblestone1"/>
        <Tile position="6,0" tileMaterial="Cobblestone1"/>
        <Tile position="7,0" tileMaterial="Cobblestone1"/>
        <Tile position="8,0" tileMaterial="Cobblestone1"/>
        <Tile position="9,0" tileMaterial="Cobblestone1"/>
     
     <!-- This is the left wall -->
   


        <!-- This is the bottom wall -->
        <Tile position="1,7" tileMaterial="Cobblestone1"/>
        <Tile position="2,7" tileMaterial="Cobblestone1"/>
        <Tile position="3,7" tileMaterial="Cobblestone1"/>
        <Tile position="4,7" tileMaterial="Cobblestone1"/>
        <Tile position="5,7" tileMaterial="Cobblestone1"/>
        <Tile position="6,7" tileMaterial="Cobblestone1"/>
         <Tile position="7,7" tileMaterial="Cobblestone1"/>
          <Tile position="8,7" tileMaterial="Cobblestone1"/>
           <Tile position="9,7" tileMaterial="Cobblestone1"/>
   <Tile position="5,4" tileMaterial="water1"/>
   <Tile position="4,4" tileMaterial="water"/>
   <Tile position="1,2" tileMaterial="cage"/>
   <Tile position="2,2" tileMaterial="cage"/>
   <Tile position="2,3" tileMaterial="cagedoor"/>
   <Tile position="2,4" tileMaterial="cage"/>
   <Tile position="1,4" tileMaterial="cage"/>
   
   <Tile position="9,2" tileMaterial="cage"/>
   <Tile position="8,2" tileMaterial="cage"/>
   <Tile position="8,3" tileMaterial="cagedoor"/>
   <Tile position="8,4" tileMaterial="cage"/>
   <Tile position="9,4" tileMaterial="cage"/>
   <Tile position="11,3" tileMaterial="cage"/>
   <Tile position="11,4" tileMaterial="cage"/>
   <Tile position="5,2" tileMaterial="head"/>
   <Tile position="5,3" tileMaterial="body"/>
 

			</Tiles>

<CommandsOnLoad>
    
    <LoadSound value="Global/Audio/Eye"/>
        <PlaySound value="Global/Audio/Eye"/>
    
</CommandsOnLOad>



	
	<Entities>
		<!-- Actors -->
		<Entity center="1,3" entityType="Hero"/>
        <Entity center="9,3" entityType="boss 1"/>
        <Entity center="5,1" entityType="mrd2"/>
        <Entity center="1,3" entityType="LargeHeart"/>
        <Entity center="1,1" entityType="DamageCounter1"/>
        <Entity center="1,1" entityType="DamageCounter2"/>
        <Entity center="1,1" entityType="DamageCounter3"/>
        <Entity center="1,1" entityType="DamageCounter4"/>
        
		<!-- Items -->
        
        
	</Entities>
</Map>   
