<?xml version="1.0" encoding="utf-8"?>
<Map numberOfTilesInViewVertically=" 5" maximumCoordinates="40,40" officialName="Zoo Start Room" view="top" backgroundTint="10,10,40">
	<Tiles>
		<!-- This is the left wall -->
		<Tile position="0,0" tileMaterial="cobblestone"/>
		<Tile position="0,1" tileMaterial="cobblestone"/>
		<Tile position="0,2" tileMaterial="cobblestone"/>
		<Tile position="0,3" tileMaterial="cobblestone"/>
		<Tile position="0,4" tileMaterial="cobblestone"/>
		

		<!-- This is the right wall -->
		<Tile position="16,0" tileMaterial="cobblestone"/>
		<Tile position="16,1" tileMaterial="cobblestone"/>
		<Tile position="16,2" tileMaterial="cobblestone"/>
		<Tile position="16,3" tileMaterial="cobblestone"/>
		<Tile position="16,4" tileMaterial="cobblestone"/>
		
		<!-- This is the top wall -->
		<Tile position="1,0" tileMaterial="cobblestone"/>
		<Tile position="2,0" tileMaterial="cobblestone"/>
		<Tile position="3,0" tileMaterial="cobblestone"/>
		<Tile position="4,0" tileMaterial="cobblestone"/>
		<Tile position="5,0" tileMaterial="cobblestone"/>
		<Tile position="6,0" tileMaterial="cobblestone"/>
		<Tile position="7,0" tileMaterial="cobblestone"/>
		<Tile position="8,0" tileMaterial="cobblestone"/>
		<Tile position="9,0" tileMaterial="cobblestone"/>
		<Tile position="10,0" tileMaterial="cobblestone"/>
		<Tile position="11,0" tileMaterial="cobblestone"/>
		<Tile position="12,0" tileMaterial="cobblestone"/>
		<Tile position="13,0" tileMaterial="cobblestone"/>
		<Tile position="14,0" tileMaterial="cobblestone"/>
        <!-- this is the bottom wall-->
		<Tile position="1,4" tileMaterial="cobblestone"/>
	  	<Tile position="2,4" tileMaterial="cobblestone"/>
	    <Tile position="3,4" tileMaterial="cobblestone"/>
	    <Tile position="4,4" tileMaterial="cobblestone"/>
	    <Tile position="5,4" tileMaterial="cobblestone"/>
	    <Tile position="6,4" tileMaterial="cobblestone"/>
	    <Tile position="7,4" tileMaterial="cobblestone"/>
	    <Tile position="8,4" tileMaterial="cobblestone"/>
		<Tile position="9,4" tileMaterial="cobblestone"/>
		<Tile position="10,4" tileMaterial="cobblestone"/>
		<Tile position="11,4" tileMaterial="cobblestone"/>
		<Tile position="12,4" tileMaterial="cobblestone"/>
		<Tile position="13,4" tileMaterial="cobblestone"/>
		<Tile position="13,5" tileMaterial="cobblestone"/>
		<Tile position="13,6" tileMaterial="cobblestone"/>
		<Tile position="13,7" tileMaterial="cobblestone"/>
		<Tile position="16,5" tileMaterial="cobblestone"/>
		<Tile position="16,6" tileMaterial="cobblestone"/>
		<Tile position="16,7" tileMaterial="cobblestone"/>
		<Tile position="15,0" tileMaterial="cobblestone"/>
        


			</Tiles>


	
	<Entities>
		<!-- Actors -->
		<Entity center="1,1" entityType="Hero"/>
		<Entity center="1,3" entityType="mrd"/>
		<!-- Items -->
        <Entity center="14,7" entityType="teleporter"/>
        <Entity center="15,7" entityType="teleporter"/>
	</Entities>
</Map>   
