<?xml version="1.0" encoding="utf-8"?>
<Map maximumCoordinates="15,11" numberOfTilesInViewVertically="11" officialName="Side View Test Map #1" view="side" backgroundTint="0,0,0">
	<Tiles>
			<Tile position="1,0" tileMaterial="block"/>
			<Tile position="1,1" tileMaterial="block"/>
			<Tile position="1,2" tileMaterial="block"/>
			<Tile position="1,3" tileMaterial="block"/>
			<Tile position="1,4" tileMaterial="block"/>
			<Tile position="1,5" tileMaterial="block"/>
			<Tile position="1,6" tileMaterial="block"/>
			<Tile position="1,7" tileMaterial="block"/>
			<Tile position="1,8" tileMaterial="block"/>
			<Tile position="1,9" tileMaterial="block"/>
			<Tile position="1,10" tileMaterial="block"/>		
			<Tile position="3,0" tileMaterial="block"/>
			<Tile position="3,1" tileMaterial="block"/>
			<Tile position="3,2" tileMaterial="block"/>
			<Tile position="3,3" tileMaterial="block"/>
			<Tile position="3,4" tileMaterial="block"/>
			<Tile position="3,5" tileMaterial="block"/>
			<Tile position="3,6" tileMaterial="block"/>
			<Tile position="3,7" tileMaterial="block"/>
			<Tile position="3,8" tileMaterial="block"/>
			<Tile position="3,9" tileMaterial="block"/>
			<Tile position="3,10" tileMaterial="block"/>
	

			<Tile position="0,0" tileMaterial="none"/>
			<Tile position="0,1" tileMaterial="none"/>
			<Tile position="0,2" tileMaterial="none"/>
			<Tile position="0,3" tileMaterial="none"/>
			<Tile position="0,4" tileMaterial="none"/>
			<Tile position="0,5" tileMaterial="none"/>
			<Tile position="0,6" tileMaterial="none"/>
			<Tile position="0,7" tileMaterial="none"/>
			<Tile position="0,8" tileMaterial="none"/>
			<Tile position="0,9" tileMaterial="none"/>
			<Tile position="0,10" tileMaterial="none"/>
			
			
			<Tile position="0,11" tileMaterial="floor"/>
			<Tile position="1,11" tileMaterial="floor"/>
			<Tile position="2,11" tileMaterial="floor"/>
			<Tile position="3,11" tileMaterial="floor"/>
			<Tile position="4,11" tileMaterial="floor"/>
			<Tile position="5,11" tileMaterial="floor"/>
			<Tile position="6,11" tileMaterial="floor"/>
			<Tile position="7,11" tileMaterial="floor"/>
			<Tile position="8,11" tileMaterial="floor"/>
			<Tile position="9,11" tileMaterial="floor"/>
			<Tile position="10,11" tileMaterial="floor"/>
			<Tile position="11,11" tileMaterial="floor"/>
			<Tile position="12,11" tileMaterial="floor"/>
			<Tile position="13,11" tileMaterial="floor"/>
			<Tile position="14,11" tileMaterial="floor"/>
			<Tile position="15,11" tileMaterial="floor"/>
			
	</Tiles>




	<Entities>
    
<Entity center="2,10" entityType="mrdlf"/>		
<Entity center="15,10" entityType="spire"/>

	</Entities>
	

	
	
</Map>
