﻿
<?xml version="1.0" encoding="utf-8"?>
<Map numberOfTilesInViewVertically="11" maximumCoordinates="15,11" officialName="Top View Test Map #1" view="top" backgroundTint="0,0,0">
  <Tiles>
	<Tile position="0,0" tileMaterial="none"/>
	<Tile position="1,0" tileMaterial="none"/>
	<Tile position="2,0" tileMaterial="none"/>
	<Tile position="3,0" tileMaterial="none"/>
	<Tile position="4,0" tileMaterial="none"/>
	<Tile position="5,0" tileMaterial="none"/>	
	<Tile position="6,0" tileMaterial="none"/>
	<Tile position="7,0" tileMaterial="none"/>
	<Tile position="8,0" tileMaterial="none"/>
	<Tile position="9,0" tileMaterial="none"/>
	<Tile position="10,0" tileMaterial="none"/>
	<Tile position="11,0" tileMaterial="none"/>
	<Tile position="12,0" tileMaterial="none"/>
	<Tile position="13,0" tileMaterial="none"/>	
	<Tile position="14,0" tileMaterial="none"/>
	<Tile position="15,0" tileMaterial="none"/>
	<Tile position="3,2" tileMaterial="star"/>
	<Tile position="0,3" tileMaterial="star"/>
	<Tile position="2,4" tileMaterial="star"/>
	<Tile position="12,4" tileMaterial="star"/>
	<Tile position="15,4" tileMaterial="star"/>
	<Tile position="0,6" tileMaterial="star"/>
	<Tile position="6,6" tileMaterial="star"/>
	<Tile position="10,6" tileMaterial="star"/>
	<Tile position="3,7" tileMaterial="star"/>
	<Tile position="12,7" tileMaterial="star"/>
	<Tile position="4,8" tileMaterial="star"/>
	<Tile position="8,8" tileMaterial="star"/>
	<Tile position="13,8" tileMaterial="star"/>
	<Tile position="15,10" tileMaterial="star"/>
	<Tile position="2,10" tileMaterial="star"/>
	<Tile position="0,9" tileMaterial="star"/>
	<Tile position="15,9" tileMaterial="star"/>
	<Tile position="8,2" tileMaterial="star"/>
	<Tile position="14,10" tileMaterial="star"/>
	<Tile position="1,10" tileMaterial="star"/>	
		<Tile position="10,10" tileMaterial="star"/>
  </Tiles>

	<CommandsOnLoad>

	  <LoadSound value="Global/Audio/song"/>
      <PlaySound value="Global/Audio/song"/>

  </CommandsOnLoad>
	
	<Entities>
 <Entity center="7,9" entityType="mrd"/>
  <Entity center="7,4" entityType="splanet"/>
      <Entity center="7,1" entityType="spenemy"/>
    <Entity center="2,1" entityType="spenemy2"/>
        <Entity center="11,5" entityType="spenemy3"/>
            <Entity center="1,5" entityType="spenemy4"/>
              <Entity center="11,9" entityType="count"/>
    
    <Entity center="0,11" entityType="teleporter"/>
        <Entity center="1,11" entityType="teleporter2"/>
            <Entity center="2,11" entityType="teleporter3"/>
                <Entity center="3,11" entityType="teleporter4"/>
                      <Entity center="4,11" entityType="teleporter5"/>
                            <Entity center="5,11" entityType="teleporter6"/>
                                  <Entity center="6,11" entityType="teleporter7"/>
                                        <Entity center="7,11" entityType="teleporter8"/>
                                              <Entity center="8,11" entityType="teleporter9"/>
                                                    <Entity center="9,11" entityType="teleporter10"/>
                                                          <Entity center="10,11" entityType="teleporter11"/>
                                                                <Entity center="11,11" entityType="teleporter12"/>
        <Entity center="12,11" entityType="teleporter13"/>
              <Entity center="13,11" entityType="teleporter14"/>
                    <Entity center="14,11" entityType="teleporter15"/>
                          <Entity center="15,11" entityType="teleporter16"/>
      
  </Entities>
	
</Map>
