﻿<?xml version="1.0" encoding="utf-8"?>
<Map maximumCoordinates="15,11" numberOfTilesInViewVertically="11" officialName="Side View Test Map #1" view="top" backgroundTint="0,0,0">
	<Tiles>
			<Tile position="1,0" tileMaterial="block"/>
			<Tile position="1,1" tileMaterial="block"/>
			<Tile position="1,2" tileMaterial="block"/>
			<Tile position="1,3" tileMaterial="block"/>
			<Tile position="1,4" tileMaterial="block"/>
			<Tile position="1,5" tileMaterial="block"/>
			<Tile position="1,6" tileMaterial="block"/>
			<Tile position="1,7" tileMaterial="block"/>
			<Tile position="1,8" tileMaterial="block"/>
			<Tile position="1,9" tileMaterial="block"/>
			<Tile position="1,10" tileMaterial="block"/>
			<Tile position="1,11" tileMaterial="block"/>			
			<Tile position="3,0" tileMaterial="block"/>
			<Tile position="3,1" tileMaterial="block"/>
			<Tile position="3,2" tileMaterial="block"/>
			<Tile position="3,3" tileMaterial="block"/>
			<Tile position="3,4" tileMaterial="block"/>
			<Tile position="3,5" tileMaterial="block"/>
			<Tile position="3,6" tileMaterial="block"/>
			<Tile position="3,7" tileMaterial="block"/>
			<Tile position="3,8" tileMaterial="block"/>
			<Tile position="3,9" tileMaterial="block"/>
			<Tile position="3,10" tileMaterial="block"/>
			<Tile position="3,11" tileMaterial="block"/>	
			
			<Tile position="2,0" tileMaterial="none"/>
			<Tile position="2,11" tileMaterial="none"/>
			<Tile position="13,0" tileMaterial="none"/>
			<Tile position="13,11" tileMaterial="none"/>
			
			<Tile position="0,0" tileMaterial="none"/>
			<Tile position="0,1" tileMaterial="none"/>
			<Tile position="0,2" tileMaterial="none"/>
			<Tile position="0,3" tileMaterial="none"/>
			<Tile position="0,4" tileMaterial="none"/>
			<Tile position="0,5" tileMaterial="none"/>
			<Tile position="0,6" tileMaterial="none"/>
			<Tile position="0,7" tileMaterial="none"/>
			<Tile position="0,8" tileMaterial="none"/>
			<Tile position="0,9" tileMaterial="none"/>
			<Tile position="0,10" tileMaterial="none"/>
			<Tile position="0,11" tileMaterial="none"/>
	</Tiles>




	<Entities>
		 <Entity center="2,6" entityType="mrdl2"/>
		 <Entity center="13,6" entityType="sUPHO"/>		 				 
	</Entities>
	
	
</Map>
