﻿<?xml version="1.0" encoding="utf-8"?>
<EntityTypes>

	<EntityType name="PacMan" maxVelocity2D="4,4" flags="Player">
		<Controller type="Player1"/>
		<Trigger type="event" event="shoot" ifIHaveFlags="PoweredUp">
			<SpawnEntityAtSelf value="Bullet"/>
		</Trigger>
		<Trigger type="startOverlapWithEntity" ifOtherHasFlags="Enemy">
			<DamageSelf value="45"/>
		</Trigger>
		<Trigger type="event" event="PlayerAtePowerPellet">
			<ChangeOverlaySpriteCoords value="9,24"/>
		</Trigger>
		<Trigger type="died">
			<PlaySound value="Global/Audio/reward"/>
			<SetLargeCenterText value="Game Over!"/>
			<SetLargeCenterText2 value="You Lose."/>
			<GameOver value="true"/>
		</Trigger>
		<Appearance size="0.70,0.70">
			<BaseImage spriteSheet="basics" spriteCoords="29,12" tint="255,255,255"/>
			<OverlayImage spriteSheet="basics" spriteCoords="0,0" tint="255,255,255"/>
			<HealthBar type="overheadwhendamaged"/>
		</Appearance>
	</EntityType>

	
	<EntityType name="Food">
		<Trigger type="startOverlapWithEntity" ifOtherHasFlags="Player">
			<DamageSelf value="100"/>
			<PlaySound value="Global/Audio/click"/>
			<FireEvent value="PlayerAteFood"/>
		</Trigger>
		<Properties>
			<IfBlocked value="turnLeft,turnRight"/>
		</Properties>
		<Appearance size="0.20,0.20">
			<BaseImage spriteSheet="basics" spriteCoords="30,0" tint="255,200,150"/>
		</Appearance>
	</EntityType>

	
	<EntityType name="PowerPellet" flags="PowerPellet">
		<Trigger type="startOverlapWithEntity" ifOtherHasFlags="Player">
			<DamageSelf value="100"/>
			<PlaySound value="Global/Audio/click"/>
			<SetFlagsOnOther value="PoweredUp"/>
			<FireEvent value="PlayerAtePowerPellet"/>
		</Trigger>
		<Properties>
			<IfBlocked value="turnLeft,turnRight"/>
		</Properties>
		<Appearance size="0.70,0.70">
			<BaseImage spriteSheet="basics" spriteCoords="30,1" tint="255,255,255"/>
		</Appearance>
	</EntityType>

	
	<EntityType name="Blinky" maxVelocity2D="4,4" flags="Enemy">
		<Controller type="AI" strategy="Roam"/>
		<Properties>
			<IfBlocked value="turnLeft,turnRight"/>
		</Properties>
		<Appearance size="0.95,0.95">
			<BaseImage spriteSheet="basics" spriteCoords="30,12" tint="255,0,0"/>
			<HealthBar type="overheadwhendamaged"/>
		</Appearance>
	</EntityType>

	
	<EntityType name="Pinky" maxVelocity2D="3.5,3.5" flags="Enemy">
		<Controller type="AI" strategy="Roam"/>0
		<Properties>
			<IfBlocked value="turnLeft,turnRight"/>
		</Properties>
		<Appearance size="0.95,0.95">
			<BaseImage spriteSheet="basics" spriteCoords="30,12" tint="255,180,200"/>
			<HealthBar type="overheadwhendamaged"/>
		</Appearance>
	</EntityType>

	
	<EntityType name="Inky" maxVelocity2D="3,3" flags="Enemy">
		<Controller type="AI" strategy="Roam"/>
		<Properties>
			<IfBlocked value="turnLeft,turnRight"/>
		</Properties>
		<Appearance size="0.95,0.95">
			<BaseImage spriteSheet="basics" spriteCoords="30,12" tint="180,190,255"/>
			<HealthBar type="overheadwhendamaged"/>
		</Appearance>
	</EntityType>

	
	<EntityType name="Clyde" maxVelocity2D="2.5,2.5" flags="Enemy">
		<Controller type="AI" strategy="Roam"/>
		<Properties>
			<IfBlocked value="turnLeft,turnRight"/>
		</Properties>
		<Appearance size="0.95,0.95">
			<BaseImage spriteSheet="basics" spriteCoords="8,0" tint="255,160,0"/>
			<HealthBar type="overheadwhendamaged"/>
		</Appearance>
	</EntityType>

	
	<EntityType name="MasterKey">
		<Trigger type="startOverlapWithEntity" ifOtherHasFlags="Player">
			<DamageSelf value="100"/>
			<PlaySound value="Global/Audio/click"/>
			<SetFlagsOnOther value="HasKey"/>
		</Trigger>
		<Appearance size="0.70,0.70">
			<BaseImage spriteSheet="basics" spriteCoords="12,27" tint="255,80,255"/>
		</Appearance>
	</EntityType>

	
	<EntityType name="Bullet" maxVelocity2D="10,10" flags="Projectile">
		<Controller type="AI" strategy="Roam"/>
		<Trigger type="startOverlapWithEntity" ifOtherHasFlags="Enemy">
			<DamageOther value="50"/>
			<DamageSelf value="100"/>
		</Trigger>
		<Properties>
			<IfBlocked value="die"/>
		</Properties>
		<Appearance size="0.50,0.50">
			<BaseImage spriteSheet="basics" spriteCoords="8,24" tint="255,255,255"/>
		</Appearance>
	</EntityType>

	
	<EntityType name="TeleporterDestination1">
	</EntityType>

	
	<EntityType name="TeleporterDestination2">
	</EntityType>

	
	<EntityType name="TeleporterDestination3">
	</EntityType>





</EntityTypes>
