<?xml version="1.0" encoding="iso-8859-1"?>

<Layout Name="GameBuilderEditor">

	<Widget widgetName="EditorMainWindow" widgetType="Window">
		<DockingStyle							type="DockingStyle"					value="fill"/>
		<Transparent							type="bool"							value="true"/>
		<AbleToBeVisible						type="bool"							value="false"/>
		<Virtual								type="bool"							value="false"/>
		<EscapePops								type="bool"							value="false"/>

		<Widget include="MaterialsPane"/>
	</Widget>

	<Widget widgetName="MaterialsPane" widgetType="Group">
		<DockingStyle							type="DockingStyle"					value="right"/>
		<Size									type="Vector2"						value="200,200"/>
		<Transparent							type="bool"							value="false"/>
		<BaseColor								type="Rgba"							value="60,60,60,200"/>
		<Virtual								type="bool"							value="false"/>

		<Widget include="MaterialsScrollableRegion"/>
	</Widget>

	<Widget widgetName="MaterialsScrollableRegion" widgetType="ScrollableRegion">
		<DockingStyle							type="DockingStyle"					value="fill"/>
		<InteriorPaddingTop						type="float"						value="2"/>
		<InteriorPaddingBottom					type="float"						value="2"/>
		<InteriorPaddingLeft					type="float"						value="2"/>
		<InteriorPaddingRight					type="float"						value="2"/>
		<LayoutAlgorithm						type="LayoutAlgorithm"				value="LeftToRight"/>
		<ScrollbarThickness						type="float"						value="20.0"/>
		<SupportsClickAndDrag					type="bool"							value="false"/>
	</Widget>

	<Widget widgetName="MaterialMolecule" widgetType="Group" parentName="MaterialsScrollableRegion">
		<Size									type="Vector2"						value="32,32"/>
		<BaseColor								type="Rgba"							value="60,160,60,200"/>
		<Transparent							type="bool"							value="false"/>
	</Widget>
</Layout>

