﻿<?xml version="1.0" encoding="utf-8"?>
<EntityTypes>

	<EntityType name="Hero" maxVelocity2D="3,3" flags="Player" fullHealth="100">
		<Controller type="Player1"/>
		<Appearance size="0.50,0.50">
			<BaseImage spriteSheet="basics" spriteCoords="31,18" tint="255,255,255"/>
			<OverlayImage spriteSheet="basics" spriteCoords="0,0" tint="255,255,255"/>
			<HealthBar type="overheadAlways"/>
		</Appearance>
		<Trigger type="event" event="shoot" ifIHaveFlags="HasMace,!HasGun">
			<PlaySound value="Global/Audio/electric-purr"/>
			<SpawnEntityAtSelf value="FlyingMace"/>
		</Trigger>
		<Trigger type="event" event="shoot" ifIHaveFlags="HasGun,!HasWaterGun">
			<PlaySound value="Global/Audio/electric-purr"/>
			<SpawnEntityAtSelf value="GunBullet"/>
		</Trigger>
		<Trigger type="event" event="shoot" ifIHaveFlags="HasWaterGun">
			<PlaySound value="Global/Audio/electric-purr"/>
			<SpawnEntityAtSelf value="WaterGunBullet"/>
		</Trigger>
		<Trigger type="event" event="PlayerGotTheGun">
			<ChangeOverlaySpriteCoords value="26,9"/>
		</Trigger>
		<Trigger type="event" event="PlayerGotTheWaterGun">
			<ChangeOverlaySpriteCoords value="26,9"/>
			<ChangeOverlaySpriteTint value="0,0,255"/>
		</Trigger>
		<Trigger type="event" event="KillYourself">
			<DamageSelf value="100"/>
		</Trigger>
		<Trigger type="died">
			<SpawnEntityAtSelf value="EnemybulletToWest4"/>
			<SpawnEntityAtSelf value="EnemybulletToEast4"/>
			<SpawnEntityAtSelf value="EnemybulletTonorth4"/>
			<SpawnEntityAtSelf value="DeathMessage"/>
		</Trigger>

	</EntityType>
	
	
	<EntityType name="DeathMessage" gravityInfluence="0.0">
		<Trigger type="age" ageInSeconds="3">
			<PlaySound value="Global/Audio/fwup"/>	  
			<SetLargeCenterText value="...and our Hero was never heard from again."/>
			<SetLargeCenterText2 value="Game Over!  You Lose."/>
			<PlaySound value="Global/Audio/gong"/>
			<GameOver value="true"/>
		</Trigger>
  </EntityType>	
	
	<EntityType name="ShootTimer" gravityInfluence="0.0">
    <Appearance size="0.20,0.20">
      <BaseImage spriteSheet="basics" spriteCoords="0,0"/>
    </Appearance>
    <Trigger type="age" ageInSeconds="1">
      <FireEvent value="MonsterShoot"/>
      <SpawnEntityAtSelf value="ShootTimer"/>
      <DamageSelf value="100"/>
    </Trigger>
  </EntityType>

  
  <EntityType name="ShootTimerBoss" gravityInfluence="0.0">
    <Appearance size="0.20,0.20">
      <BaseImage spriteSheet="basics" spriteCoords="0,0"/>
    </Appearance>
    <Trigger type="age" ageInSeconds="1">
      <FireEvent value="MonsterShoot"/>
      <SpawnEntityAtSelf value="ShootTimerBoss"/>
      <DamageSelf value="100"/>
    </Trigger>
  </EntityType>

  
<EntityType name="Boss 2" maxVelocity2D="2,2" flags="Enemy" fullHealth="115">
    <Controller type="AI" strategy="Roam"/>
    <Properties>
      <IfBlocked value="turnAround,turnLeft,turnRight,turnHardLeft,turnHardRight"/>
    </Properties>
    <Appearance size="0.95,0.95">
      <BaseImage spriteSheet="basics" spriteCoords="27,13" tint="255,255,255"/>
      <HealthBar type="overheadWhenDamaged"/>
    </Appearance>
    <Trigger type="startOverlapWithEntity" ifOtherHasFlags="Player">
      <DamageOther value="20"/>
      <PlaySound value="Global/Audio/soft-zap"/>
    </Trigger>
    <Trigger type="event" event="MonsterShoot">
      <SpawnEntityAtSelf value="MonsterArrow"/>
      <PlaySound value="Global/Audio/fwup"/>
    </Trigger>
    <Trigger type="died">
		<SpawnEntityAtSelf value="TheGun"/>
		<PlaySound value="Global/Audio/eagle"/>
    </Trigger>
  </EntityType>
  
  
<EntityType name="Boss 1" maxVelocity2D="2,2" flags="Enemy" fullHealth="125">
    <Controller type="AI" strategy="Roam"/>
    <Properties>
      <IfBlocked value="turnAround,turnLeft,turnRight,turnHardLeft,turnHardRight"/>
    </Properties>
    <Appearance size="0.95,0.95">
      <BaseImage spriteSheet="basics" spriteCoords="27,13" tint="255,255,255"/>
      <HealthBar type="overheadWhenDamaged"/>
    </Appearance>
    <Trigger type="startOverlapWithEntity" ifOtherHasFlags="Player">
      <DamageOther value="20"/>
      <PlaySound value="Global/Audio/soft-zap"/>
    </Trigger>
    <Trigger type="event" event="MonsterShoot">
      <SpawnEntityAtSelf value="MonsterArrow"/>
      <PlaySound value="Global/Audio/fwup"/>
    </Trigger>
    <Trigger type="died">
	  <SpawnEntityAtSelf value="GreenKey"/>
	  <PlaySound value="Global/Audio/eagle"/>
    </Trigger>
  </EntityType>

  <EntityType name="FlyingMace" maxVelocity2D="10,10" flags="Projectile">
		<Controller type="AI" strategy="Roam"/>
		<Trigger type="startOverlapWithEntity" ifOtherHasFlags="Enemy">
			<DamageOther value="10"/>
			<DamageSelf value="100"/>
		</Trigger>
		<Properties>
			<IfBlocked value="die"/>
		</Properties>
		<Appearance size="0.50,0.50">
			<BaseImage spriteSheet="basics" spriteCoords="17,11" tint="0,255,0"/>
		</Appearance>
	</EntityType>
	
	
  <EntityType name="GunBullet" maxVelocity2D="10,10" flags="Projectile">
		<Controller type="AI" strategy="Roam"/>
		<Trigger type="startOverlapWithEntity" ifOtherHasFlags="Enemy">
			<DamageOther value="27"/>
			<DamageSelf value="100"/>
		</Trigger>
		<Properties>
			<IfBlocked value="die"/>
		</Properties>
		<Appearance size="0.50,0.50">
			<BaseImage spriteSheet="basics" spriteCoords="23,12"/>
		</Appearance>
	</EntityType>
	

  <EntityType name="WaterGunBullet" maxVelocity2D="10,10" flags="Projectile">
		<Controller type="AI" strategy="Roam"/>
		<Trigger type="startOverlapWithEntity" ifOtherHasFlags="Enemy">
			<DamageOther value="27"/>
			<DamageSelf value="100"/>
		</Trigger>
		<Properties>
			<IfBlocked value="die"/>
		</Properties>
		<Appearance size="0.50,0.50">
			<BaseImage spriteSheet="basics" spriteCoords="23,12" tint="0,0,255"/>
		</Appearance>
	</EntityType>
	
	
	<EntityType name="Skeleton" maxVelocity2D="2,2" flags="Enemy">
		<Controller type="AI" strategy="Roam"/>
		<Properties>
			<IfBlocked value="turnLeft,turnRight,turnAround"/>
		</Properties>
		<Appearance size="0.95,0.95">
			<BaseImage spriteSheet="basics" spriteCoords="30,12" tint="255,255,255"/>
			<HealthBar type="overheadWhenDamaged"/>
		</Appearance>
		<Trigger type="startOverlapWithEntity" ifOtherHasFlags="Player">
			<DamageOther value="10"/>
			<PlaySound value="Global/Audio/soft-zap"/>
		</Trigger>
		<Trigger type="died">
			<PlaySound value="Global/Audio/eagle"/>
		</Trigger>
	</EntityType>


	<EntityType name="SkeletonWithGreenKey" maxVelocity2D="2,2" flags="Enemy">
		<Controller type="AI" strategy="Roam"/>
		<Properties>
			<IfBlocked value="turnLeft,turnRight,turnAround"/>
		</Properties>
		<Appearance size="0.95,0.95">
			<BaseImage spriteSheet="basics" spriteCoords="30,12" tint="255,255,255"/>
			<OverlayImage spriteSheet="basics" spriteCoords="12,27" tint="40,255,40"/>
			<HealthBar type="overheadWhenDamaged"/>
		</Appearance>
		<Trigger type="startOverlapWithEntity" ifOtherHasFlags="Player">
			<DamageOther value="10"/>
			<PlaySound value="Global/Audio/soft-zap"/>
		</Trigger>
		<Trigger type="died">
			<SpawnEntityAtSelf value="GreenKey"/>
			<PlaySound value="Global/Audio/eagle"/>
		</Trigger>
	</EntityType>


	<EntityType name="SkeletonWithGoldKey" maxVelocity2D="3,3" flags="Enemy">
		<Controller type="AI" strategy="Roam"/>
		<Properties>
			<IfBlocked value="turnLeft,turnRight,turnAround"/>
		</Properties>
		<Appearance size="0.95,0.95">
			<BaseImage spriteSheet="basics" spriteCoords="30,12" tint="255,255,255"/>
			<OverlayImage spriteSheet="basics" spriteCoords="12,27" tint="255,180,0"/>
			<HealthBar type="overheadWhenDamaged"/>
		</Appearance>
		<Trigger type="startOverlapWithEntity" ifOtherHasFlags="Player">
			<DamageOther value="10"/>
			<PlaySound value="Global/Audio/soft-zap"/>
		</Trigger>
		<Trigger type="died">
			<SpawnEntityAtSelf value="GoldKey"/>
			<PlaySound value="Global/Audio/eagle"/>
		</Trigger>
	</EntityType>
	
	
	<EntityType name="FighterWithGoldKey" maxVelocity2D="3,3" flags="Enemy">
		<Controller type="AI" strategy="Roam"/>
		<Properties>
			<IfBlocked value="turnLeft,turnRight,turnAround"/>
		</Properties>
		<Appearance size="0.95,0.95">
			<BaseImage spriteSheet="basics" spriteCoords="30,12" tint="255,255,255"/>
			<OverlayImage spriteSheet="basics" spriteCoords="12,27" tint="255,180,0"/>
			<HealthBar type="overheadWhenDamaged"/>
		</Appearance>
		<Trigger type="startOverlapWithEntity" ifOtherHasFlags="Player">
			<DamageOther value="10"/>
			<PlaySound value="Global/Audio/soft-zap"/>
		</Trigger>
		<Trigger type="died">
			<SpawnEntityAtSelf value="GoldKey"/>
			<PlaySound value="Global/Audio/eagle"/>
		</Trigger>
	</EntityType>

	<EntityType name="Lich" maxVelocity2D="1,1" flags="Enemy,Flying" fullHealth="5000">
		<Controller type="AI" strategy="Roam"/>
		<Properties>
			<IfBlocked value="turnLeft,turnRight,turnAround"/>
		</Properties>
		<Appearance size="1.95,1.95">
			<BaseImage spriteSheet="basics" spriteCoords="2,24"/>
			<HealthBar type="overheadWhenDamaged"/>
		</Appearance>
		<Trigger type="startOverlapWithEntity" ifOtherHasFlags="Player">
			<DamageOther value="10"/>
			<PlaySound value="Global/Audio/soft-zap"/>
		</Trigger>
		<Trigger type="age" ageInSeconds="0">
			<PlaySound value="Global/Audio/mystery1"/>
		</Trigger>
		<Trigger type="age" ageInSeconds="10">
			<PlaySound value="Global/Audio/mystery2"/>
		</Trigger>
		<Trigger type="age" ageInSeconds="20">
			<PlaySound value="Global/Audio/mystery3"/>
		</Trigger>
		<Trigger type="age" ageInSeconds="30">
			<PlaySound value="Global/Audio/mystery1"/>
		</Trigger>
		<Trigger type="age" ageInSeconds="40">
			<PlaySound value="Global/Audio/mystery2"/>
		</Trigger>
		<Trigger type="age" ageInSeconds="50">
			<PlaySound value="Global/Audio/mystery3"/>
		</Trigger>
		<Trigger type="died">
			<PlaySound value="Global/Audio/eagle"/>
		</Trigger>
	</EntityType>


	<EntityType name="RedKey" flags="Item">
		<Appearance size="0.40,0.40">
			<BaseImage spriteSheet="basics" spriteCoords="12,27" tint="255,40,40"/>
		</Appearance>
		<Trigger type="startOverlapWithEntity" ifOtherHasFlags="Player,!HasRedKey">
			<SetFlagsOnOther value="HasRedKey"/>
			<PlaySound value="Global/Audio/digital3"/>
			<DamageSelf value="100"/>
		</Trigger>
	</EntityType>


	<EntityType name="GreenKey" flags="Item">
		<Appearance size="0.40,0.40">
			<BaseImage spriteSheet="basics" spriteCoords="12,27" tint="40,255,40"/>
		</Appearance>
		<Trigger type="startOverlapWithEntity" ifOtherHasFlags="Player,!HasGreenKey">
			<SetFlagsOnOther value="HasGreenKey"/>
			<PlaySound value="Global/Audio/digital3"/>
			<DamageSelf value="100"/>
		</Trigger>
	</EntityType>


	<EntityType name="TheGun" flags="Item">
		<Appearance size="0.40,0.40">
			<BaseImage spriteSheet="basics" spriteCoords="26,9"/>
		</Appearance>
		<Trigger type="startOverlapWithEntity" ifOtherHasFlags="Player,!HasGun">
			<SetFlagsOnOther value="HasGun"/>
			<PlaySound value="Global/Audio/digital3"/>
			<DamageSelf value="100"/>
			<FireEvent value="PlayerGotTheGun"/>
		</Trigger>
	</EntityType>

		

	<EntityType name="LargeHeart" flags="Item">
		<Appearance size="0.40,0.40">
			<BaseImage spriteSheet="basics" spriteCoords="23,11" tint="255,180,0"/>
		</Appearance>
		<Trigger type="startOverlapWithEntity" ifOtherHasFlags="Player">
			<PlaySound value="Global/Audio/digital3"/>
			<DamageOther value="-100"/>
			<DamageSelf value="100"/>
		</Trigger>
	</EntityType>
	
	
	<EntityType name="GoldKey" flags="Item">
		<Appearance size="0.40,0.40">
			<BaseImage spriteSheet="basics" spriteCoords="12,27" tint="255,180,0"/>
		</Appearance>
		<Trigger type="startOverlapWithEntity" ifOtherHasFlags="Player,!HasGoldKey">
			<SetFlagsOnOther value="HasGoldKey"/>
			<PlaySound value="Global/Audio/digital3"/>
			<DamageSelf value="100"/>
		</Trigger>
	</EntityType>


	<EntityType name="mace" flags="Item">
		<Appearance size="0.70,0.70">
			<BaseImage spriteSheet="basics" spriteCoords="17,11 " tint="255,255,255"/>
		</Appearance>
		<Trigger type="startOverlapWithEntity" ifOtherHasFlags="Player,!HasMace">
			<SetFlagsOnOther value="HasMace"/>
			<FireEvent value="PlayerReceivedmace"/>
			<PlaySound value="Global/Audio/digital2"/>
			<DamageSelf value="100"/>
		</Trigger>
	</EntityType>

	<EntityType name="LockTheDoorEntity">
		<Trigger type="startOverlapWithEntity" ifOtherHasFlags="Player">
			<FireEvent value="LockTheDoorNow"/>
		</Trigger>
	</EntityType>

	<EntityType name="teleporter">
		<Appearance size="0.40,0.40">
			<BaseImage spriteSheet="basics" spriteCoords="0,0"/>
		</Appearance>
		<Trigger type="startOverlapWithEntity">
			<TeleportOther value="20,20"/>
		</Trigger>
	</EntityType>
	
	<EntityType name="Boss 3" maxVelocity2D="2,2" flags="Enemy" fullHealth="300">
    <Controller type="AI" strategy="Roam"/>
    <Properties>
      <IfBlocked value="turnAround,turnLeft,turnRight,turnHardLeft,turnHardRight"/>
    </Properties>
    <Appearance size="0.95,0.95">
      <BaseImage spriteSheet="basics" spriteCoords="21,14" tint="255,255,255"/>
      <HealthBar type="overheadWhenDamaged"/>
    </Appearance>
	<Trigger type="startOverlapWithEntity" ifOtherHasFlags="Player">
      <DamageOther value="5"/>
      <PlaySound value="Global/Audio/soft-zap"/>
    </Trigger>
    <Trigger type="age" ageInSeconds="1">
      <SpawnEntityAtSelf value="EnemybulletToWest"/>
      <SpawnEntityAtSelf value="EnemybulletToEast"/>
	  <SpawnEntityAtSelf value="EnemybulletTonorth"/>
      <PlaySound value="Global/Audio/fwup"/>	  
	  <SetAgeOnSelf value="0"/>
    </Trigger>
    <Trigger type="died">
      <SpawnEntityAtSelf value="RedKey"/>
	  <PlaySound value="Global/Audio/eagle"/>
    </Trigger>
    </EntityType>
	    
		
<EntityType name="Enemybullet" maxVelocity2D="4,4" flags="Projectile">
		<Controller type="AI" strategy="Roam"/>
		<Trigger type="startOverlapWithEntity" ifOtherHasFlags="Player">
			<DamageOther value="10"/>
			<DamageSelf value="100"/>
		</Trigger>
		<Properties>
			<IfBlocked value="die"/>
		</Properties>
		<Appearance size="0.50,0.50">
			<BaseImage spriteSheet="basics" spriteCoords="17,11" tint="0,255,0"/>
		</Appearance>
	</EntityType>		
		
<EntityType name="EnemybulletToWest" maxVelocity2D="4,4" flags="Projectile" facing="left">
		<Controller type="AI" strategy="Roam"/>
		<Trigger type="startOverlapWithEntity" ifOtherHasFlags="Player">
			<DamageOther value="10"/>
			<DamageSelf value="100"/>
		</Trigger>
		<Properties>
			<IfBlocked value="die"/>
		</Properties>
		<Appearance size="0.50,0.50">
			<BaseImage spriteSheet="basics" spriteCoords="17,11" tint="0,255,0"/>
		</Appearance>
	</EntityType>		
		
<EntityType name="EnemybulletToEast" maxVelocity2D="4,4" flags="Projectile" facing="right">
		<Controller type="AI" strategy="Roam"/>
		<Trigger type="startOverlapWithEntity" ifOtherHasFlags="Player">
			<DamageOther value="10"/>
			<DamageSelf value="100"/>
		</Trigger>
		<Properties>
			<IfBlocked value="die"/>
		</Properties>
		<Appearance size="0.50,0.50">
			<BaseImage spriteSheet="basics" spriteCoords="17,11" tint="0,255,0"/>
		</Appearance>
	</EntityType>		
		     
			 <EntityType name="EnemybulletTonorth" maxVelocity2D="4,4" flags="Projectile" facing="down">
		<Controller type="AI" strategy="Roam"/>
		<Trigger type="startOverlapWithEntity" ifOtherHasFlags="Player">
			<DamageOther value="10"/>
			<DamageSelf value="100"/>
		</Trigger>
		<Properties>
			<IfBlocked value="die"/>
		</Properties>
		<Appearance size="0.50,0.50">
			<BaseImage spriteSheet="basics" spriteCoords="17,11" tint="0,255,0"/>
		</Appearance>
	</EntityType>		
			 
			 <EntityType name="Enemybullet4" maxVelocity2D="4,4" flags="Projectile">
		<Controller type="AI" strategy="Roam"/>
		<Trigger type="startOverlapWithEntity" ifOtherHasFlags="Player">
			<DamageOther value="10"/>
			<DamageSelf value="100"/>
		</Trigger>
		<Properties>
			<IfBlocked value="die"/>
		</Properties>
		<Appearance size="0.50,0.50">
			<BaseImage spriteSheet="basics" spriteCoords="23,12" tint="0,255,0"/>
		</Appearance>
	</EntityType>		
		
<EntityType name="EnemybulletToWest4" maxVelocity2D="4,4" flags="Projectile" facing="left">
		<Controller type="AI" strategy="Roam"/>
		<Trigger type="startOverlapWithEntity" ifOtherHasFlags="Player">
			<DamageOther value="10"/>
			<DamageSelf value="100"/>
		</Trigger>
		<Properties>
			<IfBlocked value="die"/>
		</Properties>
		<Appearance size="0.50,0.50">
			<BaseImage spriteSheet="basics" spriteCoords="23,12" tint="0,255,0"/>
		</Appearance>
	</EntityType>		
		
<EntityType name="EnemybulletToEast4" maxVelocity2D="4,4" flags="Projectile" facing="right">
		<Controller type="AI" strategy="Roam"/>
		<Trigger type="startOverlapWithEntity" ifOtherHasFlags="Player">
			<DamageOther value="10"/>
			<DamageSelf value="100"/>
		</Trigger>
		<Properties>
			<IfBlocked value="die"/>
		</Properties>
		<Appearance size="0.50,0.50">
			<BaseImage spriteSheet="basics" spriteCoords="23,12" tint="0,255,0"/>
		</Appearance>
	</EntityType>		
		     
			 
			 
			 
			 
			 
			 
			 
			 

<EntityType name="mrd">
		<Trigger type="age" ageInSeconds="1">
			<SetWorldText0 value="Welcome to the battle bros!"/>
			<SetWorldText0Position value="3,2"/>
			<SetWorldText0Color value="255,255,255"/>
			<SetWorldText0ShadowColor value="0,0,0"/>
			<SetWorldText0Height value="0.5"/>
			<SetWorldText0Alignment value="center"/>
		</Trigger>
		<Trigger type="age" ageInSeconds="4">
			<SetWorldText0 value=""/>
		</Trigger>
		<Trigger type="age" ageInSeconds="5">
			<SetWorldText0 value="Press space to shoot!"/>
			<SetWorldText0Position value="3,2"/>
			<SetWorldText0Color value="255,255,255"/>
			<SetWorldText0ShadowColor value="0,0,0"/>
			<SetWorldText0Height value="0.5"/>
			<SetWorldText0Alignment value="center"/>
		</Trigger>
		<Trigger type="age" ageInSeconds="8">
			<SetWorldText0 value=""/>
		</Trigger>
	</EntityType>	

	<EntityType name="mrd2">
	 <Trigger type="startOverlapWithEntity" ifOtherHasFlags="Player">
      	<SetWorldText0 value="you win...or did you"/>
			<SetWorldText0Position value="3,2"/>
			<SetWorldText0Color value="255,255,255"/>
			<SetWorldText0ShadowColor value="0,0,0"/>
			<SetWorldText0Height value="0.5"/>
			<SetWorldText0Alignment value="center"/>
    </Trigger>
	</EntityType>	

	
	
	
	<EntityType name="water boss" maxVelocity2D="2,2" flags="Enemy" fullHealth="200">
    <Controller type="AI" strategy="Roam"/>
    <Properties>
      <IfBlocked value="turnHardLeft,turnHardRight"/>
    </Properties>
    <Appearance size="0.70,0.70">
      <BaseImage spriteSheet="basics" spriteCoords="18,18" tint="60,60,60"/>
      <HealthBar type="overheadWhenDamaged"/>
    </Appearance>
    <Trigger type="startOverlapWithEntity" ifOtherHasFlags="Player">
      <DamageOther value="20"/>
      <PlaySound value="Global/Audio/soft-zap"/>
    </Trigger>
    <Trigger type="event" event="MonsterShoot">
      <SpawnEntityAtSelf value="MonsterArrow"/>
      <PlaySound value="Global/Audio/fwup"/>
    </Trigger>
	<Trigger type="age" ageInSeconds="1">
      <SpawnEntityAtSelf value="EnemybulletToWest"/>
      <SpawnEntityAtSelf value="EnemybulletToEast"/>
	  <SpawnEntityAtSelf value="EnemybulletTonorth"/>
      <PlaySound value="Global/Audio/fwup"/>	  
	  <SetAgeOnSelf value="0"/>
    </Trigger>
    <Trigger type="died">
	  <SpawnEntityAtSelf value="GoldKey"/>
	  <PlaySound value="Global/Audio/eagle"/>
    </Trigger>
  </EntityType>
	
	<EntityType name="water boss 2" maxVelocity2D="2,2" flags="Enemy" fullHealth="200">
    <Controller type="AI" strategy="Roam"/>
    <Properties>
      <IfBlocked value="turnHardLeft,turnHardRight"/>
    </Properties>
    <Appearance size="0.70,0.70">
      <BaseImage spriteSheet="basics" spriteCoords="18,18" tint="60,60,60"/>
      <HealthBar type="overheadWhenDamaged"/>
    </Appearance>
    <Trigger type="startOverlapWithEntity" ifOtherHasFlags="Player">
      <DamageOther value="20"/>
      <PlaySound value="Global/Audio/soft-zap"/>
    </Trigger>
    <Trigger type="event" event="MonsterShoot">
      <SpawnEntityAtSelf value="MonsterArrow"/>
      <PlaySound value="Global/Audio/fwup"/>
    </Trigger>
    <Trigger type="died">
	  <SpawnEntityAtSelf value="GreenKey"/>
	  <PlaySound value="Global/Audio/eagle"/>
    </Trigger>
  </EntityType>
	
	
	<EntityType name="water boss 3" maxVelocity2D="2,2" flags="Enemy" fullHealth="200">
    <Controller type="AI" strategy="Roam"/>
    <Properties>
      <IfBlocked value="turnHardLeft,turnHardRight"/>
    </Properties>
    <Appearance size="0.70,0.70">
      <BaseImage spriteSheet="basics" spriteCoords="18,18" tint="60,60,60"/>
      <HealthBar type="overheadWhenDamaged"/>
    </Appearance>
    <Trigger type="startOverlapWithEntity" ifOtherHasFlags="Player">
      <DamageOther value="20"/>
      <PlaySound value="Global/Audio/soft-zap"/>
    </Trigger>
    <Trigger type="event" event="MonsterShoot">
      <SpawnEntityAtSelf value="MonsterArrow"/>
      <PlaySound value="Global/Audio/fwup"/>
    </Trigger>
    <Trigger type="died">
	  <SpawnEntityAtSelf value="RedKey"/>
	  <PlaySound value="Global/Audio/eagle"/>
    </Trigger>
  </EntityType>
	
	<EntityType name="TheWaterGun" flags="Item">
		<Appearance size="0.40,0.40">
			<BaseImage spriteSheet="basics" spriteCoords="26,9" tint="0,0,255"/>
		</Appearance>
		<Trigger type="startOverlapWithEntity" ifOtherHasFlags="Player,!HasWaterGun">
			<SetFlagsOnOther value="HasWaterGun"/>
			<PlaySound value="Global/Audio/digital3"/>
			<DamageSelf value="100"/>
			<FireEvent value="PlayerGotTheWaterGun"/>
		</Trigger>
	</EntityType>
	
	<EntityType name="open/closedoor">
		<Trigger type="startOverlapWithEntity">
		<FireEvent value="OpenDoorLevel1"/>
		</Trigger>
	</EntityType>
	
	  		 <EntityType name="EnemybulletTonorth4" maxVelocity2D="2,2" flags="Projectile" facing="down">
		<Controller type="AI" strategy="Roam"/>
		<Trigger type="startOverlapWithEntity" ifOtherHasFlags="Player">
			<DamageOther value="10"/>
			<DamageSelf value="100"/>
		</Trigger>
		<Properties>
			<IfBlocked value="die"/>
		</Properties>
		<Appearance size="0.50,0.50">
			<BaseImage spriteSheet="basics" spriteCoords="23,16" tint="0,255,0"/>
		</Appearance>
	</EntityType>		

	<EntityType name="teleporter2">
		<Appearance size="0.40,0.40">
			<BaseImage spriteSheet="basics" spriteCoords="0,0"/>
		</Appearance>
		<Trigger type="startOverlapWithEntity" ifOtherHasFlags="Player">
			<TeleportOther value="winner:4,4"/>
		</Trigger>
	</EntityType>
	
	
	<EntityType name="BulletKiller">
		<Appearance size="0.10,3.0">
		</Appearance>
		<Trigger type="startOverlapWithEntity" ifOtherHasFlags="Projectile">
			<DamageOther value="100"/>
		</Trigger>
	</EntityType>
	
	<EntityType name="BulletKiller2">
		<Appearance size="3.0,0.10">
		</Appearance>
		<Trigger type="startOverlapWithEntity" ifOtherHasFlags="Projectile">
			<DamageOther value="100"/>
		</Trigger>
	</EntityType>
	
	<EntityType name="GiantLavaBlob" facing="left" maxVelocity2D="1,0">
		<Controller type="AI" strategy="Roam"/>
		<Appearance size="6,3">
			<BaseImage spriteSheet="basics" spriteCoords="13,13" tint="255,255,255"/>
		</Appearance>
		<Trigger type="startOverlapWithEntity" ifOtherHasFlags="Player">
			<DamageOther value="99999"/>
		</Trigger>
	</EntityType>
	
	
</EntityTypes>


   







