﻿<?xml version="1.0" encoding="utf-8"?>
<TileMaterials>

	<TileMaterial name="cobblestone">
		<BaseImage spriteSheet="basics" spriteCoords="15,16"/>
	</TileMaterial>

	
	<TileMaterial name="bloodstone">
		<BaseImage spriteSheet="basics" spriteCoords="4,13" tint="255,180,180"/>
	</TileMaterial>
	
	<TileMaterial name="LockBehindYouDoor">
		<BaseImage spriteSheet="basics" spriteCoords="3,16" tint="100,100,100"/>
		<Properties>
			<BlocksAllEntities value="false"/>
		</Properties>
		<Trigger type="event" event="LockTheDoorNow">
			<ChangeBlocksAllEntities value="true"/>
			<ChangeBaseSpriteCoords value="2,16"/>
		</Trigger>
	</TileMaterial>
	

	<TileMaterial name="ldr">
		<BaseImage spriteSheet="basics" spriteCoords="2,16" tint="255,40,40"/>
		<Properties>
			<BlocksAllEntities value="false"/>
			<BlocksEntitiesWithFlags value="!HasRedKey"/>
		</Properties>
		<Trigger type="startOverlapWithEntity" ifOtherHasFlags="HasRedKey">
			<ChangeBaseSpriteCoords value="3,16"/>
			<PlaySound value="Global/Audio/digital4"/>
			<DamageSelf value="100"/>
			<SetFlagsOnOther value="!HasRedKey"/>
		</Trigger>
	</TileMaterial>	

	<TileMaterial name="darkstone">
		<BaseImage spriteSheet="basics" spriteCoords="1,16"/>
	</TileMaterial>


	<TileMaterial name="darkbrick">
		<BaseImage spriteSheet="basics" spriteCoords="0,14"/>
	</TileMaterial>


	<TileMaterial name="openDoor">
		<BaseImage spriteSheet="basics" spriteCoords="3,16"/>
		<Properties>
			<BlocksAllEntities value="false"/>
		</Properties>
	</TileMaterial>


	<TileMaterial name="openDoorRed">
		<BaseImage spriteSheet="basics" spriteCoords="3,16" tint="255,40,40"/>
		<Properties>
			<BlocksAllEntities value="false"/>
		</Properties>
	</TileMaterial>


	<TileMaterial name="lockedDoorRed">
		<BaseImage spriteSheet="basics" spriteCoords="2,16" tint="255,40,40"/>
		<Properties>
			<BlocksAllEntities value="false"/>
			<BlocksEntitiesWithFlags value="!HasRedKey"/>
		</Properties>
		<Trigger type="startOverlapWithEntity" ifOtherHasFlags="HasRedKey">
			<ChangeBaseSpriteCoords value="3,16"/>
			<PlaySound value="Global/Audio/digital4"/>
			<DamageSelf value="100"/>
			<SetFlagsOnOther value="!HasRedKey"/>
		</Trigger>
	</TileMaterial>


	<TileMaterial name="door green lock">
		<BaseImage spriteSheet="basics" spriteCoords="2,16" tint="40,255,40"/>
		<Properties>
			<BlocksAllEntities value="false"/>
			<BlocksEntitiesWithFlags value="!HasGreenKey"/>
		</Properties>
		<Trigger type="startOverlapWithEntity" ifOtherHasFlags="HasGreenKey">
			<ChangeBaseSpriteCoords value="3,16"/>
			<PlaySound value="Global/Audio/digital4"/>
			<DamageSelf value="100"/>
			<SetFlagsOnOther value="!HasGreenKey"/>
		</Trigger>
	</TileMaterial>


	<TileMaterial name="lockedDoorGold">
		<BaseImage spriteSheet="basics" spriteCoords="2,16" tint="255,180,0"/>
		<Properties>
			<BlocksAllEntities value="false"/>
			<BlocksEntitiesWithFlags value="!HasGoldKey"/>
		</Properties>
		<Trigger type="startOverlapWithEntity" ifOtherHasFlags="HasGoldKey">
			<ChangeBaseSpriteCoords value="3,16"/>
			<PlaySound value="Global/Audio/digital4"/>
			<DamageSelf value="100"/>
			<SetFlagsOnOther value="!HasGoldKey"/>
		</Trigger>
	</TileMaterial>


	<TileMaterial name="w">
		<BaseImage spriteSheet="basics" spriteCoords="13,12"/>
		<Properties>
			<BlocksAllEntities value="false"/>
			<BlocksEntitiesWithFlags value="!Flying"/>
		</Properties>
	</TileMaterial>


	<TileMaterial name="water">
		<BaseImage spriteSheet="basics" spriteCoords="13,12"/>
		<Properties>
			<BlocksAllEntities value="false"/>
		</Properties>
		<Trigger type="startOverlapWithEntity" ifOtherHasFlags="!Flying">
			<PlaySound value="Global/Audio/soft-zap"/>
		</Trigger>
	</TileMaterial>
	

</TileMaterials>
