﻿<?xml version="1.0" encoding="utf-8"?>
<EntityTypes>

	<EntityType name="Hero" maxVelocity2D="3,3" flags="Player" fullHealth="100">
		<Controller type="Player1"/>
		<Appearance size="0.50,0.50">
			<BaseImage spriteSheet="basics" spriteCoords="29,12" tint="255,255,255"/>
			<OverlayImage spriteSheet="basics" spriteCoords="0,0" tint="255,255,255"/>
			<HealthBar type="overheadAlways"/>
		</Appearance>
		<Trigger type="event" event="shoot" ifIHaveFlags="HasBow,HasFlamePower">
			<SpawnEntityAtSelf value="FlamingArrow"/>
			<PlaySound value="Global/Audio/electric-purr"/>
		</Trigger>
		<Trigger type="event" event="shoot" ifIHaveFlags="HasBow,!HasFlamePower">
			<SpawnEntityAtSelf value="Arrow"/>
			<PlaySound value="Global/Audio/fwup"/>
		</Trigger>
		<Trigger type="event" event="PlayerReceivedBow">
			<ChangeOverlaySpriteCoords value="9,24"/>
		</Trigger>
		<Trigger type="event" event="PlayerReceivedFlamePower">
			<ChangeOverlaySpriteTint value="255,0,0"/>
		</Trigger>
		<Trigger type="died">
			<SetLargeCenterText value="...and our Hero was never heard from again."/>
			<SetLargeCenterText2 value="Game Over!  You Lose."/>
			<PlaySound value="Global/Audio/gong"/>
			<GameOver value="true"/>
		</Trigger>
	</EntityType>


	<EntityType name="Skeleton" maxVelocity2D="2,2" flags="Enemy">
		<Controller type="AI" strategy="Roam"/>
		<Properties>
			<IfBlocked value="turnLeft,turnRight,turnAround"/>
		</Properties>
		<Appearance size="0.95,0.95">
			<BaseImage spriteSheet="basics" spriteCoords="30,12" tint="255,255,255"/>
			<HealthBar type="overheadWhenDamaged"/>
		</Appearance>
		<Trigger type="startOverlapWithEntity" ifOtherHasFlags="Player">
			<DamageOther value="10"/>
			<PlaySound value="Global/Audio/soft-zap"/>
		</Trigger>
		<Trigger type="died">
			<PlaySound value="Global/Audio/eagle"/>
		</Trigger>
	</EntityType>


	<EntityType name="SkeletonWithGreenKey" maxVelocity2D="2,2" flags="Enemy">
		<Controller type="AI" strategy="Roam"/>
		<Properties>
			<IfBlocked value="turnLeft,turnRight,turnAround"/>
		</Properties>
		<Appearance size="0.95,0.95">
			<BaseImage spriteSheet="basics" spriteCoords="30,12" tint="255,255,255"/>
			<OverlayImage spriteSheet="basics" spriteCoords="12,27" tint="40,255,40"/>
			<HealthBar type="overheadWhenDamaged"/>
		</Appearance>
		<Trigger type="startOverlapWithEntity" ifOtherHasFlags="Player">
			<DamageOther value="10"/>
			<PlaySound value="Global/Audio/soft-zap"/>
		</Trigger>
		<Trigger type="died">
			<SpawnEntityAtSelf value="GreenKey"/>
			<PlaySound value="Global/Audio/eagle"/>
		</Trigger>
	</EntityType>


	<EntityType name="SkeletonWithGoldKey" maxVelocity2D="3,3" flags="Enemy">
		<Controller type="AI" strategy="Roam"/>
		<Properties>
			<IfBlocked value="turnLeft,turnRight,turnAround"/>
		</Properties>
		<Appearance size="0.95,0.95">
			<BaseImage spriteSheet="basics" spriteCoords="30,12" tint="255,255,255"/>
			<OverlayImage spriteSheet="basics" spriteCoords="12,27" tint="255,180,0"/>
			<HealthBar type="overheadWhenDamaged"/>
		</Appearance>
		<Trigger type="startOverlapWithEntity" ifOtherHasFlags="Player">
			<DamageOther value="10"/>
			<PlaySound value="Global/Audio/soft-zap"/>
		</Trigger>
		<Trigger type="died">
			<SpawnEntityAtSelf value="GoldKey"/>
			<PlaySound value="Global/Audio/eagle"/>
		</Trigger>
	</EntityType>


	<EntityType name="Lich" maxVelocity2D="1,1" flags="Enemy,Flying" fullHealth="5000">
		<Controller type="AI" strategy="Roam"/>
		<Properties>
			<IfBlocked value="turnLeft,turnRight,turnAround"/>
		</Properties>
		<Appearance size="1.95,1.95">
			<BaseImage spriteSheet="basics" spriteCoords="2,24"/>
			<HealthBar type="overheadWhenDamaged"/>
		</Appearance>
		<Trigger type="startOverlapWithEntity" ifOtherHasFlags="Player">
			<DamageOther value="10"/>
			<PlaySound value="Global/Audio/soft-zap"/>
		</Trigger>
		<Trigger type="age" ageInSeconds="0">
			<PlaySound value="Global/Audio/mystery1"/>
		</Trigger>
		<Trigger type="age" ageInSeconds="10">
			<PlaySound value="Global/Audio/mystery2"/>
		</Trigger>
		<Trigger type="age" ageInSeconds="20">
			<PlaySound value="Global/Audio/mystery3"/>
		</Trigger>
		<Trigger type="age" ageInSeconds="30">
			<PlaySound value="Global/Audio/mystery1"/>
		</Trigger>
		<Trigger type="age" ageInSeconds="40">
			<PlaySound value="Global/Audio/mystery2"/>
		</Trigger>
		<Trigger type="age" ageInSeconds="50">
			<PlaySound value="Global/Audio/mystery3"/>
		</Trigger>
		<Trigger type="died">
			<PlaySound value="Global/Audio/eagle"/>
		</Trigger>
	</EntityType>


	<EntityType name="RedKey" flags="Item">
		<Appearance size="0.40,0.40">
			<BaseImage spriteSheet="basics" spriteCoords="12,27" tint="255,40,40"/>
		</Appearance>
		<Trigger type="startOverlapWithEntity" ifOtherHasFlags="Player,!HasRedKey">
			<SetFlagsOnOther value="HasRedKey"/>
			<PlaySound value="Global/Audio/digital3"/>
			<DamageSelf value="100"/>
		</Trigger>
	</EntityType>


	<EntityType name="GreenKey" flags="Item">
		<Appearance size="0.40,0.40">
			<BaseImage spriteSheet="basics" spriteCoords="12,27" tint="40,255,40"/>
		</Appearance>
		<Trigger type="startOverlapWithEntity" ifOtherHasFlags="Player,!HasGreenKey">
			<SetFlagsOnOther value="HasGreenKey"/>
			<PlaySound value="Global/Audio/digital3"/>
			<DamageSelf value="100"/>
		</Trigger>
	</EntityType>


	<EntityType name="GoldKey" flags="Item">
		<Appearance size="0.40,0.40">
			<BaseImage spriteSheet="basics" spriteCoords="12,27" tint="255,180,0"/>
		</Appearance>
		<Trigger type="startOverlapWithEntity" ifOtherHasFlags="Player,!HasGoldKey">
			<SetFlagsOnOther value="HasGoldKey"/>
			<PlaySound value="Global/Audio/digital3"/>
			<DamageSelf value="100"/>
		</Trigger>
	</EntityType>


	<EntityType name="SmallHeart" flags="Item">
		<Appearance size="0.30,0.30">
			<BaseImage spriteSheet="basics" spriteCoords="23,11" tint="255,200,150"/>
		</Appearance>
		<Trigger type="startOverlapWithEntity" ifOtherHasFlags="Player">
			<DamageSelf value="100"/>
			<DamageOther value="-10"/>
			<PlaySound value="Global/Audio/whirp"/>
		</Trigger>
	</EntityType>


	<EntityType name="LargeHeart" flags="Item">
		<Appearance size="0.60,0.60">
			<BaseImage spriteSheet="basics" spriteCoords="23,11" tint="255,200,150"/>
		</Appearance>
		<Trigger type="startOverlapWithEntity" ifOtherHasFlags="Player">
			<DamageOther value="-100"/>
			<PlaySound value="Global/Audio/quick-electric-jazz"/>
			<DamageSelf value="100"/>
		</Trigger>
	</EntityType>


	<EntityType name="Bow" flags="Item">
		<Appearance size="0.70,0.70">
			<BaseImage spriteSheet="basics" spriteCoords="9,24" tint="255,255,255"/>
		</Appearance>
		<Trigger type="startOverlapWithEntity" ifOtherHasFlags="Player,!HasBow">
			<SetFlagsOnOther value="HasBow"/>
			<FireEvent value="PlayerReceivedBow"/>
			<PlaySound value="Global/Audio/digital2"/>
			<DamageSelf value="100"/>
		</Trigger>
	</EntityType>


	<EntityType name="FlamePower" flags="Item">
		<Appearance size="0.70,0.70">
			<BaseImage spriteSheet="basics" spriteCoords="19,25" tint="255,100,100"/>
		</Appearance>
		<Trigger type="startOverlapWithEntity" ifOtherHasFlags="Player,!HasFlamePower">
			<SetFlagsOnOther value="HasFlamePower"/>
			<FireEvent value="PlayerReceivedFlamePower"/>
			<PlaySound value="Global/Audio/digital2"/>
			<DamageSelf value="100"/>
		</Trigger>
	</EntityType>


	<EntityType name="Arrow" maxVelocity2D="10,10" flags="Projectile,Flying">
		<Controller type="AI" strategy="Roam"/>
		<Properties>
			<IfBlocked value="die"/>
		</Properties>
		<Appearance size="0.50,0.50">
			<BaseImage spriteSheet="basics" spriteCoords="8,24" tint="255,255,255"/>
		</Appearance>
		<Trigger type="startOverlapWithEntity" ifOtherHasFlags="Enemy">
			<DamageOther value="10"/>
			<DamageSelf value="100"/>
			<PlaySound value="Global/Audio/umph"/>
		</Trigger>
	</EntityType>


	<EntityType name="FlamingArrow" maxVelocity2D="12,12" flags="Projectile,Flying">
		<Controller type="AI" strategy="Roam"/>
		<Properties>
			<IfBlocked value="die"/>
		</Properties>
		<Appearance size="0.50,0.50">
			<BaseImage spriteSheet="basics" spriteCoords="8,24" tint="255,40,40"/>
		</Appearance>
		<Trigger type="startOverlapWithEntity" ifOtherHasFlags="Enemy">
			<DamageOther value="100"/>
			<DamageSelf value="100"/>
			<PlaySound value="Global/Audio/energy"/>
		</Trigger>
	</EntityType>


	<EntityType name="TeleporterToArenaLeft">
		<Appearance size="0.1,0.1">
		</Appearance>
		<Trigger type="startOverlapWithEntity" ifOtherHasFlags="Player">
			<TeleportOther value="ArenaRoom:TeleporterDestination1"/>
		</Trigger>
	</EntityType>


	<EntityType name="TeleporterToArenaTop">
		<Appearance size="0.1,0.1">
		</Appearance>
		<Trigger type="startOverlapWithEntity" ifOtherHasFlags="Player">
			<TeleportOther value="ArenaRoom:TeleporterDestination2"/>
		</Trigger>
	</EntityType>


	<EntityType name="TeleporterToStartRoomRight">
		<Appearance size="0.1,0.1">
		</Appearance>
		<Trigger type="startOverlapWithEntity" ifOtherHasFlags="Player">
			<TeleportOther value="StartRoom:TeleporterDestination1"/>
		</Trigger>
	</EntityType>


	<EntityType name="TeleporterToStartRoomTop">
		<Appearance size="0.1,0.1">
		</Appearance>
		<Trigger type="startOverlapWithEntity" ifOtherHasFlags="Player">
			<TeleportOther value="StartRoom:TeleporterDestination2"/>
		</Trigger>
	</EntityType>


	<EntityType name="TeleporterToPuzzleRoomBottom">
		<Appearance size="0.1,0.1">
		</Appearance>
		<Trigger type="startOverlapWithEntity" ifOtherHasFlags="Player">
			<TeleportOther value="PuzzleRoom:TeleporterDestination1"/>
		</Trigger>
	</EntityType>


	<EntityType name="TeleporterToBossRoomBottom">
		<Appearance size="0.1,0.1">
		</Appearance>
		<Trigger type="startOverlapWithEntity" ifOtherHasFlags="Player">
			<TeleportOther value="BossRoom:TeleporterDestination1"/>
		</Trigger>
	</EntityType>


	<EntityType name="TeleporterDestination1">
	</EntityType>

	
	<EntityType name="TeleporterDestination2">
	</EntityType>

	
	<EntityType name="TeleporterDestination3">
	</EntityType>


</EntityTypes>
