﻿<?xml version="1.0" encoding="utf-8"?>
<TileMaterials>

	<TileMaterial name="grass_side">
		<BaseImage spriteSheet="basics" spriteCoords="3,0"/>
	</TileMaterial>

	
	<TileMaterial name="dirt">
		<BaseImage spriteSheet="basics" spriteCoords="6,12"/>
	</TileMaterial>

	
	<TileMaterial name="stone">
		<BaseImage spriteSheet="basics" spriteCoords="15,16"/>
	</TileMaterial>

	
	<TileMaterial name="water">
		<BaseImage spriteSheet="basics" spriteCoords="13,12"/>
	</TileMaterial>

	
	<TileMaterial name="cloud">
		<BaseImage spriteSheet="basics" spriteCoords="30,0"/>
	</TileMaterial>

	
	<TileMaterial name="door">
		<TopImage spriteSheet="basics" spriteCoords="3,13" tint="255,255,255"/>
		<Properties>
			<BlocksAllEntities value="false"/>
		</Properties>
	</TileMaterial>

	
	<TileMaterial name="lockedDoor">
		<TopImage spriteSheet="basics" spriteCoords="3,13" tint="200,80,255"/>
		<Properties>
			<BlocksAllEntities value="false"/>
			<BlocksEntitiesWithFlags value="!HasKey,Player"/>
		</Properties>
	</TileMaterial>

	<TileMaterial name="lava">
		<BaseImage spriteSheet="basics" spriteCoords="13,14" tint="255,80,255"/>
		<Properties>
			<BlocksAllEntities value="false"/>
		</Properties>
		<Trigger type="startOverlapWithEntity">
			<DamageOther value="100"/>
			<PlaySound value="Global/Audio/reward"/>
		</Trigger>
	</TileMaterial>


	<TileMaterial name="teleportEntrance">
		<TopImage spriteSheet="basics" spriteCoords="9,18"/>
		<Properties>
			<BlocksAllEntities value="false"/>
		</Properties>
	</TileMaterial>

	
	<TileMaterial name="teleporter1">
		<TopImage spriteSheet="basics" spriteCoords="9,18"/>
		<Properties>
			<BlocksAllEntities value="false"/>
		</Properties>
		<Trigger type="startOverlapWithEntity">
			<TeleportOther value="TeleporterDestination1"/>
		</Trigger>
	</TileMaterial>

	
	<TileMaterial name="teleporter2">
		<TopImage spriteSheet="basics" spriteCoords="9,18"/>
		<Properties>
			<BlocksAllEntities value="false"/>
		</Properties>
		<Trigger type="startOverlapWithEntity">
			<TeleportOther value="TeleporterDestination2"/>
		</Trigger>
	</TileMaterial>


  <TileMaterial name="teleporterToLevel1">
    <BaseImage spriteSheet="basics" spriteCoords="9,6"/>
    <Properties>
      <BlocksAllEntities value="false"/>
    </Properties>
    <Trigger type="startOverlapWithEntity" ifOtherHasFlags="Player">
      <TeleportOther value="Level1:TeleporterDestination3"/>
    </Trigger>
  </TileMaterial>


  <TileMaterial name="teleporterToLevel2">
		<BaseImage spriteSheet="basics" spriteCoords="9,6"/>
		<Properties>
			<BlocksAllEntities value="false"/>
		</Properties>
		<Trigger type="startOverlapWithEntity" ifOtherHasFlags="Player">
			<TeleportOther value="Level2:TeleporterDestination3"/>
		</Trigger>
	</TileMaterial>

	
	<TileMaterial name="art_skull">
		<BaseImage spriteSheet="basics" spriteCoords="0,16"/>
	</TileMaterial>

</TileMaterials>
