<?xml version="1.0" encoding="utf-8"?>
<EntityTypes>

	<EntityType name="mrd">
	<Trigger type="age" ageInSeconds="1">
				<SetWorldText0 value="Welcome to Planet Defender"/>
		<SetWorldText0Position value="7,6"/>
		<SetWorldText0Color value="255,255,255"/>
		<SetWorldText0ShadowColor value="0,0,0"/>
		<SetWorldText0Height value="0.5"/>
		<SetWorldText0Alignment value="center"/>
				<SetWorldText1 value="Use the arrow keys to move and space bar to shoot!"/>
		<SetWorldText1Position value="7,7"/>
		<SetWorldText1Color value="255,255,255"/>
		<SetWorldText1ShadowColor value="0,0,0"/>
		<SetWorldText1Height value="0.5"/>
		<SetWorldText1Alignment value="center"/>
				<SetWorldText2 value="Shoot at the enemies that are trying to attack your planet"/>
		<SetWorldText2Position value="7,8"/>
		<SetWorldText2Color value="255,255,255"/>
		<SetWorldText2ShadowColor value="0,0,0"/>
		<SetWorldText2Height value="0.5"/>
		<SetWorldText2Alignment value="center"/>
						<SetWorldText3 value="Press c to change your ship color and x to go back a color"/>
		<SetWorldText3Position value="7,9"/>
		<SetWorldText3Color value="255,255,255"/>
		<SetWorldText3ShadowColor value="0,0,0"/>
		<SetWorldText3Height value="0.5"/>
		<SetWorldText3Alignment value="center"/>		
	</Trigger>
	<Trigger type="age" ageInSeconds="10">
		<SpawnEntityAtSelf value="Player"/>
		<SetWorldText0 value=""/>
		<SetWorldText1 value=""/>
		<SetWorldText2 value=""/>
		<SetWorldText3 value=""/>
	</Trigger>
	</EntityType>
	
	
	<EntityType name="splanet">
	<Trigger type="age" ageInSeconds="10">
		<SpawnEntityAtSelf value="planet"/>
	</Trigger>
	</EntityType>
	
		<EntityType name="spenemy">
	<Trigger type="age" ageInSeconds="10">
			<SpawnEntityAtSelf value="Blinky"/>
		</Trigger>
		<Trigger type="age" ageInSeconds="11">
			<SpawnEntityAtSelf value="Blinky"/>
		</Trigger>
		<Trigger type="age" ageInSeconds="12">
			<SpawnEntityAtSelf value="Blinky"/>
		</Trigger>
		<Trigger type="age" ageInSeconds="13">
			<SpawnEntityAtSelf value="Blinky"/>
		</Trigger>
		<Trigger type="age" ageInSeconds="14">
			<SpawnEntityAtSelf value="Blinky"/>
	</Trigger>
	</EntityType>
        
        <EntityType name="spenemy2">
            <Trigger type="age" ageInSeconds="14">
                <SpawnEntityAtSelf value="Blinky"/>
            </Trigger>
            <Trigger type="age" ageInSeconds="15">
                <SpawnEntityAtSelf value="Blinky"/>
            </Trigger>
            <Trigger type="age" ageInSeconds="16">
                <SpawnEntityAtSelf value="Blinky"/>
            </Trigger>
            <Trigger type="age" ageInSeconds="17">
                <SpawnEntityAtSelf value="Blinky"/>
            </Trigger>
            <Trigger type="age" ageInSeconds="18">
                <SpawnEntityAtSelf value="Blinky"/>
            </Trigger>
            <Trigger type="age" ageInSeconds="19">
                <SpawnEntityAtSelf value="Blinky"/>
            </Trigger>
            <Trigger type="age" ageInSeconds="20">
                <SpawnEntityAtSelf value="Blinky"/>
                <SpawnEntityAtSelf value="Blinky"/>
                <SpawnEntityAtSelf value="Blinky"/>
                <SpawnEntityAtSelf value="Blinky"/>
                <SpawnEntityAtSelf value="Blinky"/>
                <SpawnEntityAtSelf value="Blinky"/>
                <SpawnEntityAtSelf value="Blinky"/>
                <SpawnEntityAtSelf value="Blinky"/>
            </Trigger>
        </EntityType>
        
        
        		<EntityType name="spenemy3">
	<Trigger type="age" ageInSeconds="21">
			<SpawnEntityAtSelf value="Blinky"/>
			<SpawnEntityAtSelf value="Blinky"/>
			<SpawnEntityAtSelf value="Blinky"/>
		</Trigger>
		<Trigger type="age" ageInSeconds="22">
			<SpawnEntityAtSelf value="Blinky"/>
			<SpawnEntityAtSelf value="Blinky"/>
		</Trigger>
		<Trigger type="age" ageInSeconds="23">
			<SpawnEntityAtSelf value="Blinky"/>
			<SpawnEntityAtSelf value="Blinky"/>
			<SpawnEntityAtSelf value="Blinky"/>
			<SpawnEntityAtSelf value="Blinky"/>
		</Trigger>
		<Trigger type="age" ageInSeconds="24">
			<SpawnEntityAtSelf value="Blinky"/>
			<SpawnEntityAtSelf value="Blinky"/>
		</Trigger>
		<Trigger type="age" ageInSeconds="25">
			<SpawnEntityAtSelf value="Blinky"/>
			<SpawnEntityAtSelf value="Blinky"/>
	</Trigger>
			<Trigger type="age" ageInSeconds="26">
			<SpawnEntityAtSelf value="Blinky"/>
			<SpawnEntityAtSelf value="Blinky"/>
			<SpawnEntityAtSelf value="Blinky"/>
	</Trigger>
	</EntityType>
	
		<EntityType name="spenemy4">
				<Trigger type="age" ageInSeconds="27">
			<SpawnEntityAtSelf value="Blinky"/>
			<SpawnEntityAtSelf value="Blinky"/>
			<SpawnEntityAtSelf value="Blinky"/>
			<SpawnEntityAtSelf value="Blinky"/>
			<SpawnEntityAtSelf value="Blinky"/>
			<SpawnEntityAtSelf value="Blinky"/>
			<SpawnEntityAtSelf value="Blinky"/>

	</Trigger>
	<Trigger type="age" ageInSeconds="28">
			<SpawnEntityAtSelf value="Blinky"/>
			<SpawnEntityAtSelf value="Blinky"/>
			<SpawnEntityAtSelf value="Blinky"/>
	</Trigger>
			<Trigger type="age" ageInSeconds="29">
			<SpawnEntityAtSelf value="Blinky"/>
	</Trigger>
			<Trigger type="age" ageInSeconds="30">
			<SpawnEntityAtSelf value="Blinky"/>
			<SpawnEntityAtSelf value="Blinky"/>
			<SpawnEntityAtSelf value="Blinky"/>
			<SpawnEntityAtSelf value="Blinky"/>
		
	</Trigger>
        	</EntityType>
        	
        	
	
	<EntityType name="planet"  flags="Player">
		<Appearance size="1.0,1.0">
			<BaseImage spriteSheet="custom" spriteCoords="1,1" tint="255,255,255"/>
			<HealthBar type="overheadWhenDamaged"/>
		</Appearance>
		<Trigger type="died">
			<SetLargeCenterText value="Your planet was destroyed!!! "/>
			<SetLargeCenterText2 value=" Press F12 to play again "/>
			<PlaySound value="Global/Audio/gong"/>
			<GameOver value="true"/>
		</Trigger>
	</EntityType>



	<EntityType name="Player" gravityInfluence="1.0" jumpHeightMultiplier="1.0" maxVelocity2D="4,3" flags="Player">
		<Controller type="Player1"/>
		<Appearance size="0.8,0.8">
			<BaseImage spriteSheet="custom" spriteCoords="0,0" tint="255,255,255"/>
			<HealthBar type="overheadWhenDamaged"/>
		</Appearance>
		<Trigger type="died">
			<SetLargeCenterText value="Game Over You Died "/>
			<SetLargeCenterText2 value=" Press F12 to play again "/>
			<PlaySound value="Global/Audio/gong"/>
			<GameOver value="true"/>
		</Trigger>
		<Trigger type="event" event="shoot" >
			<SpawnEntityAtSelf value="FireBullet"/>
		</Trigger>
		<Trigger type="event" event="change" >
			<ChangeBaseSpriteTint value="80,255,80"/>
		</Trigger>
		<Trigger type="event" event="back" >
			<ChangeBaseSpriteTint value="255,255,255"/>
		</Trigger>
	</EntityType>
	
	
	<EntityType name="FireBullet" facing="up" maxVelocity2D="10,10" gravityInfluence="0.0" flags="Bullet" fastInAirAcceleration="true">
		<Controller type="AI" strategy="Roam"/>
		<Properties>
			<IfBlocked value="die"/>
		</Properties>
		<Trigger type="startOverlapWithEntity" ifOtherHasFlags="Bug">
		<FireEvent value="die"/>
			<DamageOther value="100"/>
			<DamageSelf value="100"/>
		</Trigger>
		<Trigger type="startOverlapWithEntity" ifOtherHasFlags="Bug">
			<DamageOther value="50"/>
			<DamageSelf value="100"/>
		</Trigger>
		<Trigger type="age" ageInSeconds="1">
			<DamageSelf value="100"/>
		</Trigger>
		<Properties>
			<IfBlocked value="die"/>
		</Properties>
		<Appearance size="1.4,1.4">
			<BaseImage spriteSheet="custom" spriteCoords="0,1" tint="255,255,255"/>
		</Appearance>
		<Trigger type="startOverlapWithEntity" ifOtherHasFlags="Enemy">
			<DamageOther value="100"/>
			<DamageSelf value="100"/>
		</Trigger>
	</EntityType>

	
	
		<EntityType name="Blinky" maxVelocity2D="4,4" flags="Enemy,Bug,BlockedByStars" >
		<Controller type="AI" strategy="Roam"/>
		<Properties>
			<IfBlocked value="turnLeft,turnRight,turnAround,turnHardLeft,turnHardRight"/>
		</Properties>
		<Appearance size="0.95,0.95">
			<BaseImage spriteSheet="custom" spriteCoords="1,0" tint="255,120,40" />
		</Appearance>
		<Trigger type="startOverlapWithEntity" ifOtherHasFlags="Player">
			<DamageOther value="100"/>
			<DamageSelf value="100"/>
		</Trigger>
			<Trigger type="startOverlapWithEntity" ifOtherHasFlags="Planet">
			<DamageOther value="50"/>
			<DamageSelf value="100"/>
		</Trigger>

	</EntityType>
        
        
    <EntityType name="count"  flags="icount" >
		<Appearance size="0.95,0.95">
			<BaseImage spriteSheet="custom" spriteCoords="2,0"  />
		</Appearance>
		<Trigger type="age" ageInSeconds="1">
			<DamageSelf value="50"/>
		</Trigger>
		<Trigger type="event" event="die" >
			<DamageSelf value="1"/>
		</Trigger>
		<Trigger type="died">
		<SpawnEntityAtSelf value="l2"/>
		</Trigger>
	</EntityType>  
        
        <EntityType name="teleporter" >
            <Appearance size="0.40,0.40">
                <BaseImage spriteSheet="basics" spriteCoords="0,0"/>
            </Appearance>
            <Trigger type="startOverlapWithEntity" ifOtherHasFlags="Enemy">
                <TeleportOther value="0,1"/>
            </Trigger>
        </EntityType>
        
        <EntityType name="teleporter2" >
            <Appearance size="0.40,0.40">
                <BaseImage spriteSheet="basics" spriteCoords="0,0"/>
            </Appearance>
            <Trigger type="startOverlapWithEntity" ifOtherHasFlags="Enemy">
                <TeleportOther value="1,1"/>
            </Trigger>
        </EntityType>
        <EntityType name="teleporter3">
            <Appearance size="0.40,0.40">
                <BaseImage spriteSheet="basics" spriteCoords="0,0"/>
            </Appearance>
            <Trigger type="startOverlapWithEntity" ifOtherHasFlags="Enemy">
                <TeleportOther value="2,1"/>
            </Trigger>
        </EntityType>
        <EntityType name="teleporter4">
            <Appearance size="0.40,0.40">
                <BaseImage spriteSheet="basics" spriteCoords="0,0"/>
            </Appearance>
            <Trigger type="startOverlapWithEntity" ifOtherHasFlags="Enemy">
                <TeleportOther value="3,1"/>
            </Trigger>
        </EntityType>
        <EntityType name="teleporter5">
            <Appearance size="0.40,0.40">
                <BaseImage spriteSheet="basics" spriteCoords="0,0"/>
            </Appearance>
            <Trigger type="startOverlapWithEntity" ifOtherHasFlags="Enemy">
                <TeleportOther value="4,1"/>
            </Trigger>
        </EntityType>
        <EntityType name="teleporter6">
            <Appearance size="0.40,0.40">
                <BaseImage spriteSheet="basics" spriteCoords="0,0"/>
            </Appearance>
            <Trigger type="startOverlapWithEntity" ifOtherHasFlags="Enemy">
                <TeleportOther value="5,1"/>
            </Trigger>
        </EntityType>
        <EntityType name="teleporter7">
            <Appearance size="0.40,0.40">
                <BaseImage spriteSheet="basics" spriteCoords="0,0"/>
            </Appearance>
            <Trigger type="startOverlapWithEntity" ifOtherHasFlags="Enemy">
                <TeleportOther value="6,1"/>
            </Trigger>
        </EntityType>
        <EntityType name="teleporter8">
            <Appearance size="0.40,0.40">
                <BaseImage spriteSheet="basics" spriteCoords="0,0"/>
            </Appearance>
            <Trigger type="startOverlapWithEntity" ifOtherHasFlags="Enemy">
                <TeleportOther value="7,1"/>
            </Trigger>
        </EntityType>
        <EntityType name="teleporter9">
            <Appearance size="0.40,0.40">
                <BaseImage spriteSheet="basics" spriteCoords="0,0"/>
            </Appearance>
            <Trigger type="startOverlapWithEntity" ifOtherHasFlags="Enemy">
                <TeleportOther value="8,1"/>
            </Trigger>
        </EntityType>
        <EntityType name="teleporter10">
            <Appearance size="0.40,0.40">
                <BaseImage spriteSheet="basics" spriteCoords="0,0"/>
            </Appearance>
            <Trigger type="startOverlapWithEntity" ifOtherHasFlags="Enemy">
                <TeleportOther value="9,1"/>
            </Trigger>
        </EntityType>
        <EntityType name="teleporter11">
            <Appearance size="0.40,0.40">
                <BaseImage spriteSheet="basics" spriteCoords="0,0"/>
            </Appearance>
            <Trigger type="startOverlapWithEntity" ifOtherHasFlags="Enemy">
                <TeleportOther value="10,1"/>
            </Trigger>
        </EntityType>
        <EntityType name="teleporter12">
            <Appearance size="0.40,0.40">
                <BaseImage spriteSheet="basics" spriteCoords="0,0"/>
            </Appearance>
            <Trigger type="startOverlapWithEntity" ifOtherHasFlags="Enemy">
                <TeleportOther value="11,1"/>
            </Trigger>
        </EntityType>
        <EntityType name="teleporter13">
            <Appearance size="0.40,0.40">
                <BaseImage spriteSheet="basics" spriteCoords="0,0"/>
            </Appearance>
            <Trigger type="startOverlapWithEntity" ifOtherHasFlags="Enemy">
                <TeleportOther value="12,1"/>
            </Trigger>
        </EntityType>
        <EntityType name="teleporter14">
            <Appearance size="0.40,0.40">
                <BaseImage spriteSheet="basics" spriteCoords="0,0"/>
            </Appearance>
            <Trigger type="startOverlapWithEntity" ifOtherHasFlags="Enemy">
                <TeleportOther value="13,1"/>
            </Trigger>
        </EntityType>
        <EntityType name="teleporter15">
            <Appearance size="0.40,0.40">
                <BaseImage spriteSheet="basics" spriteCoords="0,0"/>
            </Appearance>
            <Trigger type="startOverlapWithEntity" ifOtherHasFlags="Enemy">
                <TeleportOther value="14,1"/>
            </Trigger>
        </EntityType>
        <EntityType name="teleporter16">
            <Appearance size="0.40,0.40">
                <BaseImage spriteSheet="basics" spriteCoords="0,0"/>
            </Appearance>
            <Trigger type="startOverlapWithEntity" ifOtherHasFlags="Enemy">
                <TeleportOther value="15,1"/>
            </Trigger>
        </EntityType>
        
        
	 <EntityType name="l2" gravityInfluence="0.0">
		<Appearance size="1.0,1.0">
			<BaseImage spriteSheet="dog" spriteCoords="6,10"/>
		</Appearance>
		<Trigger type="startOverlapWithEntity" ifOtherHasFlags="Player">
			<ChangeToMap value="level"/>
		</Trigger>
	</EntityType>
	
		<EntityType name="mrdl2">
	<Trigger type="age" ageInSeconds="1">
				<SetWorldText0 value="Congratulations, you made it to level 2"/>
		<SetWorldText0Position value="7,6"/>
		<SetWorldText0Color value="255,255,255"/>
		<SetWorldText0ShadowColor value="0,0,0"/>
		<SetWorldText0Height value="0.5"/>
		<SetWorldText0Alignment value="center"/>
				<SetWorldText1 value="Now dodge all enemies that come towards you"/>
		<SetWorldText1Position value="7,7"/>
		<SetWorldText1Color value="255,255,255"/>
		<SetWorldText1ShadowColor value="0,0,0"/>
		<SetWorldText1Height value="0.5"/>
		<SetWorldText1Alignment value="center"/>
				<SetWorldText2 value="Use the up and down arrow keys to move up and down"/>
		<SetWorldText2Position value="7,8"/>
		<SetWorldText2Color value="255,255,255"/>
		<SetWorldText2ShadowColor value="0,0,0"/>
		<SetWorldText2Height value="0.5"/>
		<SetWorldText2Alignment value="center"/>
						<SetWorldText3 value="Press c to change your ship color and x to go back a color"/>
		<SetWorldText3Position value="7,9"/>
		<SetWorldText3Color value="255,255,255"/>
		<SetWorldText3ShadowColor value="0,0,0"/>
		<SetWorldText3Height value="0.5"/>
		<SetWorldText3Alignment value="center"/>		
	</Trigger>
	<Trigger type="age" ageInSeconds="10">
	<SpawnEntityAtSelf value="Playerl2"/>
		<SetWorldText0 value="30 seconds remain"/>
		<SetWorldText1 value=""/>
		<SetWorldText2 value=""/>
		<SetWorldText3 value=""/>
	</Trigger>
	<Trigger type="age" ageInSeconds="20">
		<SetWorldText0 value="20 seconds remain"/>
	</Trigger>
	<Trigger type="age" ageInSeconds="30">
		<SetWorldText0 value="10"/>
	</Trigger>
	<Trigger type="age" ageInSeconds="31">
		<SetWorldText0 value="9"/>
	</Trigger>
	<Trigger type="age" ageInSeconds="32">
		<SetWorldText0 value="8"/>
	</Trigger>
		<Trigger type="age" ageInSeconds="33">
		<SetWorldText0 value="7"/>
	</Trigger>
	<Trigger type="age" ageInSeconds="34">
		<SetWorldText0 value="6"/>
	</Trigger>
	<Trigger type="age" ageInSeconds="35">
		<SetWorldText0 value="5"/>
	</Trigger>
	<Trigger type="age" ageInSeconds="36">
		<SetWorldText0 value="4"/>
	</Trigger>
		<Trigger type="age" ageInSeconds="37">
		<SetWorldText0 value="3"/>
	</Trigger>
	<Trigger type="age" ageInSeconds="38">
		<SetWorldText0 value="2"/>
	</Trigger>
	<Trigger type="age" ageInSeconds="39">
		<SetWorldText0 value="1"/>
	</Trigger>
	<Trigger type="age" ageInSeconds="40">
		<SetWorldText0 value="0"/>
		<ChangeToMap value="another"/>
	</Trigger>
	</EntityType>



	<EntityType name="Playerl2" gravityInfluence="1.0" jumpHeightMultiplier="0.0" maxVelocity2D="5,5" flags="Player">
		<Controller type="Player1"/>
		<Appearance size="0.8,0.8">
			<BaseImage spriteSheet="custom" spriteCoords="0,3" tint="255,255,255"/>
			<HealthBar type="overheadWhenDamaged"/>
		</Appearance>
		<Trigger type="died">
			<SetLargeCenterText value="Game Over "/>
			<SetLargeCenterText2 value=" Press F12 to play again "/>
			<PlaySound value="Global/Audio/gong"/>
			<GameOver value="true"/>
		</Trigger>
		<Trigger type="event" event="change" >
			<ChangeBaseSpriteTint value="80,255,80"/>
		</Trigger>
		<Trigger type="event" event="back" >
			<ChangeBaseSpriteTint value="255,255,255"/>
		</Trigger>
	</EntityType>
	
		
		
		    <EntityType name="sUPHO">
            <Trigger type="age" ageInSeconds="10">
                <SpawnEntityAtSelf value="UFO"/>
            </Trigger>
        </EntityType>
		
	<EntityType name="UFO" facing="up" flags="Enemy" maxVelocity2D="2,2">
		<Controller type="AI" strategy="Roam"/>
		<Properties>
			<IfBlocked value="turnAround"/>
		</Properties>
		<Appearance size="0.95,0.95">
			<BaseImage spriteSheet="dog" spriteCoords="23,28"/>
		</Appearance>
	<Trigger type="age" ageInSeconds="1">
	<SpawnEntityAtSelf value="Blinkyl2"/>	
	</Trigger>
	<Trigger type="age" ageInSeconds="2">
	<SpawnEntityAtSelf value="Blinkyl2"/>	
	</Trigger>
		<Trigger type="age" ageInSeconds="3">
	<SpawnEntityAtSelf value="Blinkyl2"/>
	</Trigger>
		<Trigger type="age" ageInSeconds="4">
	<SpawnEntityAtSelf value="Blinkyl2"/>	
	</Trigger>
		<Trigger type="age" ageInSeconds="5">
	<SpawnEntityAtSelf value="Blinkyl2"/>	
	</Trigger>
		<Trigger type="age" ageInSeconds="6">
	<SpawnEntityAtSelf value="Blinkyl2"/>	
	</Trigger>
		<Trigger type="age" ageInSeconds="7">
	<SpawnEntityAtSelf value="Blinkyl2"/>	
	</Trigger>
		<Trigger type="age" ageInSeconds="10">
	<SpawnEntityAtSelf value="Blinkyl2"/>	
	</Trigger>
		<Trigger type="age" ageInSeconds="12">
	<SpawnEntityAtSelf value="Blinkyl2"/>	
	</Trigger>
		<Trigger type="age" ageInSeconds="14">
	<SpawnEntityAtSelf value="Blinkyl2"/>	
	</Trigger>
	<Trigger type="age" ageInSeconds="15">
	<SpawnEntityAtSelf value="Blinkyl2"/>	
	</Trigger>
		<Trigger type="age" ageInSeconds="16">
	<SpawnEntityAtSelf value="Blinkyl2"/>	
	</Trigger>
		<Trigger type="age" ageInSeconds="17">
	<SpawnEntityAtSelf value="Blinkyl2"/>	
	</Trigger>
	<Trigger type="age" ageInSeconds="18">
	<SpawnEntityAtSelf value="Blinkyl2"/>	
	</Trigger>
	<Trigger type="age" ageInSeconds="19">
	<SpawnEntityAtSelf value="Blinkyl2"/>	
	</Trigger>
	<Trigger type="age" ageInSeconds="22">
	<SpawnEntityAtSelf value="Blinkyl2"/>	
	</Trigger>
	<Trigger type="age" ageInSeconds="23">
	<SpawnEntityAtSelf value="Blinkyl2"/>	
	</Trigger>
	<Trigger type="age" ageInSeconds="24">
	<SpawnEntityAtSelf value="Blinkyl2"/>	
	</Trigger>
	<Trigger type="age" ageInSeconds="25">
	<SpawnEntityAtSelf value="Blinkyl2"/>	
	</Trigger>
	<Trigger type="age" ageInSeconds="27">
	<SpawnEntityAtSelf value="Blinkyl2"/>	
	</Trigger>
		<Trigger type="age" ageInSeconds="28">
	<SpawnEntityAtSelf value="Blinkyl2"/>	
	</Trigger>
	
		<Trigger type="age" ageInSeconds="1.5">
	<SpawnEntityAtSelf value="Blinkyl2"/>	
	</Trigger>
	<Trigger type="age" ageInSeconds="2.5">
	<SpawnEntityAtSelf value="Blinkyl2"/>	
	</Trigger>
		<Trigger type="age" ageInSeconds="3.5">
	<SpawnEntityAtSelf value="Blinkyl2"/>
	</Trigger>
		<Trigger type="age" ageInSeconds="4.5">
	<SpawnEntityAtSelf value="Blinkyl2"/>	
	</Trigger>
		<Trigger type="age" ageInSeconds="5.5">
	<SpawnEntityAtSelf value="Blinkyl2"/>	
	</Trigger>
		<Trigger type="age" ageInSeconds="6.5">
	<SpawnEntityAtSelf value="Blinkyl2"/>	
	</Trigger>
		<Trigger type="age" ageInSeconds="7.5">
	<SpawnEntityAtSelf value="Blinkyl2"/>	
	</Trigger>
		<Trigger type="age" ageInSeconds="10.5">
	<SpawnEntityAtSelf value="Blinkyl2"/>	
	</Trigger>
		<Trigger type="age" ageInSeconds="12.5">
	<SpawnEntityAtSelf value="Blinkyl2"/>	
	</Trigger>
		<Trigger type="age" ageInSeconds="14.5">
	<SpawnEntityAtSelf value="Blinkyl2"/>	
	</Trigger>
	<Trigger type="age" ageInSeconds="15.5">
	<SpawnEntityAtSelf value="Blinkyl2"/>	
	</Trigger>
		<Trigger type="age" ageInSeconds="16.5">
	<SpawnEntityAtSelf value="Blinkyl2"/>	
	</Trigger>
		<Trigger type="age" ageInSeconds="17.5">
	<SpawnEntityAtSelf value="Blinkyl2"/>	
	</Trigger>
	<Trigger type="age" ageInSeconds="18.5">
	<SpawnEntityAtSelf value="Blinkyl2"/>	
	</Trigger>
	<Trigger type="age" ageInSeconds="19.5">
	<SpawnEntityAtSelf value="Blinkyl2"/>	
	</Trigger>
	<Trigger type="age" ageInSeconds="21.5">
	<SpawnEntityAtSelf value="Blinkyl2"/>	
	</Trigger>
	<Trigger type="age" ageInSeconds="22.5">
	<SpawnEntityAtSelf value="Blinkyl2"/>	
	</Trigger>
	<Trigger type="age" ageInSeconds="23.5">
	<SpawnEntityAtSelf value="Blinkyl2"/>	
	</Trigger>
	<Trigger type="age" ageInSeconds="24.5">
	<SpawnEntityAtSelf value="Blinkyl2"/>	
	</Trigger>
	<Trigger type="age" ageInSeconds="25.5">
	<SpawnEntityAtSelf value="Blinkyl2"/>	
	</Trigger>
	<Trigger type="age" ageInSeconds="27.5">
	<SpawnEntityAtSelf value="Blinkyl2"/>	
	</Trigger>
		<Trigger type="age" ageInSeconds="28.5">
	<SpawnEntityAtSelf value="Blinkyl2"/>	
	</Trigger>
	</EntityType>		
		
<EntityType name="Blinkyl2" flags="enemy" maxVelocity2D="5,0" facing="left">
		<Controller type="AI" strategy="Roam"/>
		<Appearance size=".7,.7">
			<BaseImage spriteSheet="custom" spriteCoords="1,3" tint="255,120,40"/>
		</Appearance>
			<Trigger type="startOverlapWithEntity" ifOtherHasFlags="Player">
			<DamageOther value="100"/>
			<PlaySound value="Global/Audio/soft-zap"/>
		</Trigger>
			<Properties>
			<IfBlocked value="die"/>
		</Properties>
  </EntityType>
	
	
	<EntityType name="Playerl3" gravityInfluence="0.0" jumpHeightMultiplier="0.0" maxVelocity2D="0f,5" flags="Player">
		<Controller type="Player1"/>
		<Appearance size="0.8,0.8">
			<BaseImage spriteSheet="custom" spriteCoords="0,3" tint="255,255,255"/>
			<HealthBar type="overheadWhenDamaged"/>
		</Appearance>
		<Trigger type="event" event="land" >
			<SpawnEntityAtSelf value="Playerl3a"/>
			<DamageSelf value="100"/>
		</Trigger>
	</EntityType>
	
	
	<EntityType name="Playerl3a" gravityInfluence="1.0" jumpHeightMultiplier="0.0" maxVelocity2D="5,5" flags="Player">
		<Controller type="Player1"/>
		<Appearance size="0.8,0.8">
			<BaseImage spriteSheet="custom" spriteCoords="0,3" tint="255,255,255"/>
			<HealthBar type="overheadWhenDamaged"/>
		</Appearance>
		<Trigger type="died">
			<SetLargeCenterText value="Game Over "/>
			<SetLargeCenterText2 value=" Press F12 to play again "/>
			<PlaySound value="Global/Audio/gong"/>
			<GameOver value="true"/>
		</Trigger>
		</EntityType>

	<EntityType name="mrdl3" gravityInfluence="0.0">
	<Trigger type="age" ageInSeconds="1">
				<SetWorldText0 value="Wow, you made it to level 3!"/>
		<SetWorldText0Position value="7,6"/>
		<SetWorldText0Color value="255,255,255"/>
		<SetWorldText0ShadowColor value="0,0,0"/>
		<SetWorldText0Height value="0.5"/>
		<SetWorldText0Alignment value="center"/>
				<SetWorldText1 value="Now you have to land your ship on the red landing platforms"/>
		<SetWorldText1Position value="7,7"/>
		<SetWorldText1Color value="255,255,255"/>
		<SetWorldText1ShadowColor value="0,0,0"/>
		<SetWorldText1Height value="0.5"/>
		<SetWorldText1Alignment value="center"/>
				<SetWorldText2 value="Press l to land so you can get to your planet "/>
		<SetWorldText2Position value="7,8"/>
		<SetWorldText2Color value="255,255,255"/>
		<SetWorldText2ShadowColor value="0,0,0"/>
		<SetWorldText2Height value="0.5"/>
		<SetWorldText2Alignment value="center"/>
						<SetWorldText3 value="remember you only have one shot"/>
		<SetWorldText3Position value="7,9"/>
		<SetWorldText3Color value="255,255,255"/>
		<SetWorldText3ShadowColor value="0,0,0"/>
		<SetWorldText3Height value="0.5"/>
		<SetWorldText3Alignment value="center"/>		
	</Trigger>
	<Trigger type="age" ageInSeconds="10">
		<SpawnEntityAtSelf value="Playerl3"/>
		<SetWorldText0 value=""/>
		<SetWorldText1 value=""/>
		<SetWorldText2 value=""/>
		<SetWorldText3 value=""/>
	</Trigger>
	</EntityType>
	
		
	<EntityType name="none" gravityInfluence="0.0" jumpHeightMultiplier="0.0" maxVelocity2D="5,5" >
		<Appearance size="4.8,0.8">
			<BaseImage spriteSheet="custom" spriteCoords="2,0" />
		</Appearance>
		<Trigger type="startOverlapWithEntity" ifOtherHasFlags="Player">
			<DamageOther value="100"/>
		</Trigger>
</EntityType>

<EntityType name="platform" flags="live" maxVelocity2D="5,0" facing="left" gravityInfluence="0.0">
		<Controller type="AI" strategy="Roam"/>
		<Appearance size="4.0,1.0">
			<BaseImage spriteSheet="dog" spriteCoords="7,2" />
		</Appearance>
			<Trigger type="startOverlapWithEntity" ifOtherHasFlags="Player">
			<ChangeToMap value="anothera"/>
		</Trigger>

  </EntityType>

	
	<EntityType name="splatform" gravityInfluence="0.0">
	<Trigger type="age" ageInSeconds="10">
		<SpawnEntityAtSelf value="platform"/>
	</Trigger>
	</EntityType>



<EntityType name="platforma" flags="live" maxVelocity2D="5,0" facing="left" gravityInfluence="0.0">
		<Controller type="AI" strategy="Roam"/>
		<Appearance size="3.0,1.0">
			<BaseImage spriteSheet="dog" spriteCoords="7,2" />
		</Appearance>
			<Trigger type="startOverlapWithEntity" ifOtherHasFlags="Player">
			<ChangeToMap value="anotherb"/>
		</Trigger>
		<Properties>
			<IfBlocked value="die"/>
		</Properties>
  </EntityType>

	
	<EntityType name="splatforma" gravityInfluence="0.0">
	<Trigger type="age" ageInSeconds="5">
		<SpawnEntityAtSelf value="platforma"/>
	</Trigger>
	</EntityType>	





	<EntityType name="mrdl3a" gravityInfluence="0.0">
	<Trigger type="age" ageInSeconds="1">
				<SetWorldText0 value="Again, now a bit harder"/>
		<SetWorldText0Position value="7,6"/>
		<SetWorldText0Color value="255,255,255"/>
		<SetWorldText0ShadowColor value="0,0,0"/>
		<SetWorldText0Height value="0.5"/>
		<SetWorldText0Alignment value="center"/>		
	</Trigger>
	<Trigger type="age" ageInSeconds="5">
		<SpawnEntityAtSelf value="Playerl3"/>
		<SetWorldText0 value=""/>
	</Trigger>
	</EntityType>
	
	
	<EntityType name="platformb" flags="live" maxVelocity2D="5,0" facing="left" gravityInfluence="0.0">
		<Controller type="AI" strategy="Roam"/>
		<Appearance size="2.0,1.0">
			<BaseImage spriteSheet="dog" spriteCoords="7,2" />
		</Appearance>
			<Trigger type="startOverlapWithEntity" ifOtherHasFlags="Player">
			<ChangeToMap value="anotherc"/>
		</Trigger>
		<Properties>
			<IfBlocked value="die"/>
		</Properties>
  </EntityType>

	
	<EntityType name="splatformb" gravityInfluence="0.0">
	<Trigger type="age" ageInSeconds="5">
		<SpawnEntityAtSelf value="platformb"/>
	</Trigger>
	</EntityType>	
	
		<EntityType name="platformc" flags="live" maxVelocity2D="5,0" facing="left" gravityInfluence="0.0">
		<Controller type="AI" strategy="Roam"/>
		<Appearance size="1.0,1.0">
			<BaseImage spriteSheet="dog" spriteCoords="7,2" />
		</Appearance>
			<Trigger type="startOverlapWithEntity" ifOtherHasFlags="Player">
			<ChangeToMap value="fire"/>
		</Trigger>
		<Properties>
			<IfBlocked value="die"/>
		</Properties>
  </EntityType>

	
	<EntityType name="splatformc" gravityInfluence="0.0">
	<Trigger type="age" ageInSeconds="5">
		<SpawnEntityAtSelf value="platformc"/>
	</Trigger>
	</EntityType>	
	
	
		<EntityType name="mrdlf">
	<Trigger type="age" ageInSeconds="1">
				<SetWorldText0 value="Oh no the planet cought on fire in the attacks"/>
		<SetWorldText0Position value="7,6"/>
		<SetWorldText0Color value="255,255,255"/>
		<SetWorldText0ShadowColor value="0,0,0"/>
		<SetWorldText0Height value="0.5"/>
		<SetWorldText0Alignment value="center"/>
				<SetWorldText1 value="Press j to jump over the fire"/>
		<SetWorldText1Position value="7,7"/>
		<SetWorldText1Color value="255,255,255"/>
		<SetWorldText1ShadowColor value="0,0,0"/>
		<SetWorldText1Height value="0.5"/>
		<SetWorldText1Alignment value="center"/>
				<SetWorldText2 value=""/>
		<SetWorldText2Position value="7,8"/>
		<SetWorldText2Color value="255,255,255"/>
		<SetWorldText2ShadowColor value="0,0,0"/>
		<SetWorldText2Height value="0.5"/>
		<SetWorldText2Alignment value="center"/>
						<SetWorldText3 value=""/>
		<SetWorldText3Position value="7,9"/>
		<SetWorldText3Color value="255,255,255"/>
		<SetWorldText3ShadowColor value="0,0,0"/>
		<SetWorldText3Height value="0.5"/>
		<SetWorldText3Alignment value="center"/>		
	</Trigger>
		<Trigger type="age" ageInSeconds="5">
		<SpawnEntityAtSelf value="Playerlf"/>
		<SetWorldText0 value="Testing your patience"/>
		<SetWorldText1 value="LOL : )"/>
		<SetWorldText2 value=""/>
		<SetWorldText3 value=""/>
	</Trigger>
	</EntityType>
	



	<EntityType name="spire" gravityInfluence="0.0">
	<Trigger type="age" ageInSeconds="5">
		<SpawnEntityAtSelf value="fire"/>
	</Trigger>
	<Trigger type="age" ageInSeconds="6">
		<SpawnEntityAtSelf value="fire"/>
	</Trigger>
	<Trigger type="age" ageInSeconds="7">
		<SpawnEntityAtSelf value="fire"/>
	</Trigger>
	<Trigger type="age" ageInSeconds="8">
		<SpawnEntityAtSelf value="fire"/>
	</Trigger>
	<Trigger type="age" ageInSeconds="9">
		<SpawnEntityAtSelf value="fire"/>
	</Trigger>
	<Trigger type="age" ageInSeconds="10">
		<SpawnEntityAtSelf value="fire"/>
	</Trigger>
	<Trigger type="age" ageInSeconds="11">
		<SpawnEntityAtSelf value="fire"/>
	</Trigger>
	<Trigger type="age" ageInSeconds="12">
		<SpawnEntityAtSelf value="fire"/>
	</Trigger>
	<Trigger type="age" ageInSeconds="13">
		<SpawnEntityAtSelf value="fire"/>
	</Trigger>
	<Trigger type="age" ageInSeconds="14">
		<SpawnEntityAtSelf value="fire"/>
	</Trigger>
	<Trigger type="age" ageInSeconds="15">
		<SpawnEntityAtSelf value="fire"/>
		</Trigger>
	<Trigger type="age" ageInSeconds="16">
		<SpawnEntityAtSelf value="fire"/>
	</Trigger>
	<Trigger type="age" ageInSeconds="17">
		<SpawnEntityAtSelf value="fire"/>
	</Trigger>
	<Trigger type="age" ageInSeconds="18">
		<SpawnEntityAtSelf value="fire"/>
	</Trigger>
	<Trigger type="age" ageInSeconds="19">
		<SpawnEntityAtSelf value="fire"/>
	</Trigger>
	<Trigger type="age" ageInSeconds="20">
		<SpawnEntityAtSelf value="fire"/>
	</Trigger>
	<Trigger type="age" ageInSeconds="21">
		<SpawnEntityAtSelf value="fire"/>
	</Trigger>
	<Trigger type="age" ageInSeconds="22">
		<SpawnEntityAtSelf value="fire"/>
	</Trigger>
	<Trigger type="age" ageInSeconds="23">
		<SpawnEntityAtSelf value="fire"/>
	</Trigger>
	<Trigger type="age" ageInSeconds="24">
		<SpawnEntityAtSelf value="fire"/>
	</Trigger>
	<Trigger type="age" ageInSeconds="25">
		<SpawnEntityAtSelf value="fire"/>
		</Trigger>
	<Trigger type="age" ageInSeconds="26">
		<SpawnEntityAtSelf value="fire"/>
	</Trigger>
	<Trigger type="age" ageInSeconds="27">
		<SpawnEntityAtSelf value="fire"/>
	</Trigger>
	<Trigger type="age" ageInSeconds="28">
		<SpawnEntityAtSelf value="fire"/>
	</Trigger>
	<Trigger type="age" ageInSeconds="29">
		<SpawnEntityAtSelf value="fire"/>
	</Trigger>
	<Trigger type="age" ageInSeconds="30">
		<SpawnEntityAtSelf value="fire"/>
	</Trigger>
	<Trigger type="age" ageInSeconds="31">
		<SpawnEntityAtSelf value="fire"/>
	</Trigger>
	<Trigger type="age" ageInSeconds="32">
		<SpawnEntityAtSelf value="fire"/>
	</Trigger>
	<Trigger type="age" ageInSeconds="33">
		<SpawnEntityAtSelf value="fire"/>
	</Trigger>
	<Trigger type="age" ageInSeconds="34">
		<SpawnEntityAtSelf value="fire"/>
	</Trigger>
	<Trigger type="age" ageInSeconds="35">
	<SpawnEntityAtSelf value="fire"/>
	</Trigger>
	<Trigger type="age" ageInSeconds="40">
	<ChangeToMap value="Final"/>
	</Trigger>
		</EntityType> 
		 

		<EntityType name="fire" flags="live" maxVelocity2D="7,0" facing="left" gravityInfluence="0.0">
		<Controller type="AI" strategy="Roam"/>
		<Appearance size="1.0,1.0">
			<BaseImage spriteSheet="dog" spriteCoords="3,18" />
		</Appearance>
			<Trigger type="startOverlapWithEntity" ifOtherHasFlags="Player">
			<DamageOther value="100"/>
		</Trigger>
		<Properties>
			<IfBlocked value="die"/>
		</Properties>
  </EntityType>

	
	<EntityType name="Playerlf" gravityInfluence="1.0" jumpHeightMultiplier="1.2" maxVelocity2D="5,5" flags="Player">
		<Controller type="Player1"/>
		<Appearance size="0.8,0.8">
			<BaseImage spriteSheet="custom" spriteCoords="0,3" tint="255,255,255"/>
			<HealthBar type="overheadWhenDamaged"/>
		</Appearance>
		<Trigger type="died">
			<SetLargeCenterText value="Game Over "/>
			<SetLargeCenterText2 value=" Press F12 to play again "/>
			<PlaySound value="Global/Audio/gong"/>
			<GameOver value="true"/>
		</Trigger>
		</EntityType>
	
	
	<EntityType name="Final" maxVelocity2D="1,1" flags="Enemy,Boss,BlockedByStars" fullHealth="5000">
		<Controller type="AI" strategy="Roam"/>
		<Properties>
			<IfBlocked value="turnLeft,turnRight,turnAround"/>
		</Properties>
		<Appearance size="1.95,1.95">
			<BaseImage spriteSheet="custom" spriteCoords="1,0"/>
			<HealthBar type="overheadWhenDamaged"/>
		</Appearance>
		<Trigger type="startOverlapWithEntity" ifOtherHasFlags="Player">
			<DamageOther value="100"/>
		</Trigger>
		<Trigger type="died">
				<FireEvent value="die"/>
			<PlaySound value="Global/Audio/eagle"/>
		</Trigger>
	</EntityType>
	
	
	    <EntityType name="countfb"  flags="icount" >
		<Appearance size="0.95,0.95">
			<BaseImage spriteSheet="custom" spriteCoords="2,0"  />
		</Appearance>
		<Trigger type="age" ageInSeconds="1">
			<DamageSelf value="49"/>
		</Trigger>
		<Trigger type="event" event="die" >
			<DamageSelf value="1"/>
		</Trigger>
		<Trigger type="died">
		<ChangeToMap value="victory"/>
		</Trigger>
	</EntityType>  
	
	
		<EntityType name="mrdfb">
	<Trigger type="age" ageInSeconds="1">
				<SetWorldText0 value="Oh no you have to kill the final boss"/>
		<SetWorldText0Position value="7,6"/>
		<SetWorldText0Color value="255,255,255"/>
		<SetWorldText0ShadowColor value="0,0,0"/>
		<SetWorldText0Height value="0.5"/>
		<SetWorldText0Alignment value="center"/>
				<SetWorldText1 value="and his minions!"/>
		<SetWorldText1Position value="7,7"/>
		<SetWorldText1Color value="255,255,255"/>
		<SetWorldText1ShadowColor value="0,0,0"/>
		<SetWorldText1Height value="0.5"/>
		<SetWorldText1Alignment value="center"/>
				<SetWorldText2 value="Use the arrow keys to move and space bar to shoot!"/>
		<SetWorldText2Position value="7,8"/>
		<SetWorldText2Color value="255,255,255"/>
		<SetWorldText2ShadowColor value="0,0,0"/>
		<SetWorldText2Height value="0.5"/>
		<SetWorldText2Alignment value="center"/>
						<SetWorldText3 value="Press c to change your ship color and x to go back a color good luck"/>
		<SetWorldText3Position value="7,9"/>
		<SetWorldText3Color value="255,255,255"/>
		<SetWorldText3ShadowColor value="0,0,0"/>
		<SetWorldText3Height value="0.5"/>
		<SetWorldText3Alignment value="center"/>		
	</Trigger>
	<Trigger type="age" ageInSeconds="10">
		<SpawnEntityAtSelf value="Player"/>
		<SetWorldText0 value=""/>
		<SetWorldText1 value=""/>
		<SetWorldText2 value=""/>
		<SetWorldText3 value=""/>
	</Trigger>
		</EntityType>  
		
	
	
	<EntityType name="fbs">
	<Trigger type="age" ageInSeconds="10">
	<SpawnEntityAtSelf value="Final"/>
	</Trigger>
		</EntityType>  


		<EntityType name="mrdw">
	<Trigger type="age" ageInSeconds="1">
				<SetWorldText0 value="You saved your planet"/>
		<SetWorldText0Position value="7,6"/>
		<SetWorldText0Color value="255,255,255"/>
		<SetWorldText0ShadowColor value="0,0,0"/>
		<SetWorldText0Height value="0.5"/>
		<SetWorldText0Alignment value="center"/>
				<SetWorldText1 value="Press f12 to play again"/>
		<SetWorldText1Position value="7,7"/>
		<SetWorldText1Color value="255,255,255"/>
		<SetWorldText1ShadowColor value="0,0,0"/>
		<SetWorldText1Height value="0.5"/>
		<SetWorldText1Alignment value="center"/>
				<SetWorldText2 value="Good job YOU WIN!!!!"/>
		<SetWorldText2Position value="7,8"/>
		<SetWorldText2Color value="255,255,255"/>
		<SetWorldText2ShadowColor value="0,0,0"/>
		<SetWorldText2Height value="0.5"/>
		<SetWorldText2Alignment value="center"/>
				<SetWorldText3 value=": ) : ) : ) : )"/>
		<SetWorldText3Position value="7,9"/>
		<SetWorldText3Color value="255,255,255"/>
		<SetWorldText3ShadowColor value="0,0,0"/>
		<SetWorldText3Height value="0.5"/>
		<SetWorldText3Alignment value="center"/>		
	</Trigger>
	</EntityType>		
		
	
    
    
		</EntityTypes>
	
		