<?xml version="1.0" encoding="utf-8"?>

<Game officialName="Planet Defender" author="Jason Bodzy">

	<GameLoadScript>
		<Execute>Map Forest</Execute>
	</GameLoadScript>

	<Players>
		<Player1>
      <Controls>
              <Control key="j" action="hold" command="Jump"/>
         <Control key="l" action="press" command="FireEvent" commandOptions="land"/>
        <Control key="r" action="press" command="FireEvent" commandOptions="rules"/>
         <Control key="c" action="press" command="FireEvent" commandOptions="change"/>
          <Control key="x" action="press" command="FireEvent" commandOptions="back"/>
        <Control key="leftArrow" action="hold" command="MoveLeft"/>
        <Control key="rightArrow" action="hold" command="MoveRight"/>
        <Control key="upArrow" action="hold" command="MoveUp"/>
          <Control key="downArrow" action="hold" command="MoveDown"/>
		<Control key="space" action="press" command="FireEvent" commandOptions="shoot"/>
      </Controls>
     </Player1>
	</Players>
	
</Game>
