﻿<?xml version="1.0" encoding="utf-8"?>
<TileMaterials>


	<TileMaterial name="none">
		<BaseImage spriteSheet="custom" spriteCoords="2,0"/>
	</TileMaterial>
	
	
	
	<TileMaterial name="floor">
		<BaseImage spriteSheet="dog" spriteCoords="13,13"/>
	</TileMaterial>

	<TileMaterial name="star">
		<BaseImage spriteSheet="custom" spriteCoords="0,2"/>
		<Properties>
			<BlocksAllEntities value="false"/>
			<BlocksEntitiesWithFlags value="BlockedByStars"/>
		</Properties>
	</TileMaterial>




	<TileMaterial name="block">
		<BaseImage spriteSheet="new" spriteCoords="0,0"/>
		<Properties>
			<BlocksAllEntities value="false"/>
			<BlocksEntitiesWithFlags value="Player"/>
		</Properties>
	</TileMaterial>


</TileMaterials>
