﻿<?xml version="1.0" encoding="utf-8"?>
<Map view="top" maximumCoordinates="15,11" numberOfTilesInViewVertically="12" backgroundTint="10,10,40">

	<TilesInThisMap>
		<!-- This is the left wall -->
		<Tile position="0,0" tileMaterial="Cobblestone"/>
		<Tile position="0,1" tileMaterial="Cobblestone"/>
		<Tile position="0,2" tileMaterial="Cobblestone"/>
		<Tile position="0,3" tileMaterial="Cobblestone"/>
		<Tile position="0,4" tileMaterial="Cobblestone"/>
		<Tile position="0,5" tileMaterial="Cobblestone"/>
		<Tile position="0,6" tileMaterial="Cobblestone"/>
		<Tile position="0,7" tileMaterial="Cobblestone"/>
		<Tile position="0,8" tileMaterial="Cobblestone"/>
		<Tile position="0,9" tileMaterial="Cobblestone"/>
		<Tile position="0,10" tileMaterial="Cobblestone"/>
		<Tile position="0,11" tileMaterial="Cobblestone"/>

		<!-- This is the right wall -->
		<Tile position="15,0" tileMaterial="Cobblestone"/>
		<Tile position="15,1" tileMaterial="Cobblestone"/>
		<Tile position="15,2" tileMaterial="Cobblestone"/>
		<Tile position="15,3" tileMaterial="Cobblestone"/>
		<Tile position="15,4" tileMaterial="Cobblestone"/>
		<Tile position="15,5" tileMaterial="Cobblestone"/>
		<Tile position="15,6" tileMaterial="Cobblestone"/>
		<Tile position="15,7" tileMaterial="Cobblestone"/>
		<Tile position="15,8" tileMaterial="Cobblestone"/>
		<Tile position="15,9" tileMaterial="Cobblestone"/>
		<Tile position="15,10" tileMaterial="Cobblestone"/>
		<Tile position="15,11" tileMaterial="Cobblestone"/>

		<!-- This is the top wall -->
		<Tile position="1,0" tileMaterial="Cobblestone"/>
		<Tile position="2,0" tileMaterial="Cobblestone"/>
		<Tile position="3,0" tileMaterial="Cobblestone"/>
		<Tile position="4,0" tileMaterial="Cobblestone"/>
		<Tile position="5,0" tileMaterial="Cobblestone"/>
		<Tile position="6,0" tileMaterial="Cobblestone"/>
		<Tile position="7,0" tileMaterial="Cobblestone"/>
		<Tile position="8,0" tileMaterial="Cobblestone"/>
		<Tile position="9,0" tileMaterial="Cobblestone"/>
		<Tile position="10,0" tileMaterial="Cobblestone"/>
		<Tile position="11,0" tileMaterial="Cobblestone"/>
		<Tile position="12,0" tileMaterial="Cobblestone"/>
		<Tile position="13,0" tileMaterial="Cobblestone"/>
		<Tile position="14,0" tileMaterial="Cobblestone"/>

		<!-- This is the bottom wall -->
		<Tile position="1,11" tileMaterial="Cobblestone"/>
		<Tile position="2,11" tileMaterial="Cobblestone"/>
		<Tile position="3,11" tileMaterial="Cobblestone"/>
		<Tile position="4,11" tileMaterial="Cobblestone"/>
		<Tile position="5,11" tileMaterial="Cobblestone"/>
		<Tile position="6,11" tileMaterial="Cobblestone"/>
		<Tile position="7,11" tileMaterial="Cobblestone"/>
		<Tile position="8,11" tileMaterial="Cobblestone"/>
		<Tile position="9,11" tileMaterial="Cobblestone"/>
		<Tile position="10,11" tileMaterial="Cobblestone"/>
		<Tile position="11,11" tileMaterial="Cobblestone"/>
		<Tile position="12,11" tileMaterial="Cobblestone"/>
		<Tile position="13,11" tileMaterial="Cobblestone"/>
		<Tile position="14,11" tileMaterial="Cobblestone"/>

		<Tile position="5,7" tileMaterial="Water"/>
		<Tile position="6,7" tileMaterial="Water"/>
		<Tile position="7,7" tileMaterial="Water"/>
		
		<Tile position="10,4" tileMaterial="Cobblestone"/>
		<Tile position="10,5" tileMaterial="Cobblestone"/>
		<Tile position="10,6" tileMaterial="Cobblestone"/>
		<Tile position="10,7" tileMaterial="Cobblestone"/>
		<Tile position="10,8" tileMaterial="Cobblestone"/>
		<Tile position="10,9" tileMaterial="Cobblestone"/>

		<Tile position="2,6" tileMaterial="Lava"/>
		<Tile position="2,7" tileMaterial="Lava"/>
		<Tile position="2,8" tileMaterial="Lava"/>
		
		<Tile position="3,3" tileMaterial="LockedDoorRed"/>
		<Tile position="5,3" tileMaterial="LockedDoorGreen"/>

		<Tile position="13,1" tileMaterial="glassOverStoneFloor"/>
		<Tile position="13,2" tileMaterial="glassOverStoneFloor"/>
		<Tile position="14,1" tileMaterial="glassOverStoneFloor"/>
		<Tile position="14,2" tileMaterial="glassOverStoneFloor"/>
		<Tile position="12,1" tileMaterial="grateOverStoneFloor"/>
		<Tile position="12,2" tileMaterial="grateOverStoneFloor"/>
		<Tile position="12,3" tileMaterial="grateOverStoneFloor"/>
		<Tile position="13,3" tileMaterial="grateOverStoneFloor"/>
		<Tile position="14,3" tileMaterial="grateOverStoneFloor"/>
		<Tile position="11,1" tileMaterial="stoneFloor"/>
		<Tile position="11,2" tileMaterial="stoneFloor"/>
		<Tile position="11,3" tileMaterial="stoneFloor"/>
		<Tile position="11,4" tileMaterial="stoneFloor"/>
		<Tile position="12,4" tileMaterial="stoneFloor"/>
		<Tile position="13,4" tileMaterial="stoneFloor"/>
		<Tile position="14,4" tileMaterial="stoneFloor"/>
		<Tile position="11,5" tileMaterial="stoneFloor"/>
		<Tile position="12,5" tileMaterial="stoneFloor"/>
		<Tile position="13,5" tileMaterial="stoneFloor"/>
		<Tile position="14,5" tileMaterial="stoneFloor"/>
		<Tile position="11,6" tileMaterial="stoneFloor"/>
		<Tile position="12,6" tileMaterial="stoneFloor"/>
		<Tile position="13,6" tileMaterial="stoneFloor"/>
		<Tile position="14,6" tileMaterial="stoneFloor"/>
		<Tile position="11,7" tileMaterial="stoneFloor"/>
		<Tile position="12,7" tileMaterial="stoneFloor"/>
		<Tile position="13,7" tileMaterial="stoneFloor"/>
		<Tile position="14,7" tileMaterial="stoneFloor"/>
		<Tile position="11,8" tileMaterial="stoneFloor"/>
		<Tile position="12,8" tileMaterial="stoneFloor"/>
		<Tile position="13,8" tileMaterial="stoneFloor"/>
		<Tile position="14,8" tileMaterial="stoneFloor"/>
		<Tile position="11,9" tileMaterial="stoneFloor"/>
		<Tile position="12,9" tileMaterial="stoneFloor"/>
		<Tile position="13,9" tileMaterial="stoneFloor"/>
		<Tile position="14,9" tileMaterial="stoneFloor"/>
		<Tile position="11,10" tileMaterial="stoneFloor"/>
		<Tile position="12,10" tileMaterial="stoneFloor"/>
		<Tile position="13,10" tileMaterial="stoneFloor"/>
		<Tile position="14,10" tileMaterial="stoneFloor"/>
		<Tile position="10,1" tileMaterial="pipeOverStoneFloor"/>
		<Tile position="10,2" tileMaterial="pipeOverStoneFloor"/>
		<Tile position="10,3" tileMaterial="pipeOverStoneFloor"/>
		<Tile position="10,10" tileMaterial="FinalDoor"/>
		</TilesInThisMap>


	<CommandsOnLoad>
	</CommandsOnLoad>


	<EntitiesInThisMap>
		<Entity center="7,2" entityType="Hero"/>
		<Entity center="8,6" entityType="SkeletonWithGreenKey"/>
		<Entity center="5,9" entityType="WarriorUpAndDown"/>
		<Entity center="6,9" entityType="WarriorUpAndDown"/>
		<Entity center="7,9" entityType="WarriorUpAndDown"/>
		<Entity center="11,5" entityType="CrusherLeftAndRight"/>
		<Entity center="12,6" entityType="CrusherLeftAndRight"/>
		<Entity center="13,7" entityType="CrusherLeftAndRight"/>
		<Entity center="14,8" entityType="CrusherLeftAndRight"/>

		<Entity center="4,5" entityType="RedKey"/>
		
		<Entity center="1,1" entityType="MainRoomDirector"/>
		<Entity center="1,1" entityType="MonsterCounter"/>
	</EntitiesInThisMap>

</Map>
