﻿<?xml version="1.0" encoding="utf-8"?>
<Map maximumCoordinates="30,20" numberOfTilesInViewVertically="24" officialName="Side View Test Map #1" view="side" backgroundTint="0,0,100">
	<Tiles>
		<Tile position="0,0" tileMaterial="cloud"/>
		<Tile position="3,0" tileMaterial="cloud"/>
		<Tile position="4,0" tileMaterial="cloud"/>
		<Tile position="7,0" tileMaterial="cloud"/>
		<Tile position="9,0" tileMaterial="cloud"/>
		<Tile position="0,7" tileMaterial="grass_side"/>
		<Tile position="1,7" tileMaterial="grass_side"/>
		<Tile position="2,7" tileMaterial="grass_side"/>
		<Tile position="3,7" tileMaterial="grass_side"/>
		<Tile position="4,7" tileMaterial="grass_side"/>
		<Tile position="5,7" tileMaterial="stone"/>

		<Tile position="7,7" tileMaterial="stone"/>
		<Tile position="8,7" tileMaterial="grass_side"/>
		<Tile position="9,7" tileMaterial="grass_side"/>
		<Tile position="10,7" tileMaterial="stone"/>

		<Tile position="13,7" tileMaterial="stone"/>
		<Tile position="14,7" tileMaterial="grass_side"/>
		<Tile position="15,7" tileMaterial="grass_side"/>
		<Tile position="16,7" tileMaterial="stone"/>

		<Tile position="20,7" tileMaterial="stone"/>
		<Tile position="21,7" tileMaterial="grass_side"/>
		<Tile position="22,7" tileMaterial="grass_side"/>
		<Tile position="23,7" tileMaterial="stone"/>

		<Tile position="27,7" tileMaterial="ladder"/>
		<Tile position="27,8" tileMaterial="ladder"/>
		<Tile position="27,9" tileMaterial="ladder"/>
		<Tile position="27,10" tileMaterial="ladder"/>
		<Tile position="27,11" tileMaterial="ladder"/>
		<Tile position="27,12" tileMaterial="ladder"/>
		<Tile position="27,13" tileMaterial="ladder"/>
		<Tile position="27,14" tileMaterial="ladder"/>
		<Tile position="27,15" tileMaterial="ladder"/>
		<Tile position="27,16" tileMaterial="ladder"/>
		<Tile position="27,17" tileMaterial="ladder"/>
		<Tile position="27,18" tileMaterial="ladder"/>
		<Tile position="27,19" tileMaterial="ladder"/>
		<Tile position="27,20" tileMaterial="ladder"/>

		<Tile position="28,7" tileMaterial="stone"/>
		<Tile position="29,7" tileMaterial="grass_side"/>
		<Tile position="30,7" tileMaterial="grass_side"/>

		<Tile position="0,8" tileMaterial="dirt"/>
		<Tile position="1,8" tileMaterial="dirt"/>
		<Tile position="2,8" tileMaterial="dirt"/>
		<Tile position="3,8" tileMaterial="dirt"/>
		<Tile position="4,8" tileMaterial="dirt"/>
		<Tile position="5,8" tileMaterial="dirt"/>
		<Tile position="6,8" tileMaterial="dirt"/>
		<Tile position="7,8" tileMaterial="dirt"/>
		<Tile position="8,8" tileMaterial="dirt"/>
		<Tile position="9,8" tileMaterial="dirt"/>

		<Tile position="0,5" tileMaterial="stone"/>
		<Tile position="0,6" tileMaterial="stone"/>
		<Tile position="1,5" tileMaterial="stone"/>
		<Tile position="1,6" tileMaterial="brick_wall_behind"/>
		<Tile position="2,5" tileMaterial="stone"/>
		<Tile position="2,6" tileMaterial="door"/>

		<Tile position="20,20" tileMaterial="grass_side"/>
		<Tile position="21,19" tileMaterial="grass_side"/>
		<Tile position="22,18" tileMaterial="grass_side"/>
		<Tile position="23,17" tileMaterial="grass_side"/>
		<Tile position="24,16" tileMaterial="grass_side"/>
		<Tile position="25,15" tileMaterial="grass_side"/>
		<Tile position="21,20" tileMaterial="dirt"/>
		<Tile position="22,19" tileMaterial="dirt"/>
		<Tile position="23,18" tileMaterial="dirt"/>
		<Tile position="24,17" tileMaterial="dirt"/>
		<Tile position="25,16" tileMaterial="dirt"/>

		<Tile position="16,20" tileMaterial="stone"/>
		<Tile position="15,20" tileMaterial="grass_side"/>
		<Tile position="14,19" tileMaterial="stone"/>
		<Tile position="14,20" tileMaterial="dirt"/>
		<Tile position="13,19" tileMaterial="grass_side"/>
		<Tile position="12,18" tileMaterial="stone"/>
		<Tile position="12,19" tileMaterial="dirt"/>
		<Tile position="11,18" tileMaterial="grass_side"/>
		<Tile position="10,18" tileMaterial="grass_side"/>
		<Tile position="9,17" tileMaterial="stone"/>
		<Tile position="9,18" tileMaterial="dirt"/>
		<Tile position="8,17" tileMaterial="grass_side"/>
		<Tile position="7,17" tileMaterial="grass_side"/>
		<Tile position="6,16" tileMaterial="stone"/>
		<Tile position="6,17" tileMaterial="dirt"/>
		<Tile position="5,16" tileMaterial="grass_side"/>
		<Tile position="4,16" tileMaterial="grass_side"/>
		<Tile position="3,16" tileMaterial="grass_side"/>
		<Tile position="2,15" tileMaterial="stone"/>
		<Tile position="2,16" tileMaterial="dirt"/>

		<Tile position="15,16" tileMaterial="stone"/>
		<Tile position="17,14" tileMaterial="stone"/>
		<Tile position="19,12" tileMaterial="stone"/>
		<Tile position="21,9" tileMaterial="stone"/>
	</Tiles>

	<Entities>
		<Entity center="3,3" entityType="Mario"/>
		<Entity center="22,3" entityType="Peach"/>
		
		<Entity center="8,3" entityType="Giant Goblin"/>
		<Entity center="12,3" entityType="Confused Goblin"/>
		<Entity center="16,3" entityType="Confused Goblin"/>
		<Entity center="18,3" entityType="Confused Goblin"/>
		<Entity center="14,3" entityType="Goblin Guard"/>
		<Entity center="17,3" entityType="Goblin Guard"/>
		<Entity center="21,3" entityType="Goblin Guard"/>
	</Entities>
</Map>
