﻿<?xml version="1.0" encoding="utf-8"?>
<Map view="top" maximumCoordinates="15,11" numberOfTilesInViewVertically="12" backgroundTint="10,10,40">

	<TilesInThisMap>
		<!-- This is the left wall -->
		<Tile position="0,0" tileMaterial="Cobblestone"/>
		<Tile position="0,1" tileMaterial="Cobblestone"/>
		<Tile position="0,2" tileMaterial="Cobblestone"/>
		<Tile position="0,3" tileMaterial="Cobblestone"/>
		<Tile position="0,4" tileMaterial="Cobblestone"/>
		<Tile position="0,5" tileMaterial="Cobblestone"/>
		<Tile position="0,6" tileMaterial="Cobblestone"/>
		<Tile position="0,7" tileMaterial="Cobblestone"/>
		<Tile position="0,8" tileMaterial="Cobblestone"/>
		<Tile position="0,9" tileMaterial="Cobblestone"/>
		<Tile position="0,10" tileMaterial="Cobblestone"/>
		<Tile position="0,11" tileMaterial="Cobblestone"/>

		<!-- This is the right wall -->
		<Tile position="15,0" tileMaterial="Cobblestone"/>
		<Tile position="15,1" tileMaterial="Cobblestone"/>
		<Tile position="15,2" tileMaterial="Cobblestone"/>
		<Tile position="15,3" tileMaterial="Cobblestone"/>
		<Tile position="15,4" tileMaterial="Cobblestone"/>
		<Tile position="15,5" tileMaterial="Cobblestone"/>
		<Tile position="15,6" tileMaterial="Cobblestone"/>
		<Tile position="15,7" tileMaterial="Cobblestone"/>
		<Tile position="15,8" tileMaterial="Cobblestone"/>
		<Tile position="15,9" tileMaterial="Cobblestone"/>
		<Tile position="15,10" tileMaterial="Cobblestone"/>
		<Tile position="15,11" tileMaterial="Cobblestone"/>

		<!-- This is the top wall -->
		<Tile position="1,0" tileMaterial="Cobblestone"/>
		<Tile position="2,0" tileMaterial="Cobblestone"/>
		<Tile position="3,0" tileMaterial="Cobblestone"/>
		<Tile position="4,0" tileMaterial="Cobblestone"/>
		<Tile position="5,0" tileMaterial="Cobblestone"/>
		<Tile position="6,0" tileMaterial="Cobblestone"/>
		<Tile position="7,0" tileMaterial="Cobblestone"/>
		<Tile position="8,0" tileMaterial="Cobblestone"/>
		<Tile position="9,0" tileMaterial="Cobblestone"/>
		<Tile position="10,0" tileMaterial="Cobblestone"/>
		<Tile position="11,0" tileMaterial="Cobblestone"/>
		<Tile position="12,0" tileMaterial="Cobblestone"/>
		<Tile position="13,0" tileMaterial="Cobblestone"/>
		<Tile position="14,0" tileMaterial="Cobblestone"/>

		<!-- This is the bottom wall -->
		<Tile position="1,11" tileMaterial="Cobblestone"/>
		<Tile position="2,11" tileMaterial="Cobblestone"/>
		<Tile position="3,11" tileMaterial="Cobblestone"/>
		<Tile position="4,11" tileMaterial="Cobblestone"/>
		<Tile position="5,11" tileMaterial="Cobblestone"/>
		<Tile position="6,11" tileMaterial="Cobblestone"/>
		<Tile position="7,11" tileMaterial="Cobblestone"/>
		<Tile position="8,11" tileMaterial="Cobblestone"/>
		<Tile position="9,11" tileMaterial="Cobblestone"/>
		<Tile position="10,11" tileMaterial="Cobblestone"/>
		<Tile position="11,11" tileMaterial="Cobblestone"/>
		<Tile position="12,11" tileMaterial="Cobblestone"/>
		<Tile position="13,11" tileMaterial="Cobblestone"/>
		<Tile position="14,11" tileMaterial="Cobblestone"/>

		<Tile position="8,8" tileMaterial="Water"/>
		<Tile position="10,5" tileMaterial="Lava"/>
		
		<Tile position="3,3" tileMaterial="LockedDoorRed"/>
		<Tile position="5,3" tileMaterial="LockedDoorGreen"/>
		</TilesInThisMap>


	<CommandsOnLoad>
	</CommandsOnLoad>


	<EntitiesInThisMap>
		<Entity center="7,2" entityType="Hero"/>

		<Entity center="5,5" entityType="RedKey"/>
		<Entity center="3,5" entityType="SkeletonWithGreenKey"/>

		<Entity center="1,1" entityType="MainRoomDirector"/>
	</EntitiesInThisMap>

</Map>
