﻿<?xml version="1.0" encoding="utf-8"?>
<EntityTypes>

	<EntityType name="PacMan" maxVelocity2D="4,4" flags="Player">
		<Controller type="Player1"/>
		<Trigger type="event" event="shoot" ifIHaveFlags="PoweredUp">
			<SpawnEntityAtSelf value="Bullet"/>
		</Trigger>
		<Trigger type="startOverlapWithEntity" ifOtherHasFlags="EnemyGhost,!Scared">
			<DamageSelf value="100"/>
		</Trigger>
		<Trigger type="startOverlapWithEntity" ifOtherHasFlags="EnemyGhost,Scared">
			<DamageOther value="100"/>
			<FireEvent value="PlayerAteGhost"/>
			<SetFlagsOnSelf value="!PoweredUp"/>
		</Trigger>
		<Trigger type="event" event="PlayerAtePowerPellet">
			<ChangeBaseSpriteTint value="150,255,150"/>
		</Trigger>
		<Trigger type="died">
			<PlaySound value="Global/Audio/reward"/>
			<SetLargeCenterText value="Game Over"/>
			<SetLargeCenterText2 value="You are a shame amongst your family!"/>
			<GameOver value="true"/>
		</Trigger>
		<Appearance size="0.60,0.60">
			<BaseImage spriteSheet="basics" spriteCoords="29,12" tint="255,255,255"/>
			<OverlayImage spriteSheet="basics" spriteCoords="9,24" tint="255,255,255"/>
		</Appearance>
	</EntityType>

	<EntityType name="Food">
		<Trigger type="startOverlapWithEntity" ifOtherHasFlags="Player">
			<DamageSelf value="100"/>
			<PlaySound value="Global/Audio/click"/>
			<FireEvent value="PlayerAteFood"/>
		</Trigger>
		<Properties>
			<IfBlocked value="turnLeft,turnRight"/>
		</Properties>
		<Appearance size="0.20,0.20">
			<BaseImage spriteSheet="basics" spriteCoords="30,0" tint="255,200,150"/>
		</Appearance>
	</EntityType>

	<EntityType name="PowerPellet" flags="PowerPellet">
		<Trigger type="startOverlapWithEntity" ifOtherHasFlags="Player">
			<DamageSelf value="100"/>
			<PlaySound value="Global/Audio/click"/>
			<SetFlagsOnOther value="PoweredUp"/>
			<FireEvent value="PlayerAtePowerPellet"/>
		</Trigger>
		<Properties>
			<IfBlocked value="turnLeft,turnRight"/>
		</Properties>
		<Appearance size="0.70,0.70">
			<BaseImage spriteSheet="basics" spriteCoords="21,1" tint="255,255,255"/>
		</Appearance>
	</EntityType>

	<EntityType name="Blinky" maxVelocity2D="4,4" flags="EnemyGhost,HasKey">
		<Controller type="AI" strategy="Roam"/>
		<Trigger type="event" event="PlayerAtePowerPellet">
			<SetFlagsOnSelf value="Scared"/>
		</Trigger>
		<Trigger type="event" event="PlayerAteGhost">
			<SetFlagsOnSelf value="!Scared"/>
		</Trigger>
		<Properties>
			<IfBlocked value="turnLeft,turnRight"/>
		</Properties>
		<Appearance size="0.95,0.95">
			<BaseImage spriteSheet="basics" spriteCoords="12,8" tint="255,0,0"/>
		</Appearance>
	</EntityType>

	<EntityType name="Pinky" maxVelocity2D="5,5" flags="EnemyGhost,HasKey">
	    <Controller type="AI" strategy="Roam"/>
		<Trigger type="event" event="PlayerAtePowerPellet">
			<SetFlagsOnSelf value="Scared"/>
		</Trigger>
		<Trigger type="event" event="PlayerAteGhost">
			<SetFlagsOnSelf value="!Scared"/>
		</Trigger>
		<Properties>
			<IfBlocked value="turnLeft,turnRight"/>
		</Properties>
		<Appearance size="0.95,0.95">
			<BaseImage spriteSheet="basics" spriteCoords="12,8" tint="255,180,200"/>
		</Appearance>
	</EntityType>

	<EntityType name="Inky" maxVelocity2D="3,3" flags="EnemyGhost,HasKey">
		<Controller type="AI" strategy="Roam"/>
		<Trigger type="event" event="PlayerAtePowerPellet">
			<SetFlagsOnSelf value="Scared"/>
		</Trigger>
		<Trigger type="event" event="PlayerAteGhost">
			<SetFlagsOnSelf value="!Scared"/>
		</Trigger>
		<Properties>
			<IfBlocked value="turnLeft,turnRight"/>
		</Properties>
		<Appearance size="0.95,0.95">
			<BaseImage spriteSheet="basics" spriteCoords="12,8" tint="180,190,255"/>
		</Appearance>
	</EntityType>

	<EntityType name="Clyde" maxVelocity2D="2,2" flags="EnemyGhost,HasKey">
		<Controller type="AI" strategy="Roam"/>
		<Trigger type="event" event="PlayerAtePowerPellet">
			<SetFlagsOnSelf value="Scared"/>
		</Trigger>
		<Trigger type="event" event="PlayerAteGhost">
			<SetFlagsOnSelf value="!Scared"/>
		</Trigger>
		<Properties>
			<IfBlocked value="turnLeft,turnRight"/>
		</Properties>
		<Appearance size="0.95,0.95">
			<BaseImage spriteSheet="basics" spriteCoords="12,8" tint="255,120,0"/>
		</Appearance>
	</EntityType>
	
		<EntityType name="Clinky" maxVelocity2D="1,1" flags="EnemyGhost,HasKey">
		<Controller type="AI" strategy="Roam"/>
		<Trigger type="event" event="PlayerAtePowerPellet">
			<SetFlagsOnSelf value="Scared"/>
		</Trigger>
		<Trigger type="event" event="PlayerAteGhost">
			<SetFlagsOnSelf value="!Scared"/>
		</Trigger>
		<Properties>
			<IfBlocked value="turnLeft,turnRight"/>
		</Properties>
		<Appearance size="0.95,0.95">
			<BaseImage spriteSheet="basics" spriteCoords="12,8" tint="150,0,150"/>
		</Appearance>
	</EntityType>

	<EntityType name="MasterKey">
		<Trigger type="startOverlapWithEntity" ifOtherHasFlags="Player">
			<DamageSelf value="100"/>
			<PlaySound value="Global/Audio/click"/>
			<SetFlagsOnOther value="HasKey"/>
		</Trigger>
		<Properties>
			<IfBlocked value="turnLeft,turnRight"/>
		</Properties>
		<Appearance size="0.70,0.70">
			<BaseImage spriteSheet="basics" spriteCoords="12,27" tint="200,200,200"/>
		</Appearance>
	</EntityType>

	<EntityType name="Bullet" maxVelocity2D="10,10" flags="Projectile">
		<Controller type="AI" strategy="Roam"/>
		<Trigger type="startOverlapWithEntity" ifOtherHasFlags="!Player,!Projectile">
			<DamageOther value="100"/>
			<DamageSelf value="100"/>
		</Trigger>
		<Properties>
			<IfBlocked value="die"/>
		</Properties>
		<Appearance size="0.20,0.20">
			<BaseImage spriteSheet="basics" spriteCoords="21,2" tint="255,255,255"/>
		</Appearance>
	</EntityType>

	<EntityType name="TeleporterDestination1">
	</EntityType>
	
	<EntityType name="TeleporterDestination2">
	</EntityType>





</EntityTypes>
