﻿<?xml version="1.0" encoding="utf-8"?>
<TileMaterials>

	<TileMaterial name="grass_side">
		<BaseImage spriteSheet="basics" spriteCoords="3,0"/>
	</TileMaterial>

	<TileMaterial name="dirt">
		<BaseImage spriteSheet="basics" spriteCoords="2,0"/>
	</TileMaterial>

	<TileMaterial name="stone">
		<BaseImage spriteSheet="basics" spriteCoords="13,16"/>
	</TileMaterial>

	<TileMaterial name="water">
		<BaseImage spriteSheet="basics" spriteCoords="13,12"/>
	</TileMaterial>

	<TileMaterial name="cloud">
		<BaseImage spriteSheet="basics" spriteCoords="30,0"/>
	</TileMaterial>
	
		<TileMaterial name="heat">
		<BaseImage spriteSheet="basics" spriteCoords="15,14"/>
	</TileMaterial>

	<TileMaterial name="door">
		<BaseImage spriteSheet="basics" spriteCoords="27,2"/>
		<Properties>
			<BlocksAllEntities value="false"/>
			<BlocksEntitiesWithFlags value="Player"/>
		</Properties>
	</TileMaterial>

	<TileMaterial name="lockedDoor">
		<BaseImage spriteSheet="basics" spriteCoords="28,2" tint="255,80,255"/>
		<Properties>
			<BlocksAllEntities value="false"/>
			<BlocksEntitiesWithFlags value="!HasKey"/>
		</Properties>
	</TileMaterial>

	<TileMaterial name="lava">
		<BaseImage spriteSheet="basics" spriteCoords="13,14" tint="255,80,255"/>
		<Properties>
			<BlocksAllEntities value="false"/>
		</Properties>
		<Trigger type="startOverlapWithEntity">
			<DamageOther value="100"/>
			<PlaySound value="Global/Audio/reward"/>
		</Trigger>
	</TileMaterial>

	
	
	
	
	<TileMaterial name="Teleporter1">
		<BaseImage spriteSheet="basics" spriteCoords="9,0"/>
		<Properties>
			<BlocksAllEntities value="false"/>
		</Properties>
		<Trigger type="startOverlapWithEntity">
			<ChangeBaseSpriteCoords value="9,0"/>
			<TeleportOther value="Level1:TeleporterDestination1"/>
		</Trigger>
	</TileMaterial>

	
	
	
	
	
	
	
	<TileMaterial name="Teleporter2">
		<BaseImage spriteSheet="basics" spriteCoords="9,0"/>
		<Properties>
			<BlocksAllEntities value="false"/>
		</Properties>
		<Trigger type="startOverlapWithEntity">
			<TeleportOther value="Level1:TeleporterDestination2"/>
		</Trigger>
	</TileMaterial>

	
	
	
	
	
	
	<TileMaterial name="TeleporterToNextLevel">
		<BaseImage spriteSheet="basics" spriteCoords="9,6"/>
		<Properties>
			<BlocksAllEntities value="false"/>
		</Properties>
		<Trigger type="startOverlapWithEntity" ifOtherHasFlags="Player">
			<TeleportOther value="Level2:Start"/>
		</Trigger>
	</TileMaterial>

		<TileMaterial name="TeleporterToPie">
		<BaseImage spriteSheet="basics" spriteCoords="9,6"/>
		<Properties>
			<BlocksAllEntities value="false"/>
		</Properties>
		<Trigger type="startOverlapWithEntity" ifOtherHasFlags="Player">
			<TeleportOther value="Level3:Start"/>
		</Trigger>
	</TileMaterial>

		<TileMaterial name="TeleporterToDisco">
		<BaseImage spriteSheet="basics" spriteCoords="9,6"/>
		<Properties>
			<BlocksAllEntities value="false"/>
		</Properties>
		<Trigger type="startOverlapWithEntity" ifOtherHasFlags="Player">
			<TeleportOther value="Level4:Start"/>
		</Trigger>
	</TileMaterial>
	
	
	
	
	
	
	
	<TileMaterial name="art_skull">
		<BaseImage spriteSheet="basics" spriteCoords="0,16"/>
	</TileMaterial>

</TileMaterials>
