﻿<?xml version="1.0" encoding="utf-8"?>


<EntityTypes>



	<EntityType name="Mario" gravityInfluence="1.0" jumpHeightMultiplier="1.0" maxVelocity2D="4,3" flags="Player">
		<Controller type="Player1"/>
		<Appearance size="0.8,0.8">
			<BaseImage spriteSheet="basics" spriteCoords="25,12" tint="255,255,255"/>
			<HealthBar type="overheadWhenDamaged"/>
		</Appearance>
		<Trigger type="died">
			<SetLargeCenterText value="Game Over "/>
			<SetLargeCenterText2 value=" Press F12 to play again "/>
			<PlaySound value="Global/Audio/gong"/>
			<GameOver value="true"/>
		</Trigger>
		<Trigger type="event" event="shoot" ifIHaveFlags="HasFlower">
			<SpawnEntityAtSelf value="FireBullet"/>
		</Trigger>
	</EntityType>



<EntityType name="koopa" flags="Koopa"> 
		<Controller type="AI" strategy="Roam"/>
		<Appearance size=".7,.7">
			<BaseImage spriteSheet="basics" spriteCoords="23,15" tint="150,255,150"/>
		</Appearance>
				<Trigger type="startOverlapWithEntity" ifOtherHasFlags="Player">
			<PlaySound value="Global/Audio/click"/>
			<DamageSelf value="100"/>
		</Trigger>
		<Trigger type="died">
			<SpawnEntityAtSelf value="shell"/>
		</Trigger>
	</EntityType>

	<EntityType name="star" gravityInfluence="0.0">
		<Appearance size=".7,.7">
			<BaseImage spriteSheet="basics" spriteCoords="9,6"/>
		</Appearance>
		<Trigger type="startOverlapWithEntity" ifOtherHasFlags="Player">
			<PlaySound value="Global/Audio/click"/>
			<DamageSelf value="100"/>
		</Trigger>
	</EntityType>

<EntityType name="flyingkoopa"  gravityInfluence="0.0"> 
		<Controller type="AI" strategy="Roam"/>
		<Appearance size=".7,.7">
			<BaseImage spriteSheet="basics" spriteCoords="23,15" tint="150,255,150"/>
		</Appearance>
	</EntityType>
	
		<EntityType name="cliff">
		<Controller type="AI" strategy="Roam"/>
		<Appearance size="1.0,1.0">
			<BaseImage spriteSheet="basics" spriteCoords="0,0"/>
		</Appearance>
				<Trigger type="startOverlapWithEntity" ifOtherHasFlags="Player">
			<DamageOther value="100"/>
			<PlaySound value="Global/Audio/soft-zap"/>
		</Trigger>
	</EntityType>
	
<EntityType name="teleporter2" gravityInfluence="0.0">
		<Appearance size="1.0,1.0">
			<BaseImage spriteSheet="basics" spriteCoords="13,22"/>
		</Appearance>
		<Trigger type="startOverlapWithEntity" ifOtherHasFlags="Player">
				<TeleportOther value="Level1:6,22"/>
			</Trigger>
		</EntityType>


<EntityType name="teleporter1" gravityInfluence="0.0">
		<Appearance size="1.0,1.0">
			<BaseImage spriteSheet="basics" spriteCoords="14,18"/>
		</Appearance>
		<Trigger type="startOverlapWithEntity" ifOtherHasFlags="Player">
				<TeleportOther value="Level1CloudLand:1,21"/>
			</Trigger>
		</EntityType>

<EntityType name="teleporter3" gravityInfluence="0.0">
		<Appearance size="1.0,1.0">
			<BaseImage spriteSheet="basics" spriteCoords="13,22"/>
		</Appearance>
		<Trigger type="startOverlapWithEntity" ifOtherHasFlags="Player">
				<TeleportOther value="Level2:1,21"/>
			</Trigger>
		</EntityType>
		
		
		<EntityType name="teleporter4" gravityInfluence="0.0">
		<Appearance size="1.0,1.0">
			<BaseImage spriteSheet="basics" spriteCoords="13,22"/>
		</Appearance>
		<Trigger type="startOverlapWithEntity" ifOtherHasFlags="Player">
				<TeleportOther value="Level2:14,12"/>
			</Trigger>
		</EntityType>
		
		
	<EntityType name="teleporter5" gravityInfluence="0.0">
		<Appearance size="1.0,1.0">
			<BaseImage spriteSheet="basics" spriteCoords="13,22"/>
		</Appearance>
		<Trigger type="startOverlapWithEntity" ifOtherHasFlags="Player">
				<TeleportOther value="Level2:2,3"/>
		</Trigger>
	</EntityType>
		
	<EntityType name="teleporter6" gravityInfluence="0.0">
		<Appearance size="1.0,1.0">
			<BaseImage spriteSheet="basics" spriteCoords="13,22"/>
		</Appearance>
		<Trigger type="startOverlapWithEntity" ifOtherHasFlags="Player">
				<TeleportOther value="Level2:18,20"/>
		</Trigger>
	</EntityType>


	
	<EntityType name="Peach" gravityInfluence="0.6" jumpHeightMultiplier="1.5" maxVelocity2D="4,3" flags="Player">
		<Controller type="Player2"/>
		<Appearance size="0.8,0.8">
			<BaseImage spriteSheet="basics" spriteCoords="27,13" tint="255,255,255"/>
		</Appearance>
	</EntityType>

	<EntityType name="gumba" flags="enemy">
		<Controller type="AI" strategy="Roam"/>
		<Appearance size=".7,.7">
			<BaseImage spriteSheet="basics" spriteCoords="24,15" tint="150,255,150"/>
		</Appearance>
				<Trigger type="startOverlapWithEntity" ifOtherHasFlags="Player">
			<DamageOther value="100"/>
			<PlaySound value="Global/Audio/soft-zap"/>
		</Trigger>
	</EntityType>
	
<EntityType name="movinggumba" flags="enemy" maxVelocity2D="1,0" facing="left">
		<Controller type="AI" strategy="Roam"/>
		<Appearance size=".7,.7">
			<BaseImage spriteSheet="basics" spriteCoords="24,15" tint="150,255,150"/>
		</Appearance>
						<Trigger type="startOverlapWithEntity" ifOtherHasFlags="Player">
			<DamageOther value="100"/>
			<PlaySound value="Global/Audio/soft-zap"/>
		</Trigger>
  </EntityType>
	
	
<EntityType name="movinggumba2" flags="enemy" maxVelocity2D=".1,0" facing="left">
		<Controller type="AI" strategy="Roam"/>
		<Appearance size=".7,.7">
			<BaseImage spriteSheet="basics" spriteCoords="24,15" tint="150,255,150"/>
		</Appearance>
	</EntityType>	
	
		<EntityType name="coin2" gravityInfluence="0.0" >
		<Appearance size=".7,.7">
			<BaseImage spriteSheet="basics" spriteCoords="8,27" tint="255,0,0"/>
		</Appearance>
		<Trigger type="startOverlapWithEntity" ifOtherHasFlags="Player">
			<PlaySound value="Global/Audio/click"/>
			<DamageSelf value="100"/>
		</Trigger>
	</EntityType>
	
			<EntityType name="coin3" gravityInfluence="0.0" >
		<Appearance size=".7,.7">
			<BaseImage spriteSheet="basics" spriteCoords="8,27" tint="255,0,0"/>
		</Appearance>
		<Trigger type="startOverlapWithEntity" ifOtherHasFlags="Player">
			<PlaySound value="Global/Audio/click"/>
			<DamageSelf value="100"/>
		</Trigger>
		<Trigger type="died">
			<SpawnEntityAtSelf value="star"/>
		</Trigger>
	</EntityType>

	
			<EntityType name="bflag" gravityInfluence="0.0" >
		<Appearance size=".7,.7">
			<BaseImage spriteSheet="basics" spriteCoords="23,26" tint="255,0,0"/>
		</Appearance>
		<Trigger type="startOverlapWithEntity" ifOtherHasFlags="Player">
			<PlaySound value="Global/Audio/click"/>
			<DamageSelf value="100"/>
		</Trigger>
		<Trigger type="died">
			<SpawnEntityAtSelf value="flag"/>
		</Trigger>
	</EntityType>
	
		<EntityType name="flag">
		<Appearance size=".7,.7">
			<BaseImage spriteSheet="basics" spriteCoords="23,27"/>
		</Appearance>
	</EntityType>

	<EntityType name="coin">
		<Appearance size=".7,.7">
			<BaseImage spriteSheet="basics" spriteCoords="8,27"/>
		</Appearance>
		<Trigger type="startOverlapWithEntity" ifOtherHasFlags="Player">
			<PlaySound value="Global/Audio/click"/>
			<DamageSelf value="100"/>
		</Trigger>
	</EntityType>


	<EntityType name="coinSpawner">
		<Trigger type="event" event="SpawnAllCoinsNow">
			<SpawnEntityAtSelf value="coin2"/>
		</Trigger>
	</EntityType>
	
	
	<EntityType name="coinSpawner2">
		<Trigger type="event" event="SpawnAllCoinsNow">
			<SpawnEntityAtSelf value="coin3"/>
		</Trigger>
	</EntityType>
	
	
	<EntityType name="shell" maxVelocity2D="8,2" facing="right">
		<Appearance size=".7,.7">
			<BaseImage spriteSheet="basics" spriteCoords="31,4"/>
		</Appearance>
		<Properties>
			<IfBlocked value="die"/>
		</Properties>
		<Trigger type="startOverlapWithEntity" ifOtherHasFlags="Enemy">
			<DamageOther value="100"/>
			<DamageSelf value="20"/>
			<PlaySound value="Global/Audio/umph"/>
		</Trigger>
	</EntityType>
	
	
	<EntityType name="Giant Goblin" jumpHeightMultiplier="2.0">
		<Controller type="AI" strategy="Confused"/>
		<Appearance size="1.4,1.4">
			<BaseImage spriteSheet="basics" spriteCoords="19,15" tint="150,255,150"/>
			<OverlayImage spriteSheet="basics" spriteCoords="18,4" blendMode="alpha" tint="255,255,0"/>
		</Appearance>
		<Trigger type="age" ageInSeconds="2">
			<ChangeBaseSpriteTint value="255,0,0"/>
		</Trigger>
		<Trigger type="age" ageInSeconds="4">
			<ChangeBaseSpriteTint value="255,255,255"/>
		</Trigger>
		<Trigger type="age" ageInSeconds="6">
			<ChangeBaseSpriteCoords value="31,16"/>
		</Trigger>
		<Trigger type="age" ageInSeconds="8">
			<ChangeOverlaySpriteCoords value="18,7"/>
		</Trigger>
		<Trigger type="age" ageInSeconds="10">
			<ChangeOverlaySpriteTint value="150,255,255"/>
		</Trigger>
	</EntityType>

	
	<EntityType name="Confused Goblin">
		<Controller type="AI" strategy="Confused"/>
		<Appearance size=".7,.7">
			<BaseImage spriteSheet="basics" spriteCoords="19,15" tint="150,255,150"/>
		</Appearance>
	</EntityType>

	
	<EntityType name="Bullet" maxVelocity2D="10,10" gravityInfluence="0.0" flags="Projectile" fastInAirAcceleration="true">
		<Controller type="AI" strategy="Roam"/>
		<Trigger type="startOverlapWithEntity" ifOtherHasFlags="!Player">
			<DamageOther value="100"/>
			<DamageSelf value="100"/>
		</Trigger>
		<Trigger type="age" ageInSeconds="1">
			<DamageSelf value="100"/>
		</Trigger>
		<Properties>
			<IfBlocked value="die"/>
		</Properties>
		<Appearance size="0.20,0.20">
			<BaseImage spriteSheet="basics" spriteCoords="30,1" tint="255,255,255"/>
		</Appearance>
	</EntityType>
	
	
	<EntityType name="lever">
		<Appearance size="1.0,1.0">
			<BaseImage spriteSheet="basics" spriteCoords="3,7"/>
		</Appearance>
		<Trigger type="startOverlapWithEntity" ifOtherHasFlags="Player">
			<PlaySound value="Global/Audio/click"/>
			<DamageSelf value="100"/>
		</Trigger>
		<Trigger type="died">
			<FireEvent value="SpawnAllCoinsNow"/>
		</Trigger>
	</EntityType>
	
	
	
	<EntityType name="bb" gravityInfluence="0.0">
		<Appearance size="1.0,1.0">
			<BaseImage spriteSheet="basics" spriteCoords="30,30"/>
		</Appearance>
		<Trigger type="startOverlapWithEntity" ifOtherHasFlags="Player">
			<PlaySound value="Global/Audio/click"/>
			<DamageSelf value="100"/>
		</Trigger>
		<Trigger type="died">
			<SpawnEntityAtSelf value="flower"/>
		</Trigger>
	</EntityType>	
	
	
		<EntityType name="bb2" gravityInfluence="0.0">
		<Appearance size="1.0,1.0">
			<BaseImage spriteSheet="basics" spriteCoords="31,30"/>
		</Appearance>
		<Trigger type="startOverlapWithEntity" ifOtherHasFlags="Player">
			<PlaySound value="Global/Audio/click"/>
			<DamageSelf value="100"/>
		</Trigger>
		<Trigger type="died">
			<SpawnEntityAtSelf value="flower"/>
		</Trigger>
	</EntityType>	
	
	
	<EntityType name="flower" flags="Item">
		<Appearance size="0.70,0.70">
			<BaseImage spriteSheet="basics" spriteCoords="28,19"/>
		</Appearance>
		<Trigger type="startOverlapWithEntity" ifOtherHasFlags="Player,!HasFlower">
			<SetFlagsOnOther value="HasFlower"/>
			<FireEvent value="PlayerReceivedFlower"/>
			<PlaySound value="Global/Audio/digital2"/>
			<DamageSelf value="100"/>
		</Trigger>
	</EntityType>
	
	
	<EntityType name="FireBullet" facing="right" maxVelocity2D="10,10" gravityInfluence="0.0" flags="Projectile" fastInAirAcceleration="true">
		<Controller type="AI" strategy="Roam"/>
				<Properties>
			<IfBlocked value="turnAround"/>
		</Properties>
		<Trigger type="startOverlapWithEntity" ifOtherHasFlags="Enemy">
			<DamageOther value="100"/>
			<DamageSelf value="100"/>
		</Trigger>
		<Trigger type="startOverlapWithEntity" ifOtherHasFlags="Koopa">
			<DamageSelf value="100"/>
		</Trigger>
		<Trigger type="age" ageInSeconds="1">
			<DamageSelf value="100"/>
		</Trigger>
		<Properties>
			<IfBlocked value="die"/>
		</Properties>
		<Appearance size="0.4,0.4">
			<BaseImage spriteSheet="basics" spriteCoords="31,11" tint="255,255,255"/>
		</Appearance>
	</EntityType>
	
	
	<EntityType name="smasher" gravityInfluence="0.3" maxVelocity2D="0,4">
		<Controller type="AI" strategy="roam"/>
		<Appearance size=".7,.7">
			<BaseImage spriteSheet="basics" spriteCoords="30,21"/>
		</Appearance>
		<Trigger type="startOverlapWithEntity" ifOtherHasFlags="Player">
			<DamageOther value="100"/>
			<PlaySound value="Global/Audio/soft-zap"/>
		</Trigger>
		<Trigger type="event" event="RestartAllSmashers">
			<DamageSelf value="100"/>
		</Trigger>
    </EntityType>
	
	
	
	
		<EntityType name="smasher2" gravityInfluence="0.3" maxVelocity2D="0,4">
		<Controller type="AI" strategy="roam"/>
		<Appearance size=".7,.7">
			<BaseImage spriteSheet="basics" spriteCoords="30,21"/>
		</Appearance>
		<Trigger type="startOverlapWithEntity" ifOtherHasFlags="Player">
			<DamageOther value="100"/>
			<PlaySound value="Global/Audio/soft-zap"/>
		</Trigger>
		<Trigger type="event" event="smashers2">
			<DamageSelf value="100"/>
		</Trigger>
    </EntityType>
  
  
	<EntityType name="SmasherSpawner" gravityInfluence="0.0">
		<Trigger type="event" event="RestartAllSmashers">
			<SpawnEntityAtSelf value="smasher"/>
		</Trigger>
	</EntityType>
	
	<EntityType name="SmasherSpawner2" gravityInfluence="0.0">
		<Trigger type="event" event="smashers2">
			<SpawnEntityAtSelf value="smasher2"/>
		</Trigger>
	</EntityType>

	<EntityType name="SmasherTimer">
		<Trigger type="age" ageInSeconds="0.5">
			<FireEvent value="RestartAllSmashers"/>
		</Trigger>
				<Trigger type="age" ageInSeconds="0.1">
			<FireEvent value="smashers2"/>
		</Trigger>
		<Trigger type="age" ageInSeconds="1.8">
			<SetAgeOnSelf value="0"/>
		</Trigger>
	</EntityType>
	

</EntityTypes>
