﻿<?xml version="1.0" encoding="utf-8"?>
<TileMaterials>

<TileMaterial name="wood">
		<BaseImage spriteSheet="basics" spriteCoords="4,0"/>
	</TileMaterial>

<TileMaterial name="brick">
		<BaseImage spriteSheet="basics" spriteCoords="14,18"/>
	</TileMaterial>

	<TileMaterial name="invisible">
		<BaseImage spriteSheet="basics" spriteCoords="0,0"/>
	</TileMaterial>
	

	
	<TileMaterial name="star">
		<BaseImage spriteSheet="basics" spriteCoords="9,6"/>
	</TileMaterial>
	
	<TileMaterial name="cloud">
		<BaseImage spriteSheet="basics" spriteCoords="30,0"/>
	</TileMaterial>
	

<TileMaterial name="flag">
		<BaseImage spriteSheet="basics" spriteCoords="23,27"/>
	</TileMaterial>

<TileMaterial name="bflag">
		<BaseImage spriteSheet="basics" spriteCoords="23,26"/>
	</TileMaterial>

<TileMaterial name="pole">
		<BaseImage spriteSheet="basics" spriteCoords="5,28"/>
	</TileMaterial>
	
<TileMaterial name="coin">
		<BaseImage spriteSheet="basics" spriteCoords="8,27"/>
	</TileMaterial>

	<TileMaterial name="stone">
		<BaseImage spriteSheet="basics" spriteCoords="0,1"/>
	</TileMaterial>

	<TileMaterial name="koopa">
		<BaseImage spriteSheet="basics" spriteCoords="23,15" tint="150,255,150"/>
	</TileMaterial>	
	
	
	<TileMaterial name="grass_side">
		<BaseImage spriteSheet="basics" spriteCoords="3,0"/>
	</TileMaterial>

	<TileMaterial name="dirt">
		<BaseImage spriteSheet="basics" spriteCoords="2,0"/>
	</TileMaterial>

	<TileMaterial name="smooth">
		<BaseImage spriteSheet="basics" spriteCoords="6,0"/>
	</TileMaterial>

	<TileMaterial name="water">
		<BaseImage spriteSheet="basics" spriteCoords="13,12"/>
	</TileMaterial>


	<TileMaterial name="door">
		<BaseImage spriteSheet="basics" spriteCoords="0,16"/>
		<OverlayImage spriteSheet="basics" spriteCoords="14,23" blendMode="alpha"/>
		<TopImage spriteSheet="basics" spriteCoords="5,5" blendMode="alpha"/>
		<Properties>
			<BlocksAllEntities value="true"/>
		</Properties>
		<Trigger type="age" ageInSeconds="3">
			<ChangeOverlaySpriteCoords value="0,0"/>
			<ChangeBlocksAllEntities value="false"/>
		</Trigger>
	</TileMaterial>

	<TileMaterial name="ladder">
		<BaseImage spriteSheet="basics" spriteCoords="3,5"/>
		<Properties>
			<BlocksAllEntities value="false"/>
			<AllowsClimbing value="true"/>
		</Properties>
	</TileMaterial>

	<TileMaterial name="brick_wall_behind">
		<BaseImage spriteSheet="basics" spriteCoords="0,16"/>
		<Properties>
			<BlocksAllEntities value="false"/>
		</Properties>
	</TileMaterial>

</TileMaterials>
