﻿<?xml version="1.0" encoding="utf-8"?>
<Map numberOfTilesInViewVertically="12" maximumCoordinates="15,11" officialName="Zoo Boss Room" view="top" backgroundTint="0,0,0">
	<Tiles>
		<!-- This is the left wall -->
		<Tile position="0,0" tileMaterial="darkbrick"/>
		<Tile position="0,1" tileMaterial="darkbrick"/>
		<Tile position="0,2" tileMaterial="darkbrick"/>
		<Tile position="0,3" tileMaterial="darkbrick"/>
		<Tile position="0,4" tileMaterial="darkbrick"/>
		<Tile position="0,5" tileMaterial="darkbrick"/>
		<Tile position="0,6" tileMaterial="darkbrick"/>
		<Tile position="0,7" tileMaterial="darkbrick"/>
		<Tile position="0,8" tileMaterial="darkbrick"/>
		<Tile position="0,9" tileMaterial="darkbrick"/>
		<Tile position="0,10" tileMaterial="darkbrick"/>
		<Tile position="0,11" tileMaterial="darkbrick"/>

		<!-- This is the right wall -->
		<Tile position="15,0" tileMaterial="darkbrick"/>
		<Tile position="15,1" tileMaterial="darkbrick"/>
		<Tile position="15,2" tileMaterial="darkbrick"/>
		<Tile position="15,3" tileMaterial="darkbrick"/>
		<Tile position="15,4" tileMaterial="darkbrick"/>
		<Tile position="15,5" tileMaterial="darkbrick"/>
		<Tile position="15,6" tileMaterial="darkbrick"/>
		<Tile position="15,7" tileMaterial="darkbrick"/>
		<Tile position="15,8" tileMaterial="darkbrick"/>
		<Tile position="15,9" tileMaterial="darkbrick"/>
		<Tile position="15,10" tileMaterial="darkbrick"/>
		<Tile position="15,11" tileMaterial="darkbrick"/>

		<!-- This is the top wall -->
		<Tile position="1,0" tileMaterial="darkbrick"/>
		<Tile position="2,0" tileMaterial="darkbrick"/>
		<Tile position="3,0" tileMaterial="darkbrick"/>
		<Tile position="4,0" tileMaterial="darkbrick"/>
		<Tile position="5,0" tileMaterial="darkbrick"/>
		<Tile position="6,0" tileMaterial="darkbrick"/>
		<Tile position="7,0" tileMaterial="darkbrick"/>
		<Tile position="8,0" tileMaterial="darkbrick"/>
		<Tile position="9,0" tileMaterial="darkbrick"/>
		<Tile position="10,0" tileMaterial="darkbrick"/>
		<Tile position="11,0" tileMaterial="darkbrick"/>
		<Tile position="12,0" tileMaterial="darkbrick"/>
		<Tile position="13,0" tileMaterial="darkbrick"/>
		<Tile position="14,0" tileMaterial="darkbrick"/>

		<!-- This is the bottom wall -->
		<Tile position="1,11" tileMaterial="darkbrick"/>
		<Tile position="2,11" tileMaterial="darkbrick"/>
		<Tile position="3,11" tileMaterial="darkbrick"/>
		<Tile position="4,11" tileMaterial="darkbrick"/>
		<Tile position="5,11" tileMaterial="darkbrick"/>
		<Tile position="6,11" tileMaterial="darkbrick"/>
		<Tile position="7,11" tileMaterial="darkbrick"/>
		<Tile position="8,11" tileMaterial="openDoorRed"/>
		<Tile position="9,11" tileMaterial="darkbrick"/>
		<Tile position="10,11" tileMaterial="darkbrick"/>
		<Tile position="11,11" tileMaterial="darkbrick"/>
		<Tile position="12,11" tileMaterial="darkbrick"/>
		<Tile position="13,11" tileMaterial="darkbrick"/>
		<Tile position="14,11" tileMaterial="darkbrick"/>

		<!-- Hazards -->
		<Tile position="1,5" tileMaterial="lava"/>
		<Tile position="2,9" tileMaterial="water"/>
		<Tile position="3,6" tileMaterial="lava"/>
		<Tile position="4,4" tileMaterial="lava"/>
		<Tile position="5,2" tileMaterial="lava"/>
		<Tile position="6,7" tileMaterial="water"/>
		<Tile position="7,1" tileMaterial="lava"/>
		<Tile position="8,5" tileMaterial="lava"/>
		<Tile position="10,6" tileMaterial="lava"/>
		<Tile position="12,10" tileMaterial="water"/>
		<Tile position="13,10" tileMaterial="water"/>
		<Tile position="11,3" tileMaterial="lava"/>
		<Tile position="14,4" tileMaterial="lava"/>
	</Tiles>

	<CommandsOnLoad>
	</CommandsOnLoad>
	
	<Entities>
		<!-- Actors -->
		<Entity center="6,6" entityType="Hero"/>
		<Entity center="13,3" entityType="Skeleton"/>
		<Entity center="11,3" entityType="Skeleton"/>
		<Entity center="12,2" entityType="Skeleton"/>
		<Entity center="12,4" entityType="SkeletonWithGoldKey"/>
		<Entity center="12,3" entityType="Lich"/>

		<!-- Items -->

		<!-- Teleporters and destinations -->
		<Entity center="8,11" entityType="TeleporterToArenaTop"/>
		<Entity center="8,10" entityType="TeleporterDestination1"/>
	</Entities>
	
</Map>
