﻿<?xml version="1.0" encoding="utf-8"?>
<Map numberOfTilesInViewVertically="12" maximumCoordinates="15,11" officialName="Zoo Puzzle Room" view="top" backgroundTint="10,10,10">
	<Tiles>
		<!-- This is the left wall -->
		<Tile position="0,0" tileMaterial="darkstone"/>
		<Tile position="0,1" tileMaterial="darkstone"/>
		<Tile position="0,2" tileMaterial="darkstone"/>
		<Tile position="0,3" tileMaterial="darkstone"/>
		<Tile position="0,4" tileMaterial="darkstone"/>
		<Tile position="0,5" tileMaterial="darkstone"/>
		<Tile position="0,6" tileMaterial="darkstone"/>
		<Tile position="0,7" tileMaterial="darkstone"/>
		<Tile position="0,8" tileMaterial="darkstone"/>
		<Tile position="0,9" tileMaterial="darkstone"/>
		<Tile position="0,10" tileMaterial="darkstone"/>
		<Tile position="0,11" tileMaterial="darkstone"/>

		<!-- This is the right wall -->
		<Tile position="15,0" tileMaterial="darkstone"/>
		<Tile position="15,1" tileMaterial="darkstone"/>
		<Tile position="15,2" tileMaterial="darkstone"/>
		<Tile position="15,3" tileMaterial="darkstone"/>
		<Tile position="15,4" tileMaterial="darkstone"/>
		<Tile position="15,5" tileMaterial="darkstone"/>
		<Tile position="15,6" tileMaterial="darkstone"/>
		<Tile position="15,7" tileMaterial="darkstone"/>
		<Tile position="15,8" tileMaterial="darkstone"/>
		<Tile position="15,9" tileMaterial="darkstone"/>
		<Tile position="15,10" tileMaterial="darkstone"/>
		<Tile position="15,11" tileMaterial="darkstone"/>

		<!-- This is the top wall -->
		<Tile position="1,0" tileMaterial="darkstone"/>
		<Tile position="2,0" tileMaterial="darkstone"/>
		<Tile position="3,0" tileMaterial="darkstone"/>
		<Tile position="4,0" tileMaterial="darkstone"/>
		<Tile position="5,0" tileMaterial="darkstone"/>
		<Tile position="6,0" tileMaterial="darkstone"/>
		<Tile position="7,0" tileMaterial="darkstone"/>
		<Tile position="8,0" tileMaterial="darkstone"/>
		<Tile position="9,0" tileMaterial="darkstone"/>
		<Tile position="10,0" tileMaterial="darkstone"/>
		<Tile position="11,0" tileMaterial="darkstone"/>
		<Tile position="12,0" tileMaterial="darkstone"/>
		<Tile position="13,0" tileMaterial="darkstone"/>
		<Tile position="14,0" tileMaterial="darkstone"/>

		<!-- This is the bottom wall -->
		<Tile position="1,11" tileMaterial="darkstone"/>
		<Tile position="2,11" tileMaterial="darkstone"/>
		<Tile position="3,11" tileMaterial="darkstone"/>
		<Tile position="4,11" tileMaterial="darkstone"/>
		<Tile position="5,11" tileMaterial="darkstone"/>
		<Tile position="6,11" tileMaterial="darkstone"/>
		<Tile position="7,11" tileMaterial="darkstone"/>
		<Tile position="8,11" tileMaterial="openDoor"/>
		<Tile position="9,11" tileMaterial="darkstone"/>
		<Tile position="10,11" tileMaterial="darkstone"/>
		<Tile position="11,11" tileMaterial="darkstone"/>
		<Tile position="12,11" tileMaterial="darkstone"/>
		<Tile position="13,11" tileMaterial="darkstone"/>
		<Tile position="14,11" tileMaterial="darkstone"/>

		<!-- Puzzle elements -->
		<Tile position="4,8" tileMaterial="lockedDoorGreen"/>
		<Tile position="6,8" tileMaterial="lockedDoorGold"/>
		<Tile position="8,8" tileMaterial="lockedDoorRed"/>

		<Tile position="3,8" tileMaterial="darkstone"/>
		<Tile position="5,8" tileMaterial="darkstone"/>
		<Tile position="7,8" tileMaterial="darkstone"/>
		<Tile position="9,8" tileMaterial="darkstone"/>
		<Tile position="3,7" tileMaterial="darkstone"/>
		<Tile position="5,7" tileMaterial="darkstone"/>
		<Tile position="7,7" tileMaterial="darkstone"/>
		<Tile position="9,7" tileMaterial="darkstone"/>
		<Tile position="3,6" tileMaterial="darkstone"/>
		<Tile position="5,6" tileMaterial="darkstone"/>
		<Tile position="7,6" tileMaterial="darkstone"/>
		<Tile position="9,6" tileMaterial="darkstone"/>
		<Tile position="3,5" tileMaterial="darkstone"/>
		<Tile position="4,5" tileMaterial="darkstone"/>
		<Tile position="5,5" tileMaterial="darkstone"/>
		<Tile position="6,5" tileMaterial="darkstone"/>
		<Tile position="7,5" tileMaterial="darkstone"/>
		<Tile position="8,5" tileMaterial="darkstone"/>
		<Tile position="9,5" tileMaterial="darkstone"/>
	</Tiles>

	<CommandsOnLoad>
	</CommandsOnLoad>
	
	<Entities>
		<!-- Actors -->
		<Entity center="6,6" entityType="Hero"/>

		<!-- Items -->
		<Entity center="4,6" entityType="RedKey"/>
		<Entity center="6,6" entityType="FlamePower"/>
		<Entity center="8,6" entityType="LargeHeart"/>

		<!-- Teleporters and destinations -->
		<Entity center="8,11" entityType="TeleporterToStartRoomTop"/>
		<Entity center="8,10" entityType="TeleporterDestination1"/>
	</Entities>
	
</Map>
