﻿<?xml version="1.0" encoding="utf-8"?>
<Map numberOfTilesInViewVertically="12" maximumCoordinates="15,11" officialName="Zoo Start Room" view="top" backgroundTint="10,10,40">
	<Tiles>
		<!-- This is the left wall -->
		<Tile position="0,0" tileMaterial="cobblestone"/>
		<Tile position="0,1" tileMaterial="cobblestone"/>
		<Tile position="0,2" tileMaterial="cobblestone"/>
		<Tile position="0,3" tileMaterial="cobblestone"/>
		<Tile position="0,4" tileMaterial="cobblestone"/>
		<Tile position="0,5" tileMaterial="cobblestone"/>
		<Tile position="0,6" tileMaterial="cobblestone"/>
		<Tile position="0,7" tileMaterial="cobblestone"/>
		<Tile position="0,8" tileMaterial="cobblestone"/>
		<Tile position="0,9" tileMaterial="cobblestone"/>
		<Tile position="0,10" tileMaterial="cobblestone"/>
		<Tile position="0,11" tileMaterial="cobblestone"/>

		<!-- This is the right wall -->
		<Tile position="15,0" tileMaterial="cobblestone"/>
		<Tile position="15,1" tileMaterial="cobblestone"/>
		<Tile position="15,2" tileMaterial="cobblestone"/>
		<Tile position="15,3" tileMaterial="cobblestone"/>
		<Tile position="15,4" tileMaterial="cobblestone"/>
		<Tile position="15,5" tileMaterial="openDoor"/>
		<Tile position="15,6" tileMaterial="cobblestone"/>
		<Tile position="15,7" tileMaterial="cobblestone"/>
		<Tile position="15,8" tileMaterial="cobblestone"/>
		<Tile position="15,9" tileMaterial="cobblestone"/>
		<Tile position="15,10" tileMaterial="cobblestone"/>
		<Tile position="15,11" tileMaterial="cobblestone"/>

		<!-- This is the top wall -->
		<Tile position="1,0" tileMaterial="cobblestone"/>
		<Tile position="2,0" tileMaterial="cobblestone"/>
		<Tile position="3,0" tileMaterial="cobblestone"/>
		<Tile position="4,0" tileMaterial="cobblestone"/>
		<Tile position="5,0" tileMaterial="cobblestone"/>
		<Tile position="6,0" tileMaterial="cobblestone"/>
		<Tile position="7,0" tileMaterial="cobblestone"/>
		<Tile position="8,0" tileMaterial="openDoor"/>
		<Tile position="9,0" tileMaterial="cobblestone"/>
		<Tile position="10,0" tileMaterial="cobblestone"/>
		<Tile position="11,0" tileMaterial="cobblestone"/>
		<Tile position="12,0" tileMaterial="cobblestone"/>
		<Tile position="13,0" tileMaterial="cobblestone"/>
		<Tile position="14,0" tileMaterial="cobblestone"/>

		<!-- This is the bottom wall -->
		<Tile position="1,11" tileMaterial="cobblestone"/>
		<Tile position="2,11" tileMaterial="cobblestone"/>
		<Tile position="3,11" tileMaterial="cobblestone"/>
		<Tile position="4,11" tileMaterial="cobblestone"/>
		<Tile position="5,11" tileMaterial="cobblestone"/>
		<Tile position="6,11" tileMaterial="cobblestone"/>
		<Tile position="7,11" tileMaterial="cobblestone"/>
		<Tile position="8,11" tileMaterial="cobblestone"/>
		<Tile position="9,11" tileMaterial="cobblestone"/>
		<Tile position="10,11" tileMaterial="cobblestone"/>
		<Tile position="11,11" tileMaterial="cobblestone"/>
		<Tile position="12,11" tileMaterial="cobblestone"/>
		<Tile position="13,11" tileMaterial="cobblestone"/>
		<Tile position="14,11" tileMaterial="cobblestone"/>
	</Tiles>

	<CommandsOnLoad>
		<LoadSound value="Global/Audio/click"/>
		<LoadSound value="Global/Audio/cymbal"/>
		<LoadSound value="Global/Audio/digital1"/>
		<LoadSound value="Global/Audio/digital2"/>
		<LoadSound value="Global/Audio/digital3"/>
		<LoadSound value="Global/Audio/digital4"/>
		<LoadSound value="Global/Audio/digital5"/>
		<LoadSound value="Global/Audio/eagle"/>
		<LoadSound value="Global/Audio/electric-breath"/>
		<LoadSound value="Global/Audio/electric-purr"/>
		<LoadSound value="Global/Audio/energy"/>
		<LoadSound value="Global/Audio/fwup"/>
		<LoadSound value="Global/Audio/gong"/>
		<LoadSound value="Global/Audio/mystery1"/>
		<LoadSound value="Global/Audio/mystery2"/>
		<LoadSound value="Global/Audio/mystery3"/>
		<LoadSound value="Global/Audio/quick-electric-jazz"/>
		<LoadSound value="Global/Audio/reward"/>
		<LoadSound value="Global/Audio/soft-zap"/>
		<LoadSound value="Global/Audio/umph"/>
		<LoadSound value="Global/Audio/whirp"/>
		
		<!--
		<LoadSound value="Global/Audio/electric-chirp"/>
		<LoadSound value="Global/Audio/electric-gong"/>
		<LoadSound value="Global/Audio/large-bird"/>
		<LoadSound value="Global/Audio/mellow-electric-jazz"/>
		<LoadSound value="Global/Audio/owl"/>
		<LoadSound value="Global/Audio/revelation"/>
		<LoadSound value="Global/Audio/small-birds"/>
		<LoadSound value="Global/Audio/strange-bird"/>
		<LoadSound value="Global/Audio/swipe"/>
		<LoadSound value="Global/Audio/victory"/>
		<LoadSound value="Global/Audio/whale1"/>
		<LoadSound value="Global/Audio/whale2"/>
		<LoadSound value="Global/Audio/wolves"/>
		<LoadSound value="Global/Audio/woodpecker"/>
		-->
	</CommandsOnLoad>
	
	<Entities>
		<!-- Actors -->
		<Entity center="6,6" entityType="Hero"/>

		<!-- Items -->
		<Entity center="8,6" entityType="SmallHeart"/>
		<Entity center="10,6" entityType="SmallHeart"/>
		<Entity center="6,8" entityType="Bow"/>

		<!-- Teleporters and destinations -->
		<Entity center="15,5" entityType="TeleporterToArenaLeft"/>
		<Entity center="8,0" entityType="TeleporterToPuzzleRoomBottom"/>
		<Entity center="14,5" entityType="TeleporterDestination1"/>
	</Entities>
	
</Map>
