﻿<?xml version="1.0" encoding="utf-8"?>
<TileMaterials>

	<TileMaterial name="grass_side">
		<BaseImage spriteSheet="basics" spriteCoords="3,0"/>
	</TileMaterial>

	<TileMaterial name="dirt">
		<BaseImage spriteSheet="basics" spriteCoords="2,0"/>
	</TileMaterial>

	<TileMaterial name="stone">
		<BaseImage spriteSheet="basics" spriteCoords="6,0"/>
	</TileMaterial>

	<TileMaterial name="water">
		<BaseImage spriteSheet="basics" spriteCoords="13,12"/>
	</TileMaterial>

	<TileMaterial name="cloud">
		<BaseImage spriteSheet="basics" spriteCoords="30,0"/>
	</TileMaterial>

	<TileMaterial name="door">
		<BaseImage spriteSheet="basics" spriteCoords="27,2"/>
		<Properties>
			<BlocksAllEntities value="false"/>
		</Properties>
	</TileMaterial>

	<TileMaterial name="ladder">
		<BaseImage spriteSheet="basics" spriteCoords="3,5"/>
		<Properties>
			<BlocksAllEntities value="false"/>
			<AllowsClimbing value="true"/>
		</Properties>
	</TileMaterial>

	<TileMaterial name="art_skull">
		<BaseImage spriteSheet="basics" spriteCoords="0,16"/>
	</TileMaterial>

</TileMaterials>
