﻿<?xml version="1.0" encoding="utf-8"?>
<TileMaterials>

	<TileMaterial name="grass_side">
		<BaseImage spriteSheet="basics" spriteCoords="3,0"/>
	</TileMaterial>

	<TileMaterial name="dirt">
		<BaseImage spriteSheet="basics" spriteCoords="2,0"/>
	</TileMaterial>

	<TileMaterial name="stone">
		<BaseImage spriteSheet="basics" spriteCoords="6,0"/>
	</TileMaterial>

	<TileMaterial name="water">
		<BaseImage spriteSheet="basics" spriteCoords="13,12"/>
	</TileMaterial>

	<TileMaterial name="cloud">
		<BaseImage spriteSheet="basics" spriteCoords="30,0"/>
	</TileMaterial>

	<TileMaterial name="door">
		<BaseImage spriteSheet="basics" spriteCoords="0,16"/>
		<OverlayImage spriteSheet="basics" spriteCoords="14,23" blendMode="alpha"/>
		<TopImage spriteSheet="basics" spriteCoords="5,5" blendMode="alpha"/>
		<Properties>
			<BlocksAllEntities value="true"/>
		</Properties>
		<Trigger type="age" ageInSeconds="3">
			<ChangeOverlaySpriteCoords value="0,0"/>
			<ChangeBlocksAllEntities value="false"/>
		</Trigger>
	</TileMaterial>

	<TileMaterial name="ladder">
		<BaseImage spriteSheet="basics" spriteCoords="3,5"/>
		<Properties>
			<BlocksAllEntities value="false"/>
			<AllowsClimbing value="true"/>
		</Properties>
	</TileMaterial>

	<TileMaterial name="brick_wall_behind">
		<BaseImage spriteSheet="basics" spriteCoords="0,16"/>
		<Properties>
			<BlocksAllEntities value="false"/>
		</Properties>
	</TileMaterial>

</TileMaterials>
